transaction_amount,account_age_days,transaction_hour,previous_transactions,device_type,location_match,amount_vs_average,is_new_device,is_fraud
1875.83,1075,12,24,0,1,0.89,0,0
4753.82,480,11,14,0,1,9.25,0,0
3661.31,1043,0,37,1,1,0.5,0,0
2995.3,84,21,22,1,0,1.6,0,0
784.31,565,18,51,0,1,9.16,0,0
784.19,619,18,65,0,1,5.86,0,0
295.13,357,5,56,1,1,7.97,1,0
4331.55,816,12,56,1,1,0.26,1,1
3007.57,647,18,78,0,0,4.25,0,0
3541.82,443,12,51,0,0,9.85,1,0
107.82,1093,21,34,0,1,5.84,0,0
4849.7,523,20,73,1,1,8.51,0,0
4163.05,143,3,13,1,1,9.64,0,0
1065.63,192,23,90,1,1,6.88,0,0
913.22,378,1,13,1,1,3.34,0,0
921.11,581,14,98,2,1,3.16,0,0
1524.69,535,11,32,0,1,0.81,0,0
2626.16,1033,6,51,0,1,4.33,1,0
2162.57,93,19,0,0,1,9.16,1,0
1459.69,529,17,33,0,1,4.83,1,0
3061.21,405,22,18,1,1,9.12,0,0
701.77,840,12,23,1,0,8.19,0,1
1464.26,889,16,3,1,1,9.84,0,1
1834.98,422,3,35,0,1,9.48,0,0
2283.07,472,13,76,0,1,7.09,1,0
3926.95,893,19,57,0,1,8.73,0,0
1002.37,547,12,31,1,1,7.51,1,1
2573.6,631,2,8,0,1,7.06,0,1
2964.11,1038,17,79,0,0,7.18,0,0
237.02,778,13,66,0,1,7.24,0,0
3039.69,364,14,19,2,1,3.86,0,0
856.77,119,2,73,1,1,4.29,0,0
329.93,546,0,61,2,1,3.01,0,1
4744.68,522,23,57,1,0,1.57,0,1
4828.33,634,16,21,1,0,4.64,0,0
4042.94,963,2,66,0,1,9.01,0,0
1526.55,958,13,74,0,0,6.55,0,0
492.87,883,2,88,1,1,0.66,0,0
3422.74,780,12,47,1,0,8.13,0,0
2203.56,871,14,7,0,0,9.36,1,0
614.58,516,17,72,0,1,8.31,0,0
2478.41,938,13,14,1,1,7.3,0,0
176.77,866,20,31,0,0,1.59,0,0
4547.06,106,2,52,1,0,3.56,0,0
1297.61,214,18,66,0,1,5.7,0,0
3314.3,850,7,3,0,1,0.86,0,0
1562.0,197,3,29,0,1,1.15,0,0
2602.74,19,3,12,1,0,9.35,0,1
2735.82,642,18,20,1,1,7.06,0,0
928.35,1036,10,40,0,0,2.82,0,0
4848.08,330,0,18,1,1,3.34,0,0
3876.79,866,7,47,0,1,3.91,1,0
4697.8,774,14,85,0,1,0.84,0,0
4474.66,392,0,62,1,1,7.42,0,0
2991.51,637,6,19,0,0,1.85,0,0
4609.76,307,20,63,1,1,8.07,0,0
447.02,895,19,36,2,1,8.47,0,0
983.93,652,19,30,1,1,6.42,0,0
230.91,841,23,73,1,1,7.72,0,0
1630.03,1026,10,17,1,0,1.8,0,0
1946.44,520,13,19,0,1,5.8,0,0
1360.39,636,21,81,0,0,6.8,0,1
4144.54,740,15,10,0,1,6.65,0,0
1786.98,469,13,85,2,1,1.26,1,0
1408.27,212,11,43,0,0,3.51,1,0
2715.77,1032,16,81,0,0,3.32,0,0
708.92,804,13,63,2,1,5.77,0,0
4011.97,477,9,33,1,1,7.68,0,1
377.38,874,23,86,2,0,5.75,0,0
4934.5,460,13,64,1,0,7.57,0,1
3862.36,253,17,54,0,1,1.08,0,0
997.58,752,21,73,1,1,8.79,0,0
32.58,981,8,0,0,1,5.41,0,0
4078.23,854,16,37,0,1,0.47,1,1
3535.75,236,5,8,1,1,6.47,0,0
3646.39,478,7,94,1,0,5.22,0,0
3857.5,679,12,70,1,0,2.28,0,0
374.85,1044,17,16,2,1,7.67,1,0
1795.54,216,4,98,1,1,9.34,1,0
583.77,855,5,51,0,1,3.29,0,0
4316.2,135,20,17,1,1,4.99,0,1
3118.37,905,18,62,1,1,1.37,1,1
1657.84,410,3,32,2,1,9.31,0,0
322.47,86,6,3,0,1,3.26,0,0
1558.36,556,3,86,0,0,2.03,1,1
1629.29,378,10,74,1,1,4.84,1,0
3649.38,1075,11,51,0,0,0.53,0,0
3189.6,242,13,8,1,1,2.6,0,0
4436.63,920,12,63,0,1,0.77,0,1
2363.71,266,9,29,0,1,1.36,0,0
602.37,712,17,7,1,1,1.21,0,0
3567.66,70,15,4,0,1,8.74,0,0
3805.12,57,4,75,1,0,9.31,1,1
2808.58,39,7,62,0,1,4.8,0,0
3855.98,801,13,0,0,0,6.34,0,0
2471.51,1042,4,14,0,1,6.99,0,0
2616.05,732,23,88,1,1,3.97,0,0
2140.57,825,7,81,0,0,3.77,0,1
131.97,756,5,37,1,1,6.79,0,0
543.92,352,15,41,1,1,3.83,0,0
161.99,283,3,45,1,1,5.85,1,0
3183.87,110,11,52,1,1,5.2,0,1
1575.21,1017,10,25,0,1,5.29,0,0
2545.31,544,2,60,0,0,8.31,0,0
4538.29,25,11,66,1,1,7.07,0,0
1250.21,843,4,53,0,1,9.61,0,1
2054.86,791,5,21,1,0,7.93,0,0
3778.98,738,18,25,1,1,1.54,0,0
1147.85,57,17,82,0,1,7.41,0,1
389.51,180,15,59,1,1,6.69,0,0
1452.31,232,22,38,2,0,6.5,0,0
810.3,343,10,35,0,1,4.86,0,0
4648.84,477,4,20,1,0,0.72,0,0
4041.56,576,8,40,0,1,9.52,0,0
3168.85,455,2,47,1,1,8.53,0,0
4357.95,289,7,25,1,0,4.92,0,1
4019.34,258,5,62,1,0,1.67,1,0
936.92,530,3,76,1,1,8.26,1,0
4463.33,687,11,35,2,0,4.36,0,0
2699.01,929,11,23,1,0,3.96,0,0
4038.16,229,20,89,1,1,6.69,0,0
4480.98,596,15,20,1,1,7.61,0,1
1593.43,435,9,17,1,1,0.72,0,0
554.71,882,21,14,1,1,7.7,0,0
1143.54,1021,13,78,2,1,7.37,0,0
2138.4,402,12,5,1,1,5.93,0,0
4090.98,622,8,42,1,0,3.45,0,0
4304.35,88,6,30,0,1,1.73,0,0
39.73,584,11,27,1,1,1.12,0,0
2556.18,309,4,7,1,0,0.11,0,0
2089.97,906,17,28,1,1,2.14,0,0
1114.43,343,3,20,0,1,4.17,1,0
603.73,436,1,80,2,1,2.51,0,0
1691.39,177,2,87,0,1,3.16,0,0
4714.83,139,11,57,0,1,3.97,0,0
1619.4,194,2,59,1,1,3.15,0,0
2596.36,943,3,49,1,0,7.27,0,0
3516.58,525,5,99,0,1,4.97,0,0
1821.33,1066,11,30,1,0,0.29,1,0
4859.05,915,18,46,0,0,2.34,0,1
4812.42,210,9,33,0,1,7.13,0,0
1262.65,741,0,1,0,0,3.08,0,0
2488.76,862,16,66,1,0,9.21,1,0
1507.89,954,15,93,0,0,7.16,0,0
1427.78,833,8,71,0,1,2.97,0,0
189.25,140,20,51,1,0,5.21,0,0
3049.77,792,8,6,0,1,6.71,0,0
2515.88,546,22,75,1,0,2.01,0,0
262.14,1017,8,18,1,1,2.54,1,0
1396.84,57,11,89,1,1,5.12,0,0
4541.79,112,22,91,0,1,9.26,0,1
1201.61,5,8,14,1,1,3.51,0,0
728.75,1037,14,77,1,1,4.08,0,0
2449.82,90,1,47,0,1,1.99,0,0
4928.32,616,10,13,0,1,5.97,0,0
1214.07,891,10,2,0,0,7.43,0,0
3362.32,698,7,49,0,1,4.46,0,0
3809.29,898,22,92,2,1,7.53,0,0
1192.0,971,5,53,1,1,3.1,0,0
3642.44,668,20,5,0,1,7.1,1,0
1842.08,594,19,48,0,1,2.66,0,0
3163.37,589,6,22,2,1,7.83,0,1
3169.48,485,2,91,0,1,8.32,0,1
2681.19,982,7,77,1,1,8.0,0,0
456.0,972,17,77,0,1,2.23,0,0
4177.34,639,16,19,1,0,6.97,1,0
1607.3,997,10,76,1,1,5.43,1,0
936.66,282,1,90,0,1,9.86,0,0
208.67,986,20,59,0,1,3.68,0,0
2956.51,16,23,98,1,0,7.74,1,0
3389.43,936,18,44,2,0,3.76,0,1
87.86,254,6,60,0,1,4.03,1,0
2562.9,329,17,55,1,0,1.2,0,0
1136.35,544,7,1,0,1,2.47,0,0
3227.64,783,13,44,1,0,1.73,1,0
875.96,997,6,39,1,0,1.68,0,0
3456.23,845,20,23,0,1,0.19,0,0
1936.74,366,3,28,0,0,7.96,0,0
4683.97,655,16,66,0,1,4.73,1,1
691.92,760,4,67,1,1,8.06,0,0
1708.63,639,11,65,0,1,6.16,1,0
571.8,1064,8,83,0,1,8.33,0,0
4623.84,924,19,53,2,1,5.09,1,0
4387.31,416,12,52,0,1,1.03,0,0
1293.42,255,17,78,1,0,6.21,0,0
3301.62,710,19,48,0,0,6.81,1,0
4087.02,577,8,31,0,1,6.3,0,1
2778.23,900,3,60,0,1,8.03,1,0
2650.6,11,20,41,1,1,7.34,0,0
1213.05,26,7,0,1,0,4.38,0,0
470.05,957,0,62,1,1,8.21,0,0
4486.59,421,16,34,0,1,6.95,0,0
4502.59,496,8,50,0,1,1.29,0,0
3167.34,237,19,70,2,0,5.44,0,0
1698.45,1009,12,44,0,0,7.31,0,0
1749.3,219,1,76,0,0,5.58,0,0
3631.15,461,12,64,0,0,9.5,0,0
4486.07,663,8,13,1,1,1.1,1,0
4436.0,635,19,92,1,0,7.25,1,0
3900.48,990,5,2,0,1,8.26,0,0
3211.95,189,0,23,0,1,7.06,1,0
425.28,255,4,64,1,1,3.92,0,1
812.34,68,2,47,2,1,3.92,0,0
4493.28,616,3,9,0,1,5.91,0,1
3034.11,336,0,12,1,1,4.03,0,0
50.94,671,13,99,0,0,8.84,0,0
511.85,821,8,72,0,0,1.19,0,0
3319.19,874,23,13,0,0,6.43,1,0
30.28,300,3,99,0,0,1.43,0,0
808.24,357,17,9,0,1,5.45,0,0
2745.93,256,13,39,2,1,7.18,0,0
3461.02,1008,3,22,0,0,1.74,0,0
3261.55,353,9,98,0,1,7.07,0,0
1125.23,524,2,54,0,1,1.49,0,0
3562.34,950,22,62,1,1,6.24,0,0
1190.06,756,6,70,2,0,5.1,0,0
1630.37,284,9,41,0,0,3.05,1,0
3733.72,99,12,98,0,1,1.2,0,0
3249.92,197,3,65,0,0,7.38,1,1
4246.87,482,17,78,0,1,3.88,0,0
3289.78,878,10,72,0,1,0.96,1,0
2843.7,615,3,46,1,1,7.75,0,0
472.91,618,23,80,1,1,2.41,0,0
1841.74,368,13,51,1,0,7.39,0,0
1329.69,570,17,17,0,1,5.69,0,0
1223.73,590,7,78,0,0,2.03,1,0
4865.19,1066,9,17,1,1,0.86,0,0
1968.52,422,4,23,1,0,5.97,1,1
4460.77,836,22,22,0,1,0.35,0,0
3157.54,545,6,11,1,0,0.75,0,0
3975.08,71,11,22,0,1,7.05,0,0
2515.67,768,2,20,0,1,5.43,0,0
2886.63,307,3,63,0,1,3.33,1,0
2465.13,377,9,89,2,0,5.44,0,0
980.24,655,3,71,0,1,5.96,1,0
3613.65,678,14,93,2,1,5.7,0,0
1407.46,399,9,33,0,1,6.46,1,1
126.46,221,20,1,0,1,9.41,0,0
3229.13,182,21,68,1,1,3.95,0,0
889.67,307,15,30,0,0,3.08,0,0
4702.59,522,14,96,0,1,0.48,1,0
4769.87,1014,18,67,0,1,1.56,1,0
4574.75,4,19,69,1,1,1.15,0,0
1853.94,863,18,86,1,1,3.42,0,0
82.21,848,17,18,0,1,6.14,0,0
4641.95,804,11,71,0,1,0.56,0,0
2143.78,215,15,12,1,0,7.3,1,1
4833.44,972,0,64,0,1,4.03,0,0
4818.28,101,15,5,0,0,9.64,0,0
4265.78,963,1,70,0,1,5.73,0,0
1475.77,573,23,26,1,1,7.74,0,0
1928.56,658,14,78,0,1,8.63,1,0
4256.43,939,6,51,1,1,8.9,0,0
1588.03,1087,0,97,1,1,5.23,0,0
851.62,226,4,86,2,0,4.03,0,0
2786.22,105,9,47,1,0,5.65,0,0
4681.09,772,21,87,0,1,4.08,0,0
3481.67,429,20,78,1,0,2.48,0,1
2852.46,434,3,98,2,0,3.31,0,0
490.4,1052,13,67,0,1,2.4,0,0
3076.96,682,12,43,0,0,2.77,0,0
4950.32,588,0,16,0,0,1.03,0,1
704.72,1093,15,94,1,0,4.32,0,0
2594.06,866,22,37,0,1,2.43,0,0
4387.48,746,8,9,0,0,4.54,0,0
3705.14,864,21,53,1,1,7.94,0,0
3486.59,368,15,90,1,0,4.54,0,0
3513.91,251,18,5,0,1,9.55,0,0
1800.66,859,14,5,1,1,1.56,1,1
1471.49,856,13,51,1,1,8.52,0,0
4047.76,561,19,14,0,1,2.56,0,0
4051.52,294,9,67,1,1,9.35,0,1
4336.03,919,20,56,1,1,2.35,0,0
4566.64,433,11,55,2,1,7.49,1,1
2559.16,59,0,6,1,1,0.71,1,1
2510.07,969,20,50,2,1,6.34,0,0
3992.48,836,16,57,0,1,2.26,0,0
3251.57,199,8,63,0,1,6.73,0,1
3511.32,215,22,25,0,0,6.39,1,0
3979.98,898,18,57,0,1,9.24,0,0
4450.58,472,17,30,1,1,6.3,0,0
1693.29,247,6,65,0,1,4.14,0,0
1881.04,382,8,91,0,1,2.02,0,0
474.44,991,21,12,0,0,6.61,0,0
2893.51,927,20,17,0,1,1.25,1,1
184.53,560,11,93,0,1,8.3,0,1
2330.66,1075,6,74,0,0,2.55,1,0
2715.51,689,13,12,1,1,5.29,1,0
1436.27,380,14,23,0,1,6.0,1,0
2956.21,474,14,56,1,0,3.69,0,0
157.35,697,5,28,1,0,6.67,0,0
191.55,911,20,55,1,0,2.58,0,0
4113.89,960,13,53,0,1,0.44,1,0
1804.15,478,1,4,2,1,9.6,0,0
639.67,1004,7,34,1,0,3.27,0,0
2613.61,926,12,18,0,1,7.16,0,0
3851.12,707,22,54,0,0,5.12,0,0
1083.03,854,5,76,0,1,6.72,0,0
3116.34,1017,4,68,1,0,1.2,0,1
431.31,754,4,43,1,1,5.24,0,0
263.15,503,0,77,0,1,3.98,0,0
2659.12,817,8,37,0,1,4.57,0,0
2705.47,588,5,61,1,0,9.67,0,0
3188.96,708,19,21,1,0,1.45,0,0
3631.83,1068,6,72,1,1,7.57,0,0
4879.38,207,8,39,1,0,3.37,0,0
2583.92,151,4,25,1,1,2.97,1,0
1618.17,668,13,4,1,1,2.78,0,0
3976.96,528,4,92,0,1,3.55,0,1
1357.81,165,7,53,0,1,3.64,0,0
2197.66,917,6,85,1,1,2.78,0,0
396.89,1010,12,48,0,1,6.71,0,0
131.63,37,12,2,0,1,0.57,0,0
4813.43,333,7,91,1,1,3.39,0,0
4180.72,403,10,37,1,1,2.87,0,0
3481.39,414,17,13,1,0,7.54,1,1
2047.72,45,18,46,0,1,1.55,0,0
870.61,206,5,13,2,0,9.41,0,0
786.4,62,21,74,0,1,1.79,0,0
1254.96,420,1,72,1,0,3.76,0,0
2748.39,868,12,37,0,1,2.08,0,0
3574.41,820,22,63,0,1,2.94,0,0
3302.69,19,10,43,0,1,7.63,0,0
1403.27,365,0,69,1,1,4.82,0,0
4774.55,1031,23,64,0,0,1.71,0,1
3690.8,428,1,24,1,1,0.56,0,0
2774.0,580,16,15,0,1,2.38,0,0
3060.55,546,7,14,0,1,9.46,0,0
2100.9,325,1,97,1,1,8.47,0,0
1242.42,55,5,80,2,1,4.46,0,0
1783.08,778,21,2,0,1,4.87,1,0
3790.44,992,4,66,1,1,9.0,0,0
76.9,42,15,36,2,0,5.95,1,0
584.78,231,7,80,1,1,8.82,1,0
234.78,453,18,54,1,1,4.97,0,0
208.44,394,15,37,0,0,2.08,0,0
4278.03,691,12,62,0,1,7.29,0,0
3519.77,392,19,0,0,0,5.31,0,0
2373.5,604,6,70,0,0,6.72,1,0
493.68,881,15,89,1,1,1.66,0,1
2460.62,85,22,18,0,1,6.51,0,0
2369.99,1054,15,51,0,0,3.88,0,0
870.14,49,11,29,2,1,3.39,0,0
2172.09,69,13,54,1,1,6.75,1,0
1995.53,1082,23,13,2,0,5.96,1,0
3081.17,697,17,12,1,1,6.53,0,0
3177.29,479,17,83,0,1,9.66,0,0
231.29,820,15,89,1,1,7.04,0,0
1876.19,147,19,26,1,0,6.44,0,1
3131.17,1016,15,88,0,1,6.17,1,0
2518.17,609,12,8,0,0,4.05,0,0
4283.17,446,8,40,0,0,8.41,0,1
3295.17,221,8,47,1,1,3.87,0,0
818.86,95,12,11,0,0,7.03,0,1
357.49,262,3,9,1,0,3.0,0,0
3213.88,897,8,5,0,1,1.56,0,0
137.42,219,14,33,0,1,1.38,0,0
2930.95,92,13,51,0,0,6.38,0,1
4701.45,127,18,40,0,1,3.35,0,1
2879.49,80,11,82,0,0,2.82,0,0
1943.91,983,20,5,0,1,5.96,0,0
3218.22,916,5,1,0,0,0.35,1,0
2293.97,486,2,14,2,1,2.54,1,0
2730.36,694,21,16,1,1,3.47,0,0
4707.62,25,19,15,1,0,7.11,0,1
1933.58,156,15,27,2,1,5.5,0,1
4806.15,632,19,84,2,1,8.57,0,0
4527.23,1081,23,71,1,1,3.41,1,0
982.98,19,22,9,0,1,3.03,0,0
351.46,237,16,9,1,1,0.43,0,0
508.39,277,15,9,1,1,9.52,0,0
96.02,745,5,72,1,1,5.06,0,1
476.74,552,7,27,1,1,5.07,1,0
3416.62,639,18,23,0,1,9.24,1,0
360.59,237,1,18,2,1,2.97,0,0
1598.28,998,13,96,0,1,3.39,0,0
4225.15,55,21,67,0,1,6.6,0,0
121.24,684,11,55,0,1,7.87,0,1
4073.27,109,16,66,0,0,7.02,0,0
1412.86,373,14,41,0,1,7.91,0,0
595.23,973,17,11,0,1,5.79,1,0
3485.2,201,15,17,2,1,8.64,0,0
3146.57,849,12,22,0,1,5.55,0,0
4387.97,509,20,83,1,1,2.37,0,0
3676.68,275,16,5,1,1,5.46,0,0
4018.39,211,7,52,1,1,7.16,1,0
1413.76,504,0,97,0,1,6.57,0,0
891.31,703,2,41,1,0,2.51,1,1
3754.32,42,15,65,0,1,0.51,0,0
4035.14,315,1,29,0,1,2.6,1,0
4952.57,788,14,8,1,1,9.84,0,1
2066.03,329,0,90,2,1,1.93,0,1
1863.23,1041,8,41,1,1,4.7,0,0
3883.18,283,15,33,0,0,6.42,0,0
1707.31,943,3,39,0,1,8.81,0,0
4654.13,258,11,87,0,0,7.63,0,0
4292.77,575,0,16,1,1,9.1,0,0
2147.83,574,0,28,0,0,6.08,1,0
3755.6,612,6,99,1,1,8.67,0,0
3773.94,1043,17,49,0,1,2.71,1,0
520.1,837,22,75,0,0,4.36,0,1
4513.25,423,22,94,0,1,8.45,0,0
2528.74,758,14,48,0,0,3.32,0,0
4133.16,763,12,72,1,0,8.73,1,0
1603.65,424,15,60,2,1,3.69,0,1
4478.14,429,6,82,0,1,3.7,0,1
1949.06,204,15,45,0,0,3.16,0,0
59.13,196,12,45,2,1,5.51,0,0
4527.38,728,13,16,1,1,1.38,1,0
460.98,285,16,65,2,0,0.46,0,0
1599.97,196,11,4,0,1,8.98,0,0
4750.56,307,23,53,0,1,9.3,0,0
4753.28,14,23,15,0,1,0.85,0,0
2869.32,1081,19,80,0,1,5.54,0,0
3161.03,723,12,90,1,1,5.44,0,0
2244.99,780,23,6,0,1,3.79,0,0
1469.59,529,19,7,1,1,5.73,0,0
1646.68,798,14,71,0,1,4.64,0,0
3364.23,344,23,86,1,0,4.95,0,0
3763.11,209,20,95,0,1,7.58,1,1
3958.94,641,3,81,0,1,5.31,0,0
3949.14,252,21,37,1,1,3.3,0,0
460.57,271,1,53,0,1,5.86,0,0
2474.63,920,17,75,0,1,6.44,0,0
292.51,419,1,14,0,0,6.66,0,0
2749.9,795,14,91,1,1,6.22,0,0
2210.44,725,18,49,1,0,6.68,1,1
4439.08,433,14,55,1,1,3.17,0,1
1757.82,109,19,94,2,1,4.52,0,0
589.75,641,9,8,2,0,6.72,0,1
719.24,1071,23,7,1,1,7.57,0,0
3808.75,379,19,18,1,1,4.4,0,0
3093.0,958,10,50,1,1,3.72,0,1
510.11,103,9,71,0,0,7.19,0,0
425.11,892,22,97,2,1,2.3,0,0
3506.34,854,4,56,1,1,0.19,1,1
368.45,1051,8,67,0,1,4.76,0,0
4110.19,530,19,30,0,1,1.82,0,0
3532.68,679,18,2,0,1,3.84,0,0
411.34,989,12,98,0,1,2.98,0,0
428.76,428,17,82,0,1,7.79,0,0
4933.26,822,16,42,0,1,3.38,1,1
1874.48,932,5,28,0,1,6.44,0,0
1856.36,1062,9,9,1,1,6.77,0,0
4064.93,511,1,11,0,1,4.62,1,0
4736.51,393,23,45,0,1,0.9,0,0
4930.08,713,5,29,0,1,7.03,0,0
3768.12,494,20,93,1,1,0.84,0,1
1884.42,547,12,81,0,1,1.08,0,0
422.09,594,17,87,0,0,2.04,0,0
3886.85,389,6,31,1,1,2.88,1,0
2794.23,158,1,72,0,0,8.48,0,0
2123.99,1028,13,46,0,0,6.78,0,0
4532.24,167,4,87,0,0,3.93,0,0
560.43,960,17,62,1,1,9.79,0,0
2465.66,409,10,25,1,1,2.51,0,0
61.71,194,9,2,1,0,6.14,0,0
2345.96,235,10,22,0,1,8.49,0,0
286.23,718,1,74,1,0,8.04,1,0
598.5,816,14,73,0,1,0.99,0,0
592.04,404,6,49,0,1,7.0,0,0
3247.81,893,8,35,0,0,2.65,0,0
3731.49,678,4,12,1,0,3.62,0,0
2918.93,68,6,28,0,1,4.94,0,0
4811.05,88,19,37,1,1,7.93,0,0
1877.48,217,1,76,1,0,1.75,0,0
1432.13,1,2,89,0,1,1.17,0,0
4343.65,140,1,83,0,1,1.62,0,0
1121.86,618,20,4,0,1,2.26,1,0
4816.3,133,21,19,0,1,0.69,0,0
65.71,178,22,77,0,1,9.27,0,0
4849.54,810,18,13,2,1,3.26,0,0
220.58,380,3,7,0,1,1.85,0,0
4456.26,908,23,47,1,1,6.41,0,0
2640.87,658,19,12,0,0,7.89,0,0
4964.86,450,6,23,1,1,7.56,0,0
373.61,586,21,78,1,0,7.22,0,1
2771.5,463,6,64,1,0,0.6,0,0
4846.67,990,16,85,2,1,7.84,1,1
2617.87,122,18,33,0,1,5.07,0,0
3148.85,17,21,50,0,0,6.53,0,1
3480.26,327,15,2,1,1,9.57,0,0
2275.43,318,2,89,1,1,8.13,0,0
3139.65,809,14,77,1,1,8.27,0,0
2923.65,503,13,57,0,0,1.9,0,0
4506.28,119,14,71,0,1,4.82,0,0
232.0,710,13,54,0,1,9.5,0,0
1408.41,45,6,79,1,1,5.87,1,1
4752.31,314,2,41,2,1,1.12,0,0
4451.87,418,16,20,1,1,7.35,1,0
2281.01,556,9,9,1,1,0.52,0,0
3102.56,326,14,56,1,1,7.45,0,0
1390.52,515,5,24,1,1,8.81,0,0
944.67,214,16,55,0,1,4.31,0,0
2321.17,74,16,37,1,0,4.19,1,0
1769.99,509,13,85,0,1,3.11,0,0
2920.36,332,23,60,1,1,8.78,0,0
393.28,688,17,46,0,0,5.52,0,0
4872.1,657,4,53,1,1,5.83,0,0
4931.12,1028,7,45,1,1,6.65,0,0
3492.32,600,6,67,1,1,3.07,0,0
2682.8,1076,22,3,1,0,4.38,0,0
1551.09,325,3,93,1,1,7.44,1,1
4069.91,992,17,65,1,1,9.86,0,0
3425.23,717,4,92,0,1,0.44,0,0
817.27,723,15,42,1,0,0.52,0,0
4555.08,277,13,61,0,1,4.34,0,0
4113.57,536,18,99,1,1,6.63,0,1
4749.25,152,13,84,1,1,3.93,0,0
3629.97,955,8,84,1,0,10.0,0,0
3069.01,259,5,84,1,1,2.03,0,0
2094.12,324,16,3,1,1,0.18,0,0
4663.98,1017,18,64,1,0,1.98,0,0
4330.99,869,11,61,0,0,8.88,0,1
230.87,688,3,89,2,0,1.54,0,0
136.7,310,15,1,1,0,4.84,1,0
1885.43,803,10,8,0,1,4.25,1,0
4053.71,1080,21,56,1,1,6.69,1,0
4936.44,620,3,44,1,0,0.64,0,0
756.33,473,16,17,2,1,6.62,0,0
2972.68,461,7,47,1,1,3.61,0,0
1907.55,814,13,41,0,0,9.27,0,0
4849.72,846,1,40,0,1,8.5,0,1
4211.38,667,10,74,1,0,4.06,0,0
4192.45,262,10,88,1,1,9.93,0,0
2346.12,355,23,89,1,0,0.61,0,0
2077.02,770,21,57,0,1,7.91,0,0
1370.67,180,23,99,1,0,4.39,1,1
286.6,66,5,41,1,1,4.39,0,0
4324.29,820,20,34,0,1,1.78,1,0
4065.44,171,20,37,0,1,5.2,0,0
4998.59,474,13,66,0,1,0.94,0,0
4983.2,534,9,40,0,0,6.2,0,0
2779.38,439,7,98,0,1,2.49,0,0
3846.09,835,6,49,0,1,7.28,0,0
4724.1,227,7,85,1,1,6.11,0,0
4248.99,442,7,71,0,0,7.49,0,0
1240.5,396,22,78,0,0,7.52,0,0
2255.47,728,1,44,0,1,2.05,0,0
650.15,84,15,70,0,0,0.11,0,0
4770.48,1037,8,18,1,1,3.72,0,0
3032.84,693,12,16,0,0,9.2,0,0
1147.07,493,22,64,1,1,5.82,1,0
3360.14,970,11,92,1,1,7.3,0,0
3092.55,353,21,76,0,0,8.81,0,0
1794.02,1081,16,55,1,1,9.07,0,0
572.22,40,1,92,1,1,5.34,0,0
3359.51,640,12,40,0,1,5.46,0,1
2603.94,173,0,41,1,1,8.52,0,0
3862.73,259,18,5,1,0,8.09,0,0
2603.22,517,10,68,1,0,7.02,0,0
4261.65,730,4,97,0,1,6.08,1,1
2761.77,523,0,74,2,1,6.21,0,0
2806.89,839,19,72,0,1,3.69,0,0
4383.88,117,12,39,0,0,8.43,0,0
2020.4,184,7,40,0,1,6.22,0,0
674.41,162,5,8,1,1,2.31,1,0
148.77,543,16,7,1,0,2.47,0,1
3776.91,839,11,43,0,1,8.63,0,0
3103.45,1090,0,57,0,1,6.29,1,1
3521.88,1094,2,66,1,1,4.05,0,1
1068.76,447,13,12,2,1,1.95,0,0
686.18,416,7,18,0,1,6.14,0,0
77.65,532,10,97,1,0,1.92,0,0
1756.18,441,13,95,0,1,4.75,1,1
2951.64,738,7,48,1,0,6.81,1,0
1964.26,464,2,79,1,1,5.7,0,0
2190.19,396,6,99,0,1,9.23,1,0
4521.27,711,18,81,1,1,0.49,0,0
1744.54,395,3,77,2,1,2.87,0,0
2572.38,326,15,29,0,1,0.67,0,0
3919.35,750,12,65,0,0,2.03,0,1
1985.73,1094,19,76,0,0,1.33,0,0
3112.32,642,18,90,0,1,7.35,0,0
4312.51,214,4,58,1,1,3.76,0,0
4747.86,369,22,52,0,1,9.26,1,0
739.63,49,4,51,1,1,0.33,1,0
4633.31,1076,19,80,0,1,6.56,0,0
2463.12,133,23,30,2,0,9.71,0,0
1294.93,999,3,14,0,1,1.84,1,0
2298.38,786,1,19,0,1,4.48,0,0
4900.26,373,12,4,0,1,7.05,1,0
2465.63,479,15,6,1,1,6.37,0,1
1647.11,832,21,17,0,0,5.7,0,1
3168.84,650,1,55,0,1,3.33,0,0
1204.53,682,18,74,1,1,7.31,0,0
383.94,688,16,95,1,0,6.57,0,0
648.75,82,4,90,1,1,1.71,0,0
644.59,87,17,89,0,1,9.64,0,1
763.75,225,22,44,0,1,5.6,0,0
698.44,16,20,27,1,1,5.3,0,0
3206.17,822,17,49,0,1,8.5,1,0
913.49,163,7,1,0,0,6.44,0,1
1731.61,514,14,83,0,0,0.84,0,0
4484.46,350,12,67,2,1,5.12,1,0
2372.44,681,12,76,0,0,7.83,0,0
3339.45,181,15,23,1,1,7.03,0,0
865.74,743,21,47,0,1,9.71,0,0
965.48,660,19,44,1,1,0.35,0,0
209.14,493,12,92,1,1,2.69,0,0
848.83,923,19,57,0,0,5.54,0,1
1396.56,128,1,35,0,1,6.23,0,1
889.17,565,2,1,1,1,2.82,0,0
448.07,550,14,17,0,1,8.29,0,0
607.58,453,22,48,1,1,1.73,0,0
2306.59,471,18,7,1,0,0.11,0,0
1035.64,988,12,57,1,1,9.53,0,0
1824.53,738,4,14,0,1,3.98,0,1
2519.57,224,21,16,0,1,9.58,0,0
3453.52,154,5,22,1,1,2.85,0,0
201.36,560,13,65,0,0,0.73,0,0
3998.05,351,3,69,2,1,7.75,1,0
3141.36,349,21,92,2,0,8.37,0,0
413.39,182,18,26,0,1,4.97,0,0
4368.53,637,22,36,0,1,0.83,0,0
4604.76,1018,6,48,0,1,6.58,1,0
310.08,179,3,63,2,0,1.9,1,0
1388.0,1063,1,33,0,1,8.51,1,0
4031.98,772,6,17,0,1,2.81,1,1
3742.56,894,2,63,1,1,8.49,0,1
926.68,1027,14,73,0,0,4.33,0,0
1050.7,1016,0,43,0,1,6.01,0,0
1855.51,64,1,16,0,0,7.92,0,1
2425.19,29,9,58,1,1,0.5,0,0
3093.18,372,15,12,0,1,8.23,0,0
1847.72,97,14,51,1,1,1.47,0,0
2315.36,993,23,59,1,0,3.65,0,0
3738.62,21,14,41,1,1,4.78,0,0
188.23,735,13,90,1,0,8.96,0,1
1265.92,1070,21,63,0,1,0.32,1,1
3568.18,66,13,65,0,1,5.64,0,0
4476.56,603,5,33,0,1,6.46,0,1
2560.83,338,13,94,1,0,3.23,0,0
2662.91,123,16,86,0,0,2.98,1,0
540.32,447,17,70,0,1,4.96,0,0
2239.82,611,19,63,0,1,1.95,0,0
2665.42,671,18,32,0,1,4.73,0,0
1216.14,615,16,11,1,0,7.67,0,0
1349.87,897,15,75,1,0,8.47,0,0
1889.53,281,7,18,0,1,3.91,0,0
105.26,1067,6,8,1,1,6.21,0,0
1613.79,596,19,73,0,1,0.1,0,0
1061.18,703,11,16,1,1,5.55,0,0
1640.85,1075,8,49,1,1,9.75,1,0
603.21,210,13,38,0,1,3.19,0,0
4453.18,126,19,40,0,0,5.99,0,0
2969.99,492,0,9,1,1,7.65,0,0
3397.12,960,9,11,2,1,6.13,0,0
3946.91,970,16,78,1,1,4.24,0,0
2494.72,581,16,94,1,1,1.61,0,0
439.17,777,16,14,1,1,4.69,1,0
2687.85,258,3,27,1,1,3.02,0,0
2936.27,230,16,3,1,1,6.99,1,0
3728.47,189,17,35,0,1,4.47,0,0
2161.14,10,19,64,1,1,8.51,1,0
642.26,676,22,97,1,1,2.01,0,0
1422.46,502,1,46,1,0,4.24,0,0
1818.6,85,7,80,0,0,5.62,0,0
3231.36,49,12,38,0,1,1.35,0,0
2856.04,838,22,37,1,1,5.92,0,0
1783.7,1008,21,43,1,1,2.98,0,0
4932.64,689,19,50,2,1,2.37,0,0
3030.85,387,21,96,0,1,1.5,0,1
1189.95,970,14,84,0,0,3.56,0,0
513.4,1006,19,25,0,1,9.3,1,0
768.53,218,22,35,1,0,0.41,0,0
1233.56,1005,8,68,0,1,8.54,0,0
807.6,255,2,96,2,1,4.03,0,0
936.9,236,2,0,0,1,5.66,1,0
1429.05,1050,1,52,1,0,5.18,0,0
871.0,271,0,5,1,1,9.26,0,0
4484.34,123,13,36,1,1,7.72,0,0
405.77,656,16,1,0,1,9.85,0,0
2624.93,259,12,68,1,0,7.96,0,0
2054.93,948,18,89,0,1,3.03,0,0
4911.98,47,22,40,0,1,9.63,0,0
564.63,863,14,50,0,1,9.84,0,0
1992.29,525,13,46,1,0,1.32,0,0
4847.5,888,1,12,0,0,9.02,0,0
4328.21,208,6,75,2,1,6.68,1,0
4086.27,747,16,68,0,1,9.23,0,0
1293.22,149,17,65,0,1,9.17,0,0
858.58,438,5,58,0,1,8.92,1,0
3344.87,155,20,67,1,0,8.86,0,1
4647.23,358,7,58,0,0,1.26,0,1
2786.03,456,1,90,1,0,1.52,0,0
2860.21,776,0,9,1,1,1.27,0,0
1403.5,629,15,12,2,1,1.0,1,0
3848.62,832,6,1,0,0,3.6,0,1
939.28,486,21,89,0,0,6.87,0,0
1621.78,533,23,14,1,1,3.61,1,0
2130.06,200,10,45,1,1,7.23,0,0
2540.51,371,14,56,0,1,8.22,1,0
1215.84,1014,12,9,1,1,6.7,0,0
578.61,853,23,21,0,1,4.7,0,0
3055.05,248,1,88,1,0,3.03,0,0
1446.71,788,13,78,0,0,1.33,0,0
2908.28,264,23,76,0,0,4.99,0,0
776.04,1082,5,7,0,0,7.22,0,0
2408.29,31,8,20,1,1,5.53,0,0
2665.28,605,6,84,2,1,7.24,0,0
263.86,502,17,21,0,0,3.42,0,0
1686.34,886,23,96,1,1,0.76,0,0
676.4,549,8,44,1,1,7.73,0,0
321.56,839,22,90,1,1,2.28,0,0
4949.85,848,3,39,0,1,6.2,0,1
1615.16,614,8,21,1,1,8.06,1,0
4050.32,412,3,29,0,0,1.48,0,0
1276.93,432,11,61,0,1,6.03,0,0
3409.11,678,3,72,1,1,6.92,0,0
3802.34,159,23,44,1,1,7.49,0,0
2980.22,14,19,34,1,1,1.56,0,0
2360.52,373,13,81,2,1,8.27,0,0
2062.15,225,23,41,1,1,1.03,0,0
1747.6,511,23,4,0,1,5.24,0,0
4648.0,603,6,26,0,1,4.49,1,1
4153.94,216,12,69,1,1,2.3,0,0
4825.31,988,21,61,2,1,3.09,0,0
625.86,840,7,31,2,1,1.73,0,0
3655.68,727,22,7,1,0,4.31,0,0
4692.01,554,4,84,1,1,0.45,0,0
910.26,1066,11,17,1,1,8.9,0,0
337.15,676,12,77,0,0,1.72,0,0
3706.9,873,19,14,0,1,8.87,0,0
2874.49,283,13,25,1,1,8.65,0,0
4209.93,1082,17,52,1,1,4.57,0,0
703.16,834,23,43,2,0,5.03,0,0
3977.36,537,19,31,0,1,3.09,0,0
1012.13,923,3,27,1,0,9.97,0,0
822.46,842,20,38,1,1,6.74,0,0
825.51,948,17,31,1,1,9.52,0,0
4073.8,665,6,76,0,1,4.21,0,0
3327.66,67,14,78,1,1,8.84,0,1
2617.71,6,20,17,1,0,4.54,0,0
1797.36,637,5,69,1,1,8.68,1,0
4386.62,314,15,10,1,1,1.4,1,0
1965.26,565,19,31,1,0,6.4,0,0
4083.91,826,23,19,0,1,6.82,0,0
2198.48,506,7,96,0,1,6.6,0,0
1887.84,1026,20,39,1,1,4.53,0,0
2316.09,204,15,7,0,0,6.87,0,0
1510.38,662,21,34,2,1,2.47,0,0
3739.31,805,15,68,0,1,6.0,0,0
2516.09,404,2,98,0,0,5.59,0,0
1164.9,536,16,77,1,0,3.25,0,0
4498.37,577,8,20,0,0,7.81,0,1
1922.54,763,2,23,1,1,0.9,0,0
2720.05,117,19,16,1,1,1.8,0,0
4532.83,628,6,17,0,1,4.76,0,0
3123.07,749,17,97,2,0,8.93,0,0
588.91,105,11,11,0,1,5.79,1,0
4699.46,495,18,15,1,1,8.44,1,0
3140.4,46,15,3,0,0,5.22,0,1
1677.85,823,21,88,0,1,7.88,0,0
700.66,982,23,33,1,0,3.33,0,0
3971.16,960,16,91,1,1,8.17,0,0
3102.26,845,19,45,0,1,4.08,0,0
2669.64,449,14,74,1,1,5.63,0,0
4469.99,536,0,76,1,1,1.84,1,0
3944.04,511,1,30,1,1,9.21,0,0
762.62,540,7,24,0,0,7.04,0,0
1562.05,16,21,73,1,1,8.6,0,0
1246.2,243,1,23,1,1,2.16,0,0
3721.01,912,18,64,1,1,0.77,1,0
172.49,761,8,24,2,0,3.44,0,0
2851.6,705,8,27,0,0,5.22,0,0
3813.48,115,12,35,0,1,8.04,0,0
4384.44,397,5,81,0,0,4.04,0,0
1713.7,394,14,5,0,0,2.77,0,0
4107.18,978,18,65,0,1,3.79,1,1
557.61,297,20,66,1,1,7.07,0,0
4233.03,1002,14,71,0,1,3.43,1,0
641.81,178,17,94,0,1,9.79,0,0
1989.45,967,6,47,0,1,1.83,0,0
3987.49,315,10,82,0,0,7.56,1,0
753.84,1063,7,69,0,1,5.93,1,0
1150.11,259,5,77,1,1,2.41,1,1
3612.65,7,7,66,0,1,7.56,0,0
3601.58,49,1,47,2,1,4.53,0,0
3207.53,161,18,64,0,0,6.86,0,0
3471.27,176,15,43,2,0,6.66,0,0
2715.91,1026,6,93,0,1,1.2,0,0
1262.74,1001,9,62,1,1,8.42,0,0
1731.75,455,11,45,1,0,6.85,0,0
912.08,276,16,18,1,0,7.83,0,0
4542.71,498,6,63,1,1,4.53,0,0
2919.04,676,21,82,2,1,2.03,0,0
2007.25,1052,7,72,1,1,3.33,1,1
2312.72,1025,6,70,1,0,9.02,0,0
4736.68,56,3,49,1,1,9.39,0,0
770.99,547,2,62,1,1,4.87,0,0
2933.22,36,18,40,1,1,3.06,1,0
2531.91,439,14,6,0,0,7.33,1,1
3059.21,595,3,8,1,1,7.68,0,0
95.46,307,8,3,0,1,8.17,0,0
4361.26,619,12,88,1,0,0.41,0,0
4660.93,357,17,48,0,0,0.2,0,1
2827.84,181,20,75,0,1,3.64,0,0
3484.77,68,15,5,1,1,1.61,0,0
4612.88,292,0,81,1,1,8.07,0,0
3537.66,692,3,20,0,1,5.38,0,0
766.93,181,17,14,0,1,8.27,0,0
2883.56,434,7,66,0,0,1.85,0,0
3035.54,914,19,65,1,1,6.31,1,0
2123.53,66,15,55,0,1,5.84,0,0
3683.54,1045,20,67,1,1,3.47,0,0
4672.16,384,10,31,1,0,5.22,0,0
4628.21,39,19,65,2,0,5.93,0,0
2256.94,822,20,28,0,1,8.91,1,0
570.62,602,20,65,0,0,0.65,0,0
4924.28,785,20,33,1,0,8.25,1,1
4195.3,671,18,26,1,0,9.8,1,0
627.69,479,22,59,0,0,7.34,0,1
4604.61,561,18,38,1,1,7.4,0,0
4350.13,101,17,43,0,1,2.26,1,0
2596.6,514,18,81,0,0,5.28,1,0
2958.42,176,10,35,0,1,7.09,1,0
1998.02,238,2,18,1,1,6.06,1,0
278.53,910,7,90,0,1,3.91,0,0
1679.31,1083,19,44,0,1,9.41,0,0
4015.25,871,18,83,0,1,5.19,0,1
28.14,495,9,20,1,0,9.7,0,0
1670.83,947,15,22,1,1,5.68,0,0
1993.85,755,4,93,0,1,7.95,0,1
2689.29,211,19,88,0,1,7.45,0,0
4599.68,140,8,94,0,1,6.64,1,0
1735.0,541,7,26,1,1,0.24,0,0
1738.03,270,10,97,0,1,0.87,0,0
3688.82,1036,15,71,1,1,5.86,0,0
2263.83,506,6,18,0,1,9.13,0,0
1126.9,32,14,40,0,0,6.05,0,1
2264.94,1093,23,25,0,0,2.44,1,0
708.58,813,20,27,1,1,3.27,0,0
886.05,362,19,63,1,0,6.27,0,0
2494.35,929,22,67,2,1,6.01,0,0
2097.53,100,16,94,0,1,9.56,0,0
4574.66,9,5,79,0,1,5.34,0,0
1815.16,697,14,50,1,1,3.61,0,0
2905.04,1053,7,73,1,1,5.3,0,0
3163.16,462,6,47,1,0,7.88,0,0
70.41,921,1,9,0,1,5.45,0,0
3319.37,390,12,72,0,1,3.33,0,1
894.29,632,22,38,0,1,3.45,0,0
4805.55,682,5,99,1,1,7.59,1,1
747.57,157,4,99,1,1,0.76,0,0
2076.05,335,19,18,1,1,2.82,0,0
431.32,260,0,63,0,1,1.62,0,0
4984.39,82,17,18,1,1,9.45,0,0
2513.46,754,14,75,0,1,0.99,0,0
2978.95,720,22,61,0,0,7.61,0,0
340.05,75,9,12,2,1,6.34,0,0
3751.05,626,2,24,1,1,6.36,1,1
1053.48,62,4,99,1,1,7.66,0,0
4490.78,874,23,88,1,0,4.06,0,0
1029.67,320,12,91,0,1,4.07,0,0
957.49,102,7,41,1,1,2.96,0,0
187.57,874,21,38,1,1,6.02,0,1
2362.97,954,20,29,0,1,9.31,1,0
2826.38,255,1,4,1,0,9.25,1,0
333.21,570,8,80,1,1,7.06,0,0
3878.76,112,16,17,0,1,9.07,1,0
2269.18,985,17,20,0,1,9.64,0,0
2624.33,998,12,85,0,1,7.97,0,0
2206.61,461,0,49,1,0,4.14,0,0
2006.81,708,11,5,1,1,4.88,0,0
2800.4,887,19,49,1,1,9.32,0,0
780.43,1076,19,79,0,0,6.73,1,1
913.73,520,20,65,1,1,8.22,0,0
4309.62,812,4,0,1,1,1.25,1,0
4730.85,236,7,56,0,1,2.02,0,0
1869.68,927,14,29,1,1,3.51,0,0
1357.37,557,2,57,1,1,1.96,0,0
3221.78,649,5,51,0,1,9.07,0,0
2046.63,234,12,36,0,1,2.25,1,0
131.8,1056,11,47,1,0,5.62,0,0
784.98,579,18,86,1,1,0.95,0,0
3581.28,542,17,0,1,1,1.63,0,0
3296.33,114,23,18,1,0,2.55,0,0
140.34,204,0,45,0,1,9.83,0,1
1113.75,1053,6,66,0,1,7.99,0,0
1159.22,643,11,1,1,1,6.77,0,0
3361.1,474,9,55,0,0,9.17,0,0
103.45,697,11,16,1,1,9.57,1,0
525.02,253,10,91,0,1,4.59,1,0
4000.58,905,3,81,0,1,3.34,0,0
896.83,386,18,96,0,1,3.22,0,0
3265.47,62,5,78,0,1,0.45,0,0
1194.72,515,8,21,1,0,2.87,1,1
501.71,430,19,26,0,1,3.61,0,0
1219.65,580,9,54,2,0,0.47,0,0
3612.72,743,4,31,1,1,8.84,0,0
4279.2,675,12,59,0,0,8.49,0,0
4151.95,311,8,82,0,1,2.59,0,0
1988.93,471,1,27,1,1,8.05,1,0
3342.09,809,17,27,0,1,7.98,0,0
1028.9,172,20,73,2,1,3.42,0,0
1469.27,576,0,83,1,0,7.0,0,0
4482.2,31,23,24,0,1,2.97,1,0
69.94,47,20,84,1,1,0.8,0,1
432.12,130,11,77,0,1,5.1,0,0
1043.39,352,9,85,0,0,4.44,1,0
137.53,978,1,25,2,0,1.47,0,0
911.27,58,8,74,0,1,4.96,0,0
2917.29,812,1,70,1,1,9.5,0,1
2110.02,768,22,16,2,1,7.34,0,0
4463.9,683,23,81,0,0,7.41,0,1
4088.13,997,21,6,0,1,7.6,1,0
1712.38,286,13,55,0,1,7.47,0,0
1300.82,886,10,63,0,0,0.3,0,0
1901.56,397,22,19,0,1,9.25,0,0
2953.52,26,10,37,1,1,8.32,0,0
1343.98,313,16,74,1,1,2.82,0,0
3122.62,126,3,57,1,0,5.57,0,0
2050.01,811,12,15,0,1,6.19,1,1
2762.48,188,6,50,1,0,1.41,0,0
2183.45,698,15,26,1,1,2.61,0,0
1475.86,810,0,50,0,1,0.33,0,0
4742.52,716,12,74,0,1,8.65,0,0
3819.21,450,0,15,0,0,0.35,0,0
704.87,523,10,86,2,1,3.26,0,0
4343.0,986,5,59,1,0,0.87,0,0
2439.72,658,19,75,1,1,7.84,0,0
4473.29,597,2,39,1,0,9.26,1,0
4000.28,100,11,66,1,1,5.67,0,0
2128.94,616,4,1,0,1,1.48,1,1
117.23,948,8,47,1,0,5.63,0,1
1347.04,556,11,51,1,1,7.73,0,0
2710.46,278,9,23,0,1,7.21,0,0
3169.22,491,18,92,2,1,7.44,1,0
1293.15,255,4,97,0,0,2.86,0,0
701.08,381,4,83,0,1,0.83,0,0
4175.48,892,8,81,1,0,1.57,0,1
4922.09,542,19,77,1,1,9.56,0,0
2630.82,825,16,81,0,1,6.17,0,0
862.54,879,9,1,1,1,7.31,0,0
1365.18,281,20,64,0,1,9.0,0,0
96.86,773,0,19,1,1,8.54,0,0
4571.92,843,21,33,0,0,2.26,0,1
593.17,719,15,40,0,1,0.67,0,0
2884.7,328,14,40,0,1,9.26,0,0
1373.91,211,22,74,0,1,9.82,0,0
2773.12,727,16,90,0,0,5.72,0,0
3258.84,923,19,22,1,1,8.9,0,0
4149.56,552,12,37,0,1,2.39,0,0
1036.07,26,0,43,0,1,1.2,1,0
59.92,27,7,66,0,1,5.05,0,0
688.74,702,4,61,0,1,8.13,0,0
4500.59,682,5,11,0,1,6.58,1,1
4370.08,413,22,29,0,1,6.41,0,0
2989.08,167,19,94,0,1,0.27,0,0
3004.58,169,13,86,0,0,3.24,0,0
3326.86,229,21,64,1,1,9.4,0,0
880.98,367,22,40,1,1,1.43,0,0
4572.49,528,10,19,0,1,7.29,0,0
2096.76,791,5,5,0,1,7.62,0,0
1918.78,524,10,74,0,0,7.36,0,0
2596.99,106,12,98,0,1,9.89,0,0
239.6,732,11,3,0,1,4.15,0,0
835.59,965,21,92,1,1,6.85,0,0
3691.48,133,1,9,0,1,2.02,0,0
418.58,534,20,50,2,0,4.06,0,0
3017.74,975,2,92,0,0,4.97,1,0
1230.52,269,22,37,1,1,2.23,0,0
1949.53,673,3,0,1,0,9.08,1,0
1447.03,791,16,7,0,0,7.19,0,0
1781.59,18,21,80,0,1,2.91,0,0
3596.63,117,5,82,1,1,1.44,0,0
1489.12,798,6,62,1,0,2.95,0,0
2834.19,551,14,32,0,0,6.27,0,0
2382.87,929,10,14,0,1,8.28,0,0
3320.04,753,23,30,0,0,5.08,1,0
4684.46,422,2,20,0,1,1.11,1,0
3664.2,646,5,2,2,1,2.57,0,0
1078.63,558,1,65,1,1,3.52,0,1
160.76,50,13,34,0,1,6.4,0,0
1315.01,678,8,40,0,0,2.54,0,0
2977.41,106,17,58,0,0,2.42,0,0
261.87,658,18,15,1,1,2.93,0,0
2484.35,988,11,55,2,1,5.97,0,0
2986.23,842,12,44,0,1,4.98,0,0
1674.55,446,11,58,0,0,8.43,0,0
3855.71,70,11,49,2,1,7.01,0,0
537.46,150,17,84,0,1,6.7,1,0
380.31,774,8,11,0,1,1.63,1,0
3642.3,944,16,91,0,0,0.65,0,0
2479.98,455,20,11,0,1,5.15,0,0
3443.57,946,15,32,0,0,0.81,0,0
2176.96,601,16,83,2,1,3.7,0,0
1235.78,653,20,48,1,1,0.36,0,0
4096.42,725,23,20,0,1,1.85,0,1
3998.08,233,7,59,0,1,1.19,0,0
3475.01,251,10,51,1,1,8.03,0,0
1364.36,79,23,53,0,0,3.53,0,0
2953.2,1076,1,38,0,0,0.88,0,0
1808.06,898,7,48,0,0,2.73,0,0
462.45,921,11,63,1,0,6.86,1,0
4586.98,781,20,99,0,0,7.48,0,1
688.41,226,0,85,0,1,1.29,0,0
4751.44,1075,22,25,0,1,7.81,0,0
2232.8,1058,12,70,0,0,3.77,0,0
929.74,803,21,6,2,0,6.83,0,0
2711.8,742,20,71,1,1,6.75,0,0
4365.36,131,16,61,0,1,7.96,0,0
3662.46,1023,13,89,0,0,7.0,0,0
4033.77,632,13,87,1,1,0.48,0,0
3295.62,838,15,23,0,1,5.24,0,0
3462.92,759,16,39,1,1,1.75,1,0
4246.73,704,5,75,1,1,9.7,0,0
1252.09,497,6,46,0,1,2.63,0,0
2449.68,323,0,7,2,0,4.26,0,0
1109.94,615,14,53,0,0,2.05,0,0
4938.4,329,19,8,0,1,1.43,0,0
4720.58,133,20,2,1,1,6.05,0,0
201.94,835,17,53,1,1,4.98,0,0
3529.35,651,12,20,1,0,3.81,0,1
4626.62,121,23,94,1,1,0.95,0,0
906.97,606,1,47,0,1,7.39,0,0
2841.89,965,18,46,0,1,0.16,0,0
4577.86,129,14,87,0,1,4.63,0,0
174.56,29,11,67,1,1,6.36,0,0
3488.61,722,14,83,0,1,4.36,0,0
1490.26,333,17,62,0,1,1.35,0,0
4622.36,944,13,15,2,1,7.8,0,0
4855.44,1048,5,73,0,0,3.31,0,0
4721.61,356,11,89,0,1,1.43,0,0
2373.7,139,19,92,0,0,5.55,0,0
4310.9,29,22,4,0,1,0.29,0,1
4223.52,931,5,10,0,1,3.31,1,0
1598.91,496,8,28,0,0,7.53,0,0
4145.43,1014,3,78,0,0,9.14,1,1
189.85,655,16,69,0,1,5.96,0,0
2983.37,828,1,47,0,1,2.25,0,0
1153.89,351,15,14,0,0,2.28,0,0
607.23,554,23,83,0,0,6.08,0,0
389.38,299,13,33,0,1,4.13,0,0
3482.96,64,7,59,0,1,1.85,0,0
1702.68,755,13,61,1,1,7.9,0,0
3625.21,770,1,1,1,1,2.08,1,0
331.45,834,15,79,0,1,3.28,0,0
1579.88,166,3,18,0,0,0.71,0,0
2699.76,506,0,97,1,1,7.04,1,0
3954.66,793,22,48,1,1,2.83,0,1
1597.17,833,19,77,2,0,2.41,1,0
3131.33,858,13,87,0,1,3.1,0,0
4430.46,806,7,27,1,1,8.75,1,0
3081.24,761,2,47,1,1,5.23,1,1
1168.63,833,4,95,0,1,1.66,1,0
126.88,283,5,36,0,1,7.77,0,0
4351.14,379,21,73,0,1,2.16,1,0
111.24,198,7,48,0,1,4.18,0,0
4374.13,1015,5,47,0,1,5.72,0,0
2647.04,1024,5,72,1,1,5.89,0,0
4695.64,556,3,87,0,1,0.78,0,1
3994.92,356,6,99,0,1,8.38,0,1
4989.68,1041,23,28,1,0,4.85,0,0
1756.81,639,18,59,0,0,9.89,1,1
3837.11,379,6,28,0,1,7.2,0,0
2012.64,680,2,57,0,1,9.93,1,1
2401.98,506,7,47,0,0,4.59,1,0
3139.39,899,0,22,0,0,1.49,0,0
4369.02,76,0,26,1,1,7.3,0,1
4920.5,231,13,94,0,1,7.8,0,0
3842.53,962,5,6,1,1,8.54,0,0
2091.75,302,9,48,0,0,3.08,0,0
2109.68,726,13,53,2,1,5.16,0,1
3689.22,215,3,67,1,1,8.59,0,0
1197.69,69,5,77,2,0,8.66,0,0
556.82,393,15,41,0,1,0.35,0,0
1776.34,267,20,73,1,1,6.74,0,0
1439.76,1093,0,58,1,0,6.06,0,0
1485.06,611,5,43,1,1,0.93,0,0
1171.87,1009,8,97,0,1,9.31,0,0
215.26,962,14,25,0,0,4.51,1,1
94.28,728,11,22,0,0,6.78,0,1
4938.67,673,2,72,0,0,8.84,0,1
2141.73,423,10,7,1,1,1.39,0,0
1924.71,115,14,52,1,0,8.57,1,0
3399.84,220,2,13,1,1,7.27,0,0
1095.18,31,13,70,0,1,8.41,0,0
4750.06,617,1,6,0,1,5.0,0,0
3932.79,539,3,8,0,1,0.43,0,0
451.61,739,18,2,0,1,6.74,0,0
2090.82,1026,11,77,1,1,3.81,0,0
4396.2,871,1,16,0,1,4.08,0,0
4723.94,101,16,43,1,1,4.47,0,0
2339.67,1082,2,85,0,1,4.98,0,1
3068.99,692,9,45,1,1,6.65,0,0
839.33,941,15,89,0,1,7.3,0,0
4955.89,341,21,57,0,1,7.79,1,0
1162.2,861,8,27,0,1,6.75,1,1
4713.95,1044,10,13,0,1,8.05,0,0
3249.99,38,20,8,1,1,1.31,0,0
3040.65,660,14,25,1,0,8.38,1,0
2565.88,928,2,1,0,1,3.93,0,0
1157.2,1050,15,74,0,0,5.33,0,0
886.76,454,20,80,1,0,4.39,0,0
1106.33,737,20,33,0,1,4.81,0,0
936.26,819,20,18,0,1,2.93,0,0
3899.02,773,11,38,1,1,1.78,0,0
1753.88,13,22,81,0,1,1.14,0,0
293.92,915,4,12,1,0,4.57,1,0
4845.67,921,6,4,1,1,1.34,1,1
4419.51,825,8,49,1,1,2.53,0,1
4639.12,371,20,22,1,0,1.42,0,0
4974.56,332,17,87,0,1,1.18,0,0
873.61,261,20,28,0,1,8.84,1,1
1984.23,697,7,71,2,1,6.77,0,0
3792.4,687,11,25,0,1,9.25,0,1
3481.62,950,19,78,1,1,6.48,0,0
773.71,387,1,56,1,1,8.46,0,0
4080.09,821,9,0,1,1,5.6,0,1
1126.08,468,18,27,0,1,4.68,0,0
1122.97,69,8,61,0,1,5.33,0,0
2687.19,200,23,46,0,1,3.27,0,0
2966.73,216,7,77,0,0,6.61,0,0
2902.53,212,23,97,2,1,8.98,0,1
461.98,508,23,58,1,1,7.85,0,0
4387.92,16,23,30,1,1,4.67,0,0
1331.67,884,0,69,0,1,9.54,0,0
651.93,332,5,48,0,1,9.86,0,0
4444.3,717,11,4,0,1,4.98,0,0
4778.48,551,23,30,0,1,8.66,0,0
4311.33,942,18,36,0,1,0.15,0,0
4048.53,256,16,78,0,1,0.76,1,0
3277.93,992,1,14,0,1,0.32,0,1
2756.53,728,10,51,0,1,7.75,0,0
439.5,880,17,68,2,1,0.89,0,0
2045.22,815,22,91,0,1,0.27,0,0
1866.58,649,21,96,1,0,1.56,0,0
1302.47,1000,10,10,0,0,3.13,0,0
3618.48,471,17,42,0,1,4.7,0,0
2481.9,690,7,69,0,1,0.75,0,0
409.83,700,14,22,1,1,5.04,0,0
1104.82,507,8,39,0,1,2.56,1,0
3417.88,992,14,62,0,1,2.82,0,0
385.27,1010,6,1,1,1,8.24,0,1
4256.78,804,19,78,0,0,9.87,0,0
2478.26,831,12,86,0,1,4.69,0,0
2405.53,214,12,85,0,1,3.29,0,0
2964.08,169,0,72,0,1,9.32,1,0
4124.28,978,19,46,1,1,5.05,1,1
1742.31,146,3,29,1,0,7.33,0,0
3391.69,516,23,15,0,1,4.2,0,0
2830.83,453,3,58,0,0,2.11,0,1
1338.81,60,3,46,1,1,6.58,0,0
4393.76,528,12,29,0,1,6.68,0,0
3988.14,1024,1,8,1,1,4.66,0,0
3293.97,474,22,64,0,1,2.77,0,0
4253.66,757,14,58,1,1,8.33,0,0
4337.13,782,3,63,2,0,2.83,0,0
3543.27,433,5,7,1,1,6.62,0,0
4185.88,401,2,51,0,1,3.9,0,1
3488.87,57,6,17,1,0,4.78,1,0
3402.3,1003,5,90,1,1,2.19,0,0
3094.96,186,2,81,1,1,6.53,0,0
3764.82,398,3,95,0,1,2.34,0,1
797.23,605,9,57,1,1,4.91,0,0
4404.95,788,20,48,0,1,3.35,0,0
4359.86,158,8,31,0,0,9.64,0,0
151.09,589,5,47,1,0,9.82,0,0
4129.95,466,19,44,0,1,7.56,0,0
648.7,446,10,53,1,1,9.84,0,0
1678.92,801,6,99,1,0,1.22,1,0
3718.82,929,17,99,2,0,9.92,0,1
808.0,17,3,84,1,1,1.13,1,0
4090.75,731,4,45,0,1,4.21,0,1
4161.51,326,3,95,0,1,2.47,0,0
2539.8,995,3,30,0,0,9.54,0,0
36.9,613,12,36,0,1,6.39,0,0
1438.76,546,15,15,0,1,6.01,0,1
3086.55,596,13,45,1,1,9.97,0,0
4906.02,921,10,45,0,1,6.16,1,0
3160.91,842,1,77,0,0,6.5,0,0
1302.72,344,21,87,1,1,0.54,0,0
3171.86,859,13,88,0,1,8.6,0,1
2702.23,445,23,60,0,1,9.7,0,0
3900.33,222,23,45,0,0,9.61,0,0
539.37,592,6,50,1,1,2.29,0,0
3806.33,1031,10,61,1,1,2.34,0,0
2708.63,1018,3,34,1,0,3.72,0,0
4815.15,16,6,80,0,1,3.17,0,0
1712.65,524,15,41,1,1,3.13,0,0
3164.95,803,5,44,1,1,6.09,0,0
4660.48,21,5,67,0,0,8.08,0,0
517.04,228,1,74,0,1,9.37,0,0
4686.46,1008,23,46,1,0,0.77,1,1
3440.99,809,7,78,0,0,2.85,0,0
343.85,404,6,29,1,1,2.62,0,0
1508.31,1090,23,23,0,1,3.64,1,1
3542.32,437,13,65,1,0,4.3,0,0
341.42,829,8,42,0,1,3.95,0,0
2912.94,934,14,33,0,0,9.53,0,1
1732.69,259,21,22,0,1,4.43,1,1
3106.47,103,17,60,1,0,5.56,0,0
233.48,993,11,94,1,1,7.51,0,0
4358.33,769,22,36,1,1,7.28,0,0
4867.58,813,18,12,1,1,5.87,0,0
4844.54,226,12,96,0,1,8.62,0,0
3749.51,943,6,70,1,1,6.28,0,0
654.78,463,9,95,0,1,8.76,0,0
3792.52,237,9,6,0,0,3.1,0,0
127.81,1050,1,41,0,0,1.41,1,0
115.51,506,13,37,0,1,8.21,0,0
1621.43,814,12,51,0,0,3.89,0,0
2445.77,767,21,43,0,1,6.55,0,0
3853.19,634,5,63,0,1,7.4,1,0
3418.06,991,8,12,1,1,3.33,0,0
2232.28,618,12,87,0,1,5.1,0,0
1371.77,273,8,27,0,0,8.96,1,0
4985.64,232,12,95,1,0,8.81,0,0
2133.78,768,4,81,0,0,7.52,0,0
2259.68,496,13,97,1,0,7.65,0,0
822.3,1048,4,97,1,1,8.99,0,0
3975.07,502,8,0,0,1,7.39,0,0
3469.94,25,7,42,0,1,3.46,0,0
1107.74,288,6,41,0,1,1.3,0,0
416.49,338,7,94,0,0,4.28,0,0
3404.09,1061,21,49,0,0,0.96,1,0
3274.28,137,2,59,0,1,1.25,0,0
1369.93,508,22,0,0,0,9.51,1,0
4754.56,227,23,50,1,1,6.79,1,0
759.53,320,14,15,0,1,8.53,0,0
2164.51,916,7,38,1,1,6.46,0,0
4718.36,86,0,14,0,1,4.24,0,0
2101.54,926,6,32,1,0,0.35,1,0
3194.44,53,18,86,0,1,9.56,0,0
1990.98,860,1,52,1,1,0.8,0,0
1374.7,867,13,97,0,0,6.14,1,0
4919.97,433,17,16,1,1,1.11,0,1
2049.62,999,14,88,0,0,2.91,1,0
4471.03,100,13,5,0,1,1.94,0,0
1153.62,990,23,30,0,1,5.58,1,1
1069.46,599,18,68,0,0,8.88,0,0
160.51,403,18,39,0,0,6.39,0,0
3260.08,396,21,29,0,0,6.68,1,0
1845.79,415,16,68,0,0,9.1,0,0
4322.47,939,21,75,0,0,7.52,0,0
2368.68,677,18,6,1,0,8.67,0,0
4841.13,463,15,12,2,0,4.22,1,0
931.7,541,19,3,0,1,8.67,0,0
4343.77,84,18,49,1,1,6.49,1,0
3884.1,271,0,2,1,1,1.44,0,0
3855.75,244,18,11,0,0,0.48,0,0
4224.69,388,6,64,0,0,2.52,0,0
3806.31,214,22,26,0,1,3.85,0,0
3132.97,818,10,49,1,1,8.39,0,0
660.57,59,4,76,0,1,7.44,0,0
167.47,883,16,16,1,0,9.56,0,0
4604.63,843,10,71,1,1,5.64,0,0
3085.17,924,23,31,0,1,7.5,1,1
3983.7,123,7,83,0,1,2.83,0,0
2410.2,439,9,50,1,1,6.83,1,0
590.95,1022,11,16,0,1,7.09,0,0
630.3,562,9,33,0,1,8.5,0,0
3429.4,118,12,34,0,1,5.41,0,1
2154.38,905,17,98,2,0,6.53,0,0
1006.62,395,9,23,0,0,2.11,0,0
2460.51,876,18,53,1,1,7.39,0,0
325.72,935,19,17,0,0,8.4,1,0
2911.95,952,16,49,0,1,5.98,0,0
1348.62,75,19,45,1,1,1.25,0,0
3988.81,295,15,47,1,1,3.2,0,0
1555.26,21,4,32,0,1,4.81,0,0
2278.82,1039,2,86,1,1,6.8,0,0
63.04,560,14,88,0,1,3.27,0,0
366.87,372,1,26,1,1,8.42,0,0
1965.51,818,12,0,0,1,3.78,0,0
2402.29,1093,21,84,1,1,0.52,1,0
3002.1,846,7,58,1,1,7.96,0,0
1461.85,521,22,9,0,1,6.48,0,1
3476.43,371,16,94,1,1,8.04,0,0
4301.31,101,3,24,2,1,3.55,0,0
3900.36,661,18,83,0,1,0.27,1,0
202.9,968,21,56,1,1,0.83,0,0
2405.13,243,8,65,1,0,1.21,0,1
529.13,753,22,14,1,1,8.07,0,0
1214.01,512,14,27,2,1,3.08,0,0
4933.38,849,8,12,0,1,9.98,0,0
716.77,555,23,13,1,1,7.61,1,0
2496.95,226,20,65,1,1,6.05,0,0
3092.69,214,8,33,0,1,9.84,0,0
3513.81,718,13,98,0,1,3.23,0,0
2800.45,67,22,24,0,0,1.74,1,1
53.81,396,20,53,1,1,7.4,0,0
1635.67,612,15,78,1,0,2.85,0,0
2590.97,1036,23,11,0,1,9.61,0,0
443.89,770,22,8,0,0,9.88,0,0
1756.38,407,16,30,0,1,9.27,0,0
170.85,925,12,77,0,0,9.45,1,0
397.5,647,8,92,1,1,6.19,0,0
1987.63,222,14,52,0,1,6.95,0,0
667.92,654,6,42,1,1,1.03,0,0
2839.87,428,0,37,1,1,7.65,1,1
3448.88,977,0,41,2,1,2.1,0,0
4003.93,1006,4,71,0,0,8.42,0,1
1004.75,371,23,47,2,0,9.62,0,0
841.58,850,8,66,0,0,2.2,1,0
527.32,856,11,65,1,1,0.87,0,0
3183.97,229,5,15,1,0,4.89,0,1
3533.85,280,12,82,0,0,7.94,0,0
162.77,1071,7,93,0,1,7.73,0,0
4681.38,975,14,15,0,0,7.0,0,0
264.6,758,5,30,1,0,8.22,0,0
2708.78,1048,5,57,0,1,1.83,0,0
3546.76,321,3,27,2,1,6.55,0,0
4355.49,274,10,3,0,1,6.1,0,0
3571.86,556,20,9,2,0,1.62,0,0
4009.63,844,17,50,0,1,4.2,0,0
1700.55,668,2,17,0,0,8.54,0,0
4075.05,1000,2,46,0,1,9.72,0,0
405.17,380,11,31,1,1,6.69,0,0
4474.61,711,20,29,1,1,9.23,1,0
2740.22,746,20,35,0,1,1.41,1,0
4087.4,675,5,8,0,1,9.75,0,0
2264.33,116,20,35,0,1,0.43,0,0
3219.67,605,5,28,1,1,5.32,1,1
2634.38,1066,7,15,0,1,2.98,0,0
3659.29,379,14,91,1,0,8.16,0,0
412.74,466,17,20,1,1,2.25,0,0
306.46,280,19,63,1,0,0.21,0,0
1239.28,618,15,65,1,1,4.2,0,0
801.93,118,5,58,0,1,0.73,1,0
4359.56,309,20,98,2,1,2.97,0,0
1099.97,100,16,27,0,1,6.47,0,0
4879.45,261,8,54,0,1,3.02,0,0
1687.79,993,18,99,1,0,2.53,1,0
914.68,286,17,30,0,1,1.64,0,0
3949.54,328,22,32,0,1,1.44,1,0
3295.25,63,4,86,0,1,5.31,0,0
2493.49,687,5,59,0,1,6.85,0,0
2779.04,738,11,40,0,0,4.58,0,0
3597.41,1031,10,80,0,1,1.32,1,0
1146.13,639,15,45,0,1,6.51,0,0
4981.69,936,19,48,1,0,5.62,1,0
4874.09,476,16,64,1,1,3.87,0,1
3253.38,53,19,41,1,1,3.37,1,0
1001.71,754,8,22,1,0,1.91,0,0
3402.74,486,0,26,1,1,1.55,0,0
365.63,409,2,88,1,0,3.45,0,0
158.11,1031,20,31,1,0,0.51,0,0
1292.13,668,22,82,1,1,4.42,0,0
2315.8,835,8,87,0,1,6.06,0,0
4342.02,876,21,2,1,0,9.42,0,0
3637.21,367,18,59,1,1,6.3,0,1
3714.82,1002,12,75,1,0,6.28,0,0
2130.34,250,22,98,0,1,3.81,0,0
1732.95,380,13,78,0,1,1.42,1,0
1858.34,872,19,16,0,1,4.52,0,0
4938.31,835,18,31,2,0,6.03,0,1
205.35,775,22,6,1,1,7.27,0,0
4335.82,919,6,82,0,0,8.28,0,1
2895.48,455,3,70,0,1,2.63,0,0
2195.88,366,11,68,1,1,2.49,0,0
3627.66,403,22,57,0,0,5.7,0,0
2435.91,58,13,39,0,1,5.7,0,0
4367.75,521,1,84,0,0,2.26,0,0
4504.01,210,0,47,0,1,5.92,0,1
2111.5,1065,17,50,0,0,3.52,1,0
1387.75,816,19,56,1,1,6.43,0,0
2963.79,173,7,70,0,1,2.98,0,0
4562.25,234,2,36,0,1,5.96,0,0
1057.26,793,5,86,1,0,7.71,1,1
3116.72,793,21,74,1,0,9.8,0,0
3159.64,1063,12,73,0,0,9.12,0,0
3666.9,119,8,84,1,0,5.09,0,0
662.18,335,8,54,2,0,4.93,0,0
3580.55,324,19,40,2,1,4.43,1,0
4545.62,1011,8,96,1,1,0.37,0,0
902.52,284,14,19,1,1,1.74,1,0
1191.53,213,12,32,0,1,0.69,1,0
4857.12,929,21,39,1,1,6.99,0,1
908.98,752,15,98,1,1,4.19,0,0
4272.65,339,1,33,0,1,0.73,1,1
2463.93,1046,13,61,0,1,6.94,0,0
1239.92,105,5,99,1,1,6.48,0,0
4354.4,770,1,90,2,1,7.23,1,0
2229.3,716,7,18,0,1,6.04,0,0
2576.51,763,3,42,0,1,1.7,0,0
1799.37,379,20,68,1,1,0.71,1,0
2966.79,713,23,62,0,1,8.19,0,0
821.8,225,13,92,1,1,2.24,0,0
1958.45,738,10,9,0,1,5.47,0,0
4847.21,236,23,12,0,1,4.9,0,1
1294.38,183,13,92,1,1,9.22,1,1
3285.4,712,11,4,0,0,5.57,0,1
1629.32,444,15,57,0,1,5.84,0,0
3868.5,623,5,58,0,1,3.26,0,0
658.71,1030,19,75,0,0,9.59,1,0
4849.26,749,0,58,1,1,6.16,0,0
2271.68,155,11,76,1,1,0.15,0,0
1184.07,257,6,85,0,1,5.61,1,1
372.12,235,7,14,0,1,3.7,0,0
852.94,500,8,76,0,1,0.42,1,1
2601.27,289,1,0,1,1,4.37,1,0
1688.33,510,16,37,0,1,7.76,1,0
4145.27,709,19,52,1,1,5.09,0,0
2157.28,785,12,51,1,0,6.43,0,1
1247.33,894,4,0,1,1,6.43,0,0
3087.64,776,9,10,1,1,6.74,0,0
3535.35,298,11,57,1,1,3.94,0,0
839.37,137,16,39,2,0,3.76,1,0
842.26,376,20,85,1,0,0.15,0,0
188.17,87,5,98,0,1,1.63,0,1
3683.33,437,2,59,1,1,9.51,0,0
3320.7,764,14,43,0,1,8.44,0,0
2375.78,702,6,5,1,1,2.82,1,0
4221.63,942,5,27,1,0,4.07,0,0
4029.32,152,3,30,2,1,9.41,0,1
2928.85,1032,18,7,1,1,2.58,0,0
4342.02,807,4,4,0,1,5.37,0,1
1033.18,235,2,53,1,1,0.32,0,0
564.04,675,8,16,0,1,6.24,0,0
1352.4,561,5,37,0,0,9.31,0,0
290.15,38,12,8,0,1,8.86,0,0
2658.19,822,21,73,0,1,5.07,1,0
4683.35,421,19,83,1,1,6.53,0,0
201.52,348,3,77,2,1,5.74,1,0
614.94,748,1,13,1,1,0.76,1,0
2263.73,273,3,25,0,0,1.67,0,1
4669.71,308,7,92,1,1,9.64,0,0
1584.2,976,12,61,1,1,2.63,1,0
2538.64,733,9,90,1,1,3.91,1,0
212.66,1033,17,24,1,0,5.14,0,1
745.97,444,8,79,1,1,9.79,0,0
4933.22,405,0,35,0,1,6.93,0,1
4825.77,853,12,97,2,0,6.33,0,1
29.68,778,17,79,2,0,5.29,0,0
4759.3,115,14,32,1,1,7.04,0,0
3197.4,65,1,2,0,1,6.67,0,1
4340.25,825,10,86,1,1,9.04,0,0
2276.43,239,13,10,0,0,5.46,1,0
2580.4,302,21,57,1,1,4.27,1,0
2446.79,969,14,63,1,1,8.09,1,0
3335.99,369,13,17,0,1,8.02,0,0
702.56,233,15,46,0,0,1.78,0,0
154.72,195,22,43,1,1,2.44,1,0
1543.11,907,14,92,1,0,9.59,0,0
3524.88,1036,18,58,1,0,4.5,0,0
1013.26,921,8,49,0,1,5.24,0,0
3368.8,689,4,68,1,1,3.17,1,0
4849.71,177,4,87,0,1,4.86,0,0
474.03,217,10,28,1,0,7.46,0,0
3364.65,1035,19,92,0,1,4.88,0,1
2221.53,630,23,89,1,1,3.22,1,0
4341.37,164,3,66,0,1,1.05,0,1
889.86,53,19,1,2,0,9.29,0,0
3464.67,218,17,24,1,0,8.73,0,0
4191.39,999,2,18,1,0,7.93,0,0
4723.35,824,3,39,0,1,6.97,0,0
3417.82,385,13,1,1,1,5.2,0,0
2488.39,56,6,82,0,1,8.98,1,1
3091.15,118,7,64,0,1,7.94,1,1
4345.18,900,23,61,1,1,8.18,0,1
2855.2,798,15,90,1,1,3.16,0,0
156.78,780,19,53,0,1,4.29,0,0
4655.09,1016,14,44,0,0,7.1,1,0
3449.19,803,6,48,1,1,3.77,0,0
3384.18,845,16,98,1,1,4.99,0,0
1082.3,855,21,68,0,1,6.5,0,0
3296.13,708,21,37,2,0,4.43,0,1
1972.35,22,21,3,2,0,7.95,0,0
3257.91,843,11,16,0,1,1.25,0,0
537.43,192,17,52,0,0,7.21,0,1
3290.94,1019,23,84,1,1,1.54,1,0
4997.07,396,13,52,2,0,9.38,1,1
245.82,1031,14,30,1,0,3.21,0,0
4885.99,640,14,21,0,0,7.97,0,0
2037.51,1019,4,10,0,0,5.26,0,0
4354.41,567,15,33,0,0,1.0,0,0
3913.02,231,4,14,1,1,5.87,0,0
2837.25,874,1,9,0,1,9.13,0,0
3693.55,574,19,95,1,1,1.66,1,1
4393.19,240,8,52,0,0,3.28,0,1
2023.68,90,21,47,0,1,4.45,0,0
1638.53,232,8,30,0,1,2.82,0,0
3339.63,457,3,36,0,0,9.44,0,0
4040.19,233,14,27,1,1,3.84,0,0
3812.61,354,10,30,0,0,6.61,1,0
3990.08,1005,0,69,1,1,2.32,0,0
2180.74,439,17,13,0,0,2.28,1,0
4090.08,345,0,86,0,1,1.84,0,0
605.44,664,7,15,0,1,4.4,1,0
2724.72,657,15,24,0,1,5.38,0,0
33.76,130,21,38,0,1,0.21,0,0
1626.31,141,17,65,1,1,8.35,0,0
1835.48,415,21,37,0,1,5.18,0,0
1983.88,626,8,40,0,1,1.66,1,0
3478.86,284,11,97,1,1,0.77,0,0
1945.85,223,18,39,0,1,0.73,0,0
2246.22,744,17,63,1,1,2.65,1,0
1191.53,463,4,88,0,0,5.04,0,0
1869.39,357,1,99,0,1,8.62,0,0
1140.21,1047,6,15,1,0,9.04,1,0
370.61,859,9,81,2,1,8.34,1,0
3019.23,665,14,76,0,0,3.35,0,0
3342.72,1015,6,58,0,1,3.13,0,0
3099.35,85,4,90,0,0,9.88,1,0
2320.15,621,14,97,0,0,6.84,0,0
1902.03,1055,19,10,2,0,3.12,0,0
4317.35,240,19,0,0,1,3.36,0,0
2597.81,363,14,12,1,0,4.4,0,0
2398.51,822,9,29,0,1,6.26,0,0
133.08,668,23,68,1,1,8.99,0,0
1709.53,99,13,17,1,1,2.06,0,0
1904.08,47,9,77,1,0,0.94,1,1
1997.12,839,16,12,0,1,4.12,0,0
2902.96,422,20,31,1,1,2.53,0,0
2670.34,62,13,70,1,0,5.8,0,0
3041.49,1010,1,71,1,1,7.02,1,1
3825.59,598,15,49,1,1,3.18,0,0
4065.86,392,12,70,1,1,6.89,0,0
3592.02,977,8,79,1,0,3.5,1,0
4777.84,1076,6,30,0,1,6.39,1,0
96.07,603,15,50,1,1,6.37,0,0
982.91,337,9,26,1,0,2.85,0,0
42.78,810,23,59,0,1,6.39,0,0
3239.14,752,21,32,0,1,3.87,0,0
4490.66,881,8,52,2,1,3.43,1,1
1221.19,635,21,92,0,1,2.96,0,0
4635.54,254,22,71,0,1,3.52,0,0
306.04,20,6,32,0,1,7.89,0,0
4672.51,528,15,40,1,1,2.53,0,0
1761.36,376,8,18,2,1,6.85,0,0
511.6,166,23,84,2,1,9.02,1,0
2431.93,861,16,40,1,1,3.57,0,0
1287.6,617,19,84,1,1,0.39,0,0
1427.94,612,6,88,0,1,0.34,0,0
1539.91,503,10,41,0,1,1.48,0,0
4016.11,913,7,22,0,1,1.19,0,0
2698.11,79,6,74,0,1,7.51,1,0
1559.98,585,18,32,1,0,3.02,0,0
3053.62,688,19,19,1,1,6.56,0,1
3582.17,396,11,24,1,1,0.52,0,0
1366.76,402,6,89,2,1,3.03,0,0
2070.68,975,7,51,2,0,2.42,0,0
613.82,224,6,11,1,1,2.84,0,0
909.84,518,5,31,0,1,1.99,0,0
3407.18,634,8,32,0,0,6.22,0,0
911.28,236,12,73,1,1,6.66,0,0
2628.19,116,6,67,0,1,1.57,0,0
3546.69,226,7,14,0,1,7.44,0,1
538.85,230,21,50,2,1,2.58,0,0
2838.72,182,16,5,0,1,2.9,1,0
1286.53,210,16,90,0,1,8.31,0,0
4814.82,96,15,68,1,1,9.02,1,0
2420.31,894,21,68,1,0,8.27,0,0
4030.93,756,1,81,0,0,1.56,0,0
2753.38,415,7,91,0,1,9.99,0,1
221.85,394,16,34,2,1,6.75,0,0
3167.59,696,12,85,0,1,5.16,0,0
4757.26,844,17,33,1,1,9.55,0,0
3010.05,604,23,62,0,0,8.19,0,1
4096.85,582,21,67,0,1,6.95,0,0
4421.61,133,9,17,0,0,8.4,1,0
1144.26,791,1,25,1,1,3.92,0,0
1064.16,649,1,85,1,0,6.88,0,0
3056.85,221,13,96,0,1,1.99,1,0
2058.09,976,15,60,0,0,9.88,0,0
4200.11,1070,6,77,0,1,5.93,1,0
4500.62,788,20,94,1,1,8.16,0,0
1770.34,691,20,73,0,0,4.13,0,0
1188.17,39,23,87,0,0,7.61,0,1
3903.72,690,11,84,0,0,3.94,0,1
1377.66,162,22,47,1,1,5.94,0,0
4113.96,161,13,71,1,1,7.8,0,1
2121.57,1078,3,95,1,1,1.25,0,0
3339.41,1058,3,30,0,0,3.63,1,0
482.2,242,17,33,0,1,5.49,1,0
3121.18,967,2,86,0,1,3.41,0,1
2261.58,890,0,88,0,1,3.16,0,0
2935.11,113,16,6,1,1,2.89,0,0
844.23,1014,6,82,0,0,2.36,1,0
3685.68,318,15,6,0,1,8.5,1,1
4314.67,23,4,46,1,1,9.24,0,0
1087.62,824,18,7,1,1,7.03,0,0
483.09,701,6,77,1,0,0.4,0,0
123.07,1019,13,0,1,1,7.88,0,0
3211.65,1068,1,76,1,1,5.37,0,0
3037.43,128,2,2,1,1,7.61,0,0
2735.75,876,16,52,1,1,4.43,0,0
1163.58,158,15,91,0,1,0.51,0,0
1957.58,827,7,37,0,1,6.85,1,0
2974.41,852,17,50,2,0,4.5,0,0
2486.35,512,14,14,2,1,8.75,0,0
4938.99,45,6,99,1,0,7.41,1,0
686.52,219,8,66,1,0,3.66,1,0
3477.25,443,5,63,0,1,7.27,0,1
2024.57,315,17,67,1,1,5.0,0,0
2143.86,177,17,4,2,1,2.07,0,0
3589.4,228,23,89,1,0,4.26,0,1
3463.72,267,13,88,0,1,2.3,0,0
4956.32,870,13,9,0,0,0.15,0,0
646.33,838,13,7,0,1,2.54,0,0
525.03,489,3,11,0,1,2.17,0,0
3623.07,702,3,63,0,1,0.14,0,0
2894.04,687,14,58,1,1,7.86,0,0
1374.43,996,14,66,0,1,0.86,0,0
401.7,357,17,90,1,1,4.55,0,0
432.86,872,13,49,1,0,4.24,0,0
4471.48,204,0,22,1,1,1.9,1,0
963.38,552,9,39,1,1,9.67,0,0
1620.24,323,19,96,1,1,6.08,0,0
1137.15,594,9,77,1,1,8.15,1,1
1778.21,181,9,86,0,1,5.01,0,0
351.77,499,23,94,2,1,7.26,0,0
2597.7,83,1,76,0,0,9.7,0,0
342.72,303,7,75,2,1,3.55,0,0
4002.78,262,0,98,0,1,5.09,0,0
1172.39,784,0,17,0,1,5.19,0,0
2702.36,914,3,20,0,0,9.92,0,0
4401.0,692,6,0,1,0,2.41,1,0
3256.13,944,8,37,0,1,6.79,0,1
2667.12,683,15,40,1,1,1.47,0,0
1625.05,689,4,41,1,1,9.28,0,1
1668.34,396,1,8,0,1,5.94,1,1
3349.09,839,22,22,1,1,8.61,0,0
4970.73,878,10,77,0,1,8.96,0,1
3310.89,823,17,10,1,0,5.62,0,0
2791.13,49,18,70,1,1,6.85,0,0
3654.6,789,12,30,0,1,7.02,0,0
2328.7,293,23,87,2,1,4.66,0,0
305.41,536,10,25,1,1,4.4,0,0
2813.67,311,19,29,1,1,1.94,0,0
4788.34,537,18,33,1,1,3.9,0,0
880.64,639,16,45,1,1,9.91,1,0
3451.57,234,4,68,0,1,2.77,0,0
1008.66,605,12,4,0,1,7.65,1,1
2681.46,94,19,60,0,0,0.69,0,0
487.9,327,0,82,1,0,4.73,0,0
2254.6,225,9,37,0,1,0.68,0,0
3782.04,967,7,27,2,1,4.81,0,0
1741.12,890,23,25,0,0,0.37,0,0
3326.23,11,7,60,0,0,6.17,0,0
3978.27,1036,18,22,0,1,5.91,0,0
4636.25,35,5,45,1,1,8.0,0,1
1177.04,447,11,29,2,1,5.87,0,0
1999.58,441,6,66,0,0,9.27,0,0
766.32,653,15,91,1,0,7.85,0,1
4962.46,595,8,32,0,1,1.41,0,0
4635.37,229,20,2,1,1,2.73,0,0
2702.09,344,21,68,0,1,0.36,0,0
4210.96,989,9,82,0,1,3.92,0,1
2607.19,909,9,41,1,1,5.14,0,0
3119.81,527,9,61,1,1,9.46,0,0
450.18,75,19,57,0,0,5.27,0,0
3777.58,196,15,56,0,1,7.83,0,0
642.93,29,0,0,1,0,2.75,0,1
4131.21,706,16,72,1,1,1.62,0,0
3911.23,1021,20,59,2,0,8.13,0,0
3545.18,16,13,68,1,0,2.55,0,0
185.62,805,18,58,2,1,8.73,0,0
1519.13,940,20,45,0,1,1.78,0,0
1319.25,967,20,33,0,1,8.53,0,0
1803.88,229,16,96,0,1,7.75,0,0
442.78,962,13,24,0,1,6.15,0,0
4685.1,715,7,41,1,0,8.52,0,1
2771.24,984,20,28,1,1,3.37,1,0
1531.09,573,20,24,0,1,1.74,0,0
1987.92,615,8,53,1,0,1.65,0,0
2238.78,326,7,72,1,1,2.78,1,0
3004.97,875,12,66,1,0,4.52,0,0
2580.82,359,16,14,0,1,8.77,1,0
4597.36,324,18,3,1,1,0.99,0,0
2487.33,165,6,37,0,1,9.16,0,0
4960.83,798,16,19,2,0,9.26,0,0
4257.87,455,0,22,2,1,7.3,0,0
1046.51,193,4,36,0,1,9.01,1,1
4653.32,627,5,61,0,0,7.72,1,0
586.25,530,1,7,1,1,5.33,0,0
4088.16,1034,15,36,0,0,6.05,0,1
1906.21,92,21,44,0,0,6.32,1,0
4390.48,139,4,96,2,0,1.36,0,0
4340.94,481,4,32,0,1,2.01,0,0
4030.6,449,11,6,0,0,5.28,1,0
3951.2,869,2,21,1,1,1.24,1,0
1526.87,340,15,4,0,0,9.65,0,0
409.19,1076,5,14,0,0,5.12,0,0
2017.89,466,14,20,1,0,3.86,1,0
871.75,718,14,88,0,1,1.66,0,0
3476.28,799,15,16,1,0,4.22,0,0
1733.77,475,19,55,2,0,3.09,0,0
4878.17,401,12,49,1,1,0.97,1,0
3206.66,605,11,6,0,1,9.67,0,0
4113.29,932,9,49,0,0,2.72,0,0
666.96,997,13,59,1,1,6.94,0,0
4310.76,922,1,82,1,0,1.0,0,1
4614.17,821,2,6,1,1,9.14,1,1
2437.87,657,8,39,1,1,5.95,1,1
3033.23,598,10,44,0,0,6.6,0,0
3825.22,514,10,58,0,0,7.84,0,1
878.32,1030,21,87,1,1,6.1,0,0
2515.32,500,9,74,2,1,0.8,0,0
1996.32,717,13,54,0,0,4.35,1,0
736.14,601,8,63,1,0,2.69,0,0
1840.83,666,19,64,0,1,4.92,0,0
345.52,468,20,53,0,1,4.1,0,0
133.93,161,9,95,0,0,8.28,0,1
680.16,270,21,39,2,0,2.55,0,0
4815.76,1080,8,52,1,0,2.09,0,1
2749.9,228,4,43,1,0,9.59,0,1
4829.28,849,7,62,2,1,9.5,0,0
2165.33,149,10,1,0,0,9.94,0,0
1562.52,1070,0,78,1,1,5.73,1,0
2533.18,632,20,20,1,1,1.22,0,0
2200.36,413,9,87,1,1,8.81,1,1
532.8,520,0,49,1,1,1.54,0,0
3205.93,387,21,80,0,1,1.64,0,0
1084.11,275,6,51,1,1,2.01,0,0
3099.84,353,13,8,0,1,6.57,0,0
3252.75,1090,4,98,0,1,1.16,0,0
764.36,598,16,19,0,1,7.8,0,0
311.44,558,21,82,0,0,0.68,0,1
3904.9,113,20,17,0,1,1.19,1,0
2301.7,141,5,83,0,1,4.4,0,0
295.53,730,15,29,0,0,3.85,0,1
4974.36,589,10,64,0,1,9.9,0,0
293.61,411,9,23,0,1,9.67,0,0
3476.7,377,14,87,1,1,1.98,0,0
4918.48,751,6,46,1,1,9.47,1,0
1199.7,627,22,82,1,0,6.95,0,0
715.54,995,1,93,2,0,4.15,1,0
611.32,703,11,89,0,1,7.42,0,0
1519.86,462,18,43,0,1,9.01,0,0
509.72,12,11,28,0,1,1.88,0,0
3462.35,477,15,76,2,0,2.04,0,0
316.15,939,5,67,1,1,4.15,1,0
2549.56,401,2,16,0,0,1.78,1,1
4983.5,808,1,96,0,1,3.67,0,0
4070.78,177,19,4,1,1,6.49,1,0
3078.02,57,4,91,0,0,8.15,0,0
1534.74,448,10,87,1,1,3.09,0,0
3121.36,203,2,80,2,1,2.89,1,1
2637.57,738,2,49,1,1,7.82,0,0
2133.29,202,21,39,2,1,3.87,0,0
657.9,363,4,45,0,0,8.2,0,1
4433.59,892,21,50,1,0,9.93,0,0
2251.67,454,22,10,1,1,9.8,0,0
977.14,356,10,11,1,1,6.66,0,0
1841.96,216,2,12,1,1,3.81,0,0
2073.58,972,12,63,1,1,0.75,0,0
4138.55,555,20,7,1,0,7.41,0,0
3669.4,887,7,64,0,0,9.78,1,0
3847.68,23,19,8,0,1,0.77,0,0
60.1,155,9,91,0,1,0.16,0,0
2083.69,249,1,1,2,1,8.33,0,1
2409.31,749,3,77,2,1,1.11,0,0
100.87,805,17,12,0,1,0.91,0,0
1302.77,134,18,1,0,1,9.11,0,0
3802.65,321,3,67,2,1,0.89,0,0
689.86,390,19,75,0,0,1.23,0,0
2678.87,434,8,47,0,1,5.74,0,0
1079.93,1046,15,73,0,1,7.59,0,0
65.54,873,5,2,0,1,4.06,0,0
1209.8,858,3,67,1,0,4.26,0,0
4879.49,51,8,5,0,0,6.36,0,0
4008.68,176,12,86,1,0,5.1,0,1
4798.09,870,8,4,2,0,0.28,0,1
2441.83,253,5,2,0,1,1.22,0,0
553.13,966,20,9,0,0,5.86,0,0
2742.06,739,18,42,1,1,7.96,0,0
2274.61,302,13,18,1,0,7.65,0,0
4222.56,548,20,13,0,0,7.43,0,0
494.92,716,14,20,0,1,7.74,0,0
2443.76,779,2,42,0,1,0.54,0,0
754.49,268,4,27,1,0,8.96,0,1
1626.76,1010,20,20,0,1,8.9,0,0
3688.1,551,17,35,0,0,5.37,0,0
2382.71,314,13,23,0,1,2.56,0,0
1882.56,184,15,53,1,1,5.96,0,0
1975.41,713,13,37,0,1,5.62,0,0
2299.94,128,8,16,1,1,2.31,1,0
3926.16,700,14,21,0,1,6.07,1,0
4460.96,386,6,82,0,1,7.99,1,0
4776.9,271,13,44,1,1,8.08,0,0
3935.58,811,5,73,1,1,0.69,0,0
1580.46,415,20,60,1,0,2.05,1,0
3442.23,198,14,10,1,1,6.72,0,0
2190.83,1080,19,60,0,0,8.61,0,0
1277.08,831,7,37,1,1,5.26,0,0
4205.15,628,1,65,0,1,7.1,1,0
196.94,604,7,32,0,1,0.31,1,0
4509.3,1081,0,42,1,1,6.12,0,0
2310.08,1010,16,30,1,0,9.62,1,0
3187.82,71,18,34,1,0,6.64,0,0
3298.47,911,4,36,1,1,9.23,0,0
4476.11,594,21,46,2,1,5.7,1,0
3185.17,600,19,99,0,1,8.45,1,0
3071.6,514,15,22,2,0,1.33,0,0
337.93,84,6,35,1,1,1.32,1,0
2594.45,994,6,39,1,0,1.29,0,0
755.09,1067,17,89,1,0,4.94,0,0
3688.48,839,17,88,1,1,3.37,1,0
2563.55,606,1,80,1,1,7.22,1,1
3402.74,810,14,14,0,0,9.04,0,1
213.16,133,13,36,2,1,6.23,0,0
428.54,1089,17,3,0,0,2.21,0,0
3583.04,290,8,21,0,0,9.32,1,1
365.06,376,13,80,0,1,5.33,0,0
360.93,769,4,21,0,1,7.23,1,0
65.48,467,10,80,0,0,8.92,0,0
4782.72,471,7,77,0,0,9.9,0,0
3688.85,149,4,77,0,0,5.11,1,0
1769.49,88,10,16,0,1,8.1,0,0
1486.2,396,4,71,0,1,5.71,0,0
1751.77,790,16,97,0,0,4.92,0,0
3874.39,865,21,89,2,1,5.42,0,1
3308.55,24,3,93,0,0,4.89,0,0
930.05,956,14,85,0,1,4.27,1,0
874.68,311,18,79,0,0,7.26,0,0
496.49,664,21,93,0,1,2.57,0,0
3303.21,438,1,79,1,0,6.2,1,1
3823.04,706,23,37,0,1,7.16,0,0
1328.91,422,16,23,0,0,8.93,0,0
109.62,321,11,99,0,1,3.39,0,0
415.45,587,23,98,1,1,8.62,0,0
4839.46,947,16,5,1,1,9.46,0,1
1480.75,849,9,67,0,0,6.52,0,0
3847.27,42,17,81,0,1,7.74,0,0
3125.19,939,18,5,0,1,4.12,0,0
1912.79,387,17,25,1,1,9.53,0,0
1032.41,910,12,90,0,0,6.74,0,0
611.33,716,13,40,0,1,3.17,1,0
3076.99,431,23,74,0,1,4.1,0,0
3874.3,554,15,37,0,0,6.22,0,0
3221.3,800,17,79,0,1,2.42,0,1
2653.86,426,17,82,0,1,7.56,0,0
214.55,26,15,42,0,0,2.32,0,0
4842.6,385,16,52,0,1,5.96,0,0
3994.58,56,6,14,1,1,7.0,1,0
1467.65,634,11,89,0,0,8.61,0,0
4899.95,106,1,55,1,1,7.37,0,0
3011.4,849,9,55,1,1,8.01,0,0
2914.2,670,4,30,1,0,9.14,1,1
3741.63,376,20,82,2,0,6.02,0,1
4059.79,743,2,56,0,1,8.48,0,0
3284.11,967,18,50,0,1,2.4,0,0
644.84,308,12,23,1,0,8.17,0,1
1694.65,91,11,57,1,0,2.29,0,0
4640.78,802,2,72,1,1,9.35,0,0
1126.95,110,5,86,0,1,3.37,0,0
1863.97,585,13,3,1,1,1.8,0,0
2163.22,340,3,9,2,1,1.57,0,1
2199.83,979,12,62,0,1,1.95,1,0
3066.63,356,18,72,2,1,4.53,0,0
4715.66,168,17,82,0,1,5.27,0,1
1207.26,557,2,14,0,0,9.15,1,0
611.9,905,19,97,0,1,3.87,0,0
991.37,105,5,62,0,1,2.25,0,0
4435.19,150,15,18,1,0,7.46,0,0
3230.83,146,19,62,1,0,1.43,0,1
1433.1,716,23,55,1,1,8.93,0,0
4080.65,874,2,20,0,1,4.15,1,0
4307.54,299,11,33,0,1,6.18,0,1
4233.34,646,18,16,0,1,1.94,1,0
4595.04,723,18,17,2,0,1.54,1,0
1264.94,1072,23,80,0,1,8.01,0,0
3776.43,638,3,65,1,0,4.35,0,1
2305.39,239,0,50,0,0,9.87,1,0
4210.78,1031,1,64,0,0,5.29,0,1
3643.81,464,12,42,0,1,8.47,0,0
3883.35,453,12,56,0,0,9.8,0,0
3282.53,784,1,9,2,1,2.88,0,1
891.26,897,18,36,1,0,8.03,0,0
2727.41,371,21,47,2,1,0.32,0,0
4923.43,487,23,68,1,1,6.83,0,1
4687.25,165,15,55,1,1,7.48,0,0
220.65,192,11,75,1,1,4.83,1,0
828.25,730,0,35,1,1,1.7,0,0
662.99,214,8,30,1,1,6.21,0,0
3631.27,574,16,54,0,1,8.99,0,0
4089.84,957,9,37,0,1,9.32,1,0
1071.49,381,17,72,1,0,7.49,0,1
2531.73,673,18,89,0,1,2.71,0,0
4204.31,798,6,14,0,1,8.72,0,0
3665.34,239,18,15,1,1,8.9,0,0
2713.47,700,23,76,0,1,3.74,0,0
2953.79,505,14,88,1,1,1.91,0,0
2544.26,202,8,93,0,1,8.76,0,0
1491.25,920,9,52,1,0,8.86,0,0
2827.28,37,22,55,0,0,1.1,0,1
3445.98,644,19,6,2,1,9.67,0,0
4367.25,765,19,56,2,0,5.38,0,0
3183.28,706,3,54,2,0,9.94,0,0
3806.8,545,5,51,0,1,4.51,0,0
804.56,540,3,3,0,1,5.38,0,1
2310.48,1017,4,42,2,1,2.73,0,0
51.61,394,8,39,1,1,9.0,1,0
1237.16,833,11,29,2,1,4.49,0,0
3633.68,1066,22,9,1,0,8.16,0,0
4959.09,597,7,93,0,0,0.89,0,0
500.39,393,20,6,0,0,7.9,1,0
2010.46,700,4,35,1,0,4.95,0,0
4001.35,441,10,34,1,1,0.15,0,0
1024.16,918,22,87,0,1,2.34,0,0
2777.65,320,10,38,0,1,2.02,0,0
3666.69,553,12,35,1,1,7.54,0,0
3081.85,568,13,19,1,1,4.82,0,0
944.18,919,7,48,0,1,1.68,0,0
1780.15,236,17,95,0,0,2.64,0,1
3920.04,987,18,58,0,1,5.09,0,0
2773.36,1033,11,48,0,1,0.29,1,0
31.12,60,11,89,2,0,4.3,1,0
3806.15,893,17,25,1,1,6.81,0,0
181.38,225,9,35,1,1,5.23,1,0
3729.94,700,6,42,1,0,6.02,0,1
1016.39,582,17,98,0,1,3.33,1,0
4790.58,994,11,42,1,0,1.91,0,1
1842.86,169,13,98,2,1,8.12,0,0
1638.02,1086,14,75,1,1,9.07,1,0
748.7,14,15,32,0,0,5.16,1,0
1531.49,164,1,99,1,0,3.12,0,1
4383.87,757,17,77,2,1,5.16,0,0
4981.69,1052,11,96,0,1,8.8,1,0
1844.71,446,15,44,0,1,6.94,0,0
2245.81,716,12,44,2,1,8.6,1,0
3611.74,976,19,87,2,1,3.35,0,1
4431.55,819,16,14,0,0,7.15,1,0
2967.26,104,17,94,0,1,6.57,0,0
1960.67,742,2,16,0,1,5.76,0,0
2066.05,426,22,11,0,1,5.33,0,0
3479.61,639,9,21,2,0,5.55,1,0
21.08,850,0,22,0,0,8.51,0,0
3099.85,769,5,89,0,1,9.17,0,0
1780.69,277,2,77,2,0,1.22,0,0
3972.02,1089,18,11,0,1,5.73,0,0
469.49,900,3,67,1,1,9.19,1,0
2943.07,188,19,50,0,0,1.43,0,0
2407.46,105,22,12,1,1,4.19,0,0
3213.42,546,2,56,2,1,0.98,0,0
328.94,380,7,54,0,0,1.22,0,0
2902.02,110,7,81,1,1,9.05,1,0
2809.62,545,6,27,2,0,4.52,0,0
2805.5,354,1,43,2,0,6.92,1,0
3019.42,743,20,18,0,0,1.48,1,0
3383.96,317,5,45,0,1,0.32,0,0
4025.92,1089,15,2,0,1,8.92,1,0
1352.75,333,9,82,0,1,5.79,0,0
4126.12,592,3,19,0,0,0.3,0,0
2493.79,783,12,24,0,1,9.92,0,0
389.91,540,9,74,1,1,4.97,1,0
297.46,735,20,55,1,1,4.81,0,0
1674.52,621,13,80,1,0,6.25,1,1
3925.56,619,8,60,1,0,0.18,0,0
3539.87,909,10,54,0,1,5.73,0,1
3944.13,992,22,34,1,0,6.33,0,0
2588.76,99,17,77,1,0,3.04,0,0
2203.79,317,10,58,0,1,7.3,0,1
741.53,123,16,38,0,1,3.84,1,0
1644.32,799,1,56,1,1,7.21,0,0
2172.93,457,2,82,0,0,1.52,1,1
447.56,522,10,66,1,1,9.15,1,0
1106.96,520,17,33,2,1,8.81,0,0
2993.14,917,2,40,0,1,1.59,0,0
3679.64,717,14,21,1,0,9.39,1,0
4991.75,315,10,26,0,1,5.62,0,0
4665.9,709,10,20,1,1,7.05,0,0
3214.61,710,19,40,1,1,8.42,0,0
2109.13,1044,10,30,0,1,0.93,1,0
3182.71,560,18,26,1,0,1.78,0,0
3929.33,969,0,36,1,0,2.97,0,0
596.09,356,4,65,0,0,4.82,0,0
2052.47,1078,9,53,2,1,3.53,0,0
4199.81,890,9,8,0,1,5.11,0,0
1922.25,793,13,82,1,1,1.94,1,0
2861.5,265,1,41,0,0,6.85,0,0
2940.91,982,3,35,1,1,0.65,0,0
926.46,802,1,9,1,0,3.68,0,0
1814.37,43,17,58,1,1,1.87,0,0
1675.88,862,12,39,1,0,7.33,0,0
135.85,350,18,53,1,1,8.85,1,0
125.84,912,4,38,0,1,0.88,0,0
4159.33,1,19,6,0,1,7.87,0,0
1368.99,584,1,3,0,1,8.97,0,0
2592.8,432,10,14,0,0,9.74,1,0
1497.13,53,17,75,0,1,5.84,0,0
4703.69,940,5,47,2,1,3.34,0,0
1300.19,520,22,5,2,1,3.29,0,0
2151.14,147,9,72,0,0,3.85,0,0
4364.29,629,21,34,0,1,6.17,0,0
4210.46,299,22,71,0,0,4.95,0,0
934.58,789,16,70,1,1,6.57,0,0
4014.2,850,21,67,0,0,0.49,0,0
2293.64,178,10,57,1,1,1.15,1,0
2417.43,842,18,76,1,1,9.77,0,0
671.73,878,16,18,1,0,9.95,0,0
407.6,759,23,61,0,1,7.49,0,0
3641.06,1092,3,70,0,1,2.64,1,0
2484.82,445,23,9,0,0,9.54,0,0
2187.07,708,13,24,0,0,2.22,0,0
3648.89,602,19,43,2,1,7.34,0,0
3828.74,145,3,98,0,1,1.24,1,0
798.75,275,13,57,0,1,6.52,0,0
3053.07,509,3,24,2,1,7.62,0,0
681.09,753,5,92,0,1,8.61,1,0
3758.12,477,8,75,0,0,7.37,0,1
3286.49,666,20,39,1,1,9.24,1,0
4783.29,568,11,75,1,1,5.26,0,0
349.45,531,7,69,0,1,6.81,0,0
289.99,159,23,9,1,1,3.76,1,0
1414.52,681,3,65,1,1,0.2,1,1
1312.22,23,4,24,0,0,7.59,1,1
1238.66,1071,5,70,1,1,8.71,0,0
4531.74,525,4,86,1,1,1.82,1,1
1251.48,729,18,10,2,1,0.38,0,0
1363.39,144,7,35,2,0,1.73,0,0
3798.19,668,8,48,0,1,8.96,0,0
2251.45,681,14,47,1,1,3.03,1,0
3884.67,973,3,86,0,0,2.41,0,0
331.5,799,8,6,0,0,0.24,0,0
2440.42,85,6,90,0,1,3.04,0,0
172.9,416,7,76,1,0,7.18,0,0
317.95,694,14,50,1,1,9.59,0,0
4532.66,482,18,16,0,1,3.2,0,0
700.53,456,14,31,1,1,2.48,0,0
2664.44,827,4,25,1,1,8.89,0,1
2058.42,297,18,21,1,1,8.54,0,0
1739.98,950,6,12,0,1,3.35,0,0
4499.67,680,5,11,1,1,0.78,0,0
114.01,378,18,70,2,1,9.92,0,0
3320.63,421,16,0,0,1,6.84,0,1
4817.16,105,9,32,0,1,9.27,0,0
2803.04,330,18,13,2,1,3.48,0,0
4684.43,439,10,63,1,1,6.51,0,0
266.03,382,14,42,1,1,6.78,0,0
2096.87,138,9,57,0,1,8.74,0,0
1304.49,943,10,40,1,1,9.93,0,0
3655.45,843,22,80,0,1,1.18,1,0
4906.58,270,2,67,0,1,6.35,1,0
1286.37,396,2,38,0,0,3.43,0,1
3272.6,913,17,0,0,1,8.14,0,0
994.5,464,10,40,1,1,7.57,0,0
2828.82,450,19,44,2,0,8.94,0,0
2322.34,20,21,87,0,1,3.5,0,0
4860.17,239,17,97,1,0,1.93,0,0
3044.59,418,14,97,0,1,0.32,0,0
1750.78,1055,6,87,0,1,2.63,0,0
574.91,186,9,78,2,0,3.73,0,0
760.48,253,20,80,0,0,9.47,0,0
1130.46,19,22,12,0,1,4.96,0,0
1258.58,712,19,70,0,0,5.61,0,0
4253.83,223,9,8,1,0,8.81,1,0
2808.31,3,12,62,0,0,8.86,0,0
2619.34,854,14,98,0,0,5.33,0,0
578.27,228,22,22,1,0,1.23,1,0
4301.4,913,17,53,0,1,2.78,0,0
3615.46,499,22,46,0,1,4.62,1,0
343.0,521,3,38,0,0,7.54,1,0
3540.64,702,19,86,0,0,7.15,0,0
2719.97,917,16,25,1,1,6.46,0,0
413.22,291,2,0,1,0,8.81,0,0
2294.21,1077,20,13,1,1,8.05,0,1
2426.06,715,20,95,0,0,9.82,1,0
833.04,948,1,73,0,0,8.9,0,1
4728.76,648,3,64,0,0,2.04,1,1
4250.63,1028,0,68,0,0,0.67,0,0
3346.77,684,14,66,0,1,4.2,1,0
2314.17,870,0,48,0,0,6.21,0,0
2061.77,1071,5,49,0,1,6.47,0,0
3256.61,94,6,57,1,1,2.75,0,0
2729.43,940,18,52,0,1,8.61,0,0
316.05,560,11,90,0,0,3.36,0,0
2564.95,213,0,56,0,0,9.2,0,0
4032.99,436,6,85,0,1,4.77,0,0
2298.9,852,18,17,1,0,0.2,0,0
264.52,508,12,15,0,1,1.7,0,0
3932.46,836,11,1,0,1,1.11,0,0
1010.81,651,11,12,0,1,0.54,0,0
1296.81,205,21,44,0,0,7.17,0,0
827.71,381,12,79,1,1,2.0,1,0
1654.42,77,13,71,2,1,8.4,1,1
3784.97,816,21,42,0,1,2.72,0,0
2599.33,768,11,71,1,0,0.42,0,0
1028.38,410,19,53,0,1,8.22,0,0
4389.76,106,11,73,0,1,4.71,0,0
4398.51,551,5,96,0,1,6.04,0,0
4353.54,826,9,30,1,1,3.43,0,0
1197.79,88,19,75,0,1,0.56,0,0
2258.94,881,23,8,2,0,3.76,0,0
4925.02,540,8,72,0,1,5.23,0,0
3861.2,245,1,47,0,1,0.22,0,0
140.7,578,6,17,1,0,5.79,0,0
330.7,982,8,93,2,1,8.94,0,0
2322.34,717,11,95,1,1,2.26,0,0
4546.55,142,4,86,1,0,9.28,0,0
2695.82,893,0,10,0,0,1.07,0,0
2491.57,352,21,61,0,1,8.27,0,0
531.84,545,14,83,0,1,8.42,0,0
3285.62,913,7,18,0,1,2.65,0,0
4111.41,152,0,99,2,0,9.58,0,1
1905.2,653,17,89,1,0,4.22,0,0
3879.18,958,12,73,1,1,1.5,0,0
4822.56,763,0,23,0,1,5.96,0,0
1022.81,624,4,12,1,0,9.97,0,0
2619.03,656,17,45,1,1,9.0,0,0
1439.25,450,15,52,0,1,2.86,0,0
3965.31,721,9,97,0,0,5.81,1,0
2890.08,43,3,28,1,0,1.24,0,1
3174.74,264,0,35,1,0,4.67,0,0
3990.58,1027,22,70,2,1,5.28,0,0
1982.87,596,7,93,0,0,3.22,1,0
4575.87,1040,4,16,0,1,4.89,1,0
2667.48,1083,1,47,0,1,9.21,1,0
793.98,1013,23,76,0,1,5.05,0,1
3481.02,177,16,23,1,0,8.33,1,1
3967.34,63,6,53,0,1,3.24,0,0
1587.22,958,16,94,2,1,9.72,0,0
4286.61,1003,5,90,1,1,1.03,1,0
4531.19,561,21,84,0,1,5.9,0,0
1388.14,955,14,0,0,1,7.92,0,0
4917.69,850,4,78,1,1,8.16,0,0
707.85,604,14,66,1,0,2.06,0,0
1014.07,606,17,5,0,1,4.08,0,0
925.2,830,17,77,0,1,6.28,0,0
4470.48,746,20,54,1,1,3.23,0,0
3273.19,558,20,37,1,0,6.62,0,0
764.76,64,22,32,0,0,3.85,0,0
2204.42,942,5,7,1,1,3.57,0,0
3078.41,249,1,89,2,0,1.17,0,0
421.9,940,16,78,0,1,0.49,0,0
4412.67,157,20,77,1,1,8.37,1,0
4019.0,735,3,19,0,1,4.95,0,0
2528.51,985,11,54,0,0,5.67,0,0
4835.8,1090,18,47,0,0,3.78,1,0
2091.72,662,1,82,0,1,1.45,0,0
4920.63,1044,1,55,1,1,4.55,0,1
3341.26,33,13,96,1,1,2.37,0,0
3175.18,558,14,99,0,1,8.39,0,1
833.94,73,19,87,0,1,9.87,0,0
4410.23,825,1,9,1,0,8.9,0,1
2140.31,1079,3,51,0,1,5.33,0,0
815.36,61,18,49,0,0,6.32,0,0
67.97,272,8,33,1,0,9.49,0,0
2800.98,246,6,35,2,1,5.43,0,0
2639.36,628,12,60,0,1,6.42,0,0
3598.17,705,11,99,1,1,6.33,0,1
4451.84,662,2,15,0,1,7.11,0,1
401.64,310,12,78,1,0,6.44,0,0
3658.82,495,14,17,1,1,6.74,1,0
941.12,338,13,70,1,1,7.29,0,0
4291.59,579,23,46,1,0,8.11,0,0
4096.22,10,8,85,0,1,4.09,0,0
2706.26,49,12,31,0,1,7.48,0,0
3552.66,623,22,42,0,1,1.09,0,0
1575.18,731,21,82,1,1,8.77,0,0
2358.48,795,3,39,1,1,2.97,0,0
4109.08,971,20,64,1,1,4.09,0,0
2299.03,133,7,34,1,1,8.06,0,0
1792.2,83,2,68,0,1,6.41,1,1
2473.59,57,1,49,0,1,3.16,0,0
4142.11,376,18,11,0,1,2.33,0,0
1679.36,349,22,75,0,0,9.58,0,1
872.94,271,7,84,0,1,0.97,0,0
3561.51,111,16,57,1,1,0.14,0,1
4130.76,869,12,82,0,0,6.76,0,1
507.68,887,6,62,1,1,6.18,0,0
1203.17,76,8,72,1,0,7.4,0,1
714.15,329,11,48,0,0,7.34,1,0
1742.97,122,13,35,1,1,8.65,0,0
2254.5,41,13,53,0,1,9.23,1,0
3745.39,922,14,46,0,1,7.77,1,0
3257.48,642,2,31,0,0,2.4,0,0
3106.54,1047,14,98,0,1,4.69,0,0
1765.11,279,18,94,1,0,6.45,0,1
4208.03,763,23,52,1,1,5.44,0,0
2359.08,469,19,31,0,1,1.67,0,0
4895.63,9,13,61,0,1,5.93,0,0
3172.54,13,7,36,0,0,8.88,0,0
635.69,924,4,95,1,1,4.24,0,0
3382.51,923,18,37,0,1,6.72,0,0
1628.89,1076,3,29,1,0,6.2,1,0
3433.2,1075,13,57,1,0,3.83,0,0
352.86,653,15,31,0,1,5.7,0,0
878.53,621,19,65,2,1,2.18,0,0
4279.41,196,23,50,0,1,5.51,0,0
1139.76,417,5,10,2,0,8.01,0,1
4186.02,664,22,58,0,1,7.61,0,0
1399.98,148,5,19,0,1,3.64,0,0
3216.2,1001,2,36,1,1,1.21,0,0
3472.28,364,14,72,1,1,8.02,0,0
2565.71,402,2,48,1,1,2.72,0,0
1530.03,606,10,18,0,1,0.63,0,0
1067.16,229,2,54,2,1,4.51,0,0
170.78,537,9,39,0,1,7.42,0,0
1523.21,268,17,6,0,0,8.1,0,0
3267.55,1035,0,4,0,1,9.82,0,0
4691.83,126,15,41,1,0,1.98,0,0
4356.67,306,15,87,1,1,3.01,0,0
3831.49,628,9,47,0,1,6.13,1,1
3943.29,689,0,6,0,1,8.13,0,0
3326.6,1038,3,10,0,0,2.42,0,0
1305.13,281,2,72,0,0,4.16,0,0
4536.44,443,4,48,0,0,4.14,0,0
3355.31,837,11,29,1,0,7.75,0,0
2804.4,389,11,40,1,1,2.49,0,0
559.39,617,12,2,2,1,9.69,1,0
2238.04,147,23,85,0,0,5.15,0,0
2304.49,521,11,39,0,0,2.89,0,0
4323.5,630,15,50,0,1,2.91,0,0
2735.51,434,12,83,1,1,0.28,1,1
1905.1,144,4,31,0,1,6.96,0,0
4884.12,289,23,47,2,0,7.78,1,0
558.05,14,3,70,1,1,0.42,1,0
2115.63,257,20,70,0,1,5.9,1,0
214.91,858,14,19,0,0,7.84,1,0
3700.82,943,11,88,1,0,3.82,1,0
4590.79,464,18,34,1,1,4.38,0,0
1403.79,270,20,23,0,1,3.68,1,0
4292.42,623,18,39,0,0,3.22,0,0
1464.63,72,20,76,1,1,4.96,0,0
4554.3,74,10,51,1,0,1.74,0,0
3771.04,355,20,38,0,1,4.46,1,0
4025.51,497,5,67,0,1,9.42,0,0
94.94,988,8,60,0,1,0.37,1,0
4814.24,580,0,75,2,1,1.73,0,1
3634.72,910,11,80,0,1,7.8,0,0
1527.23,373,13,64,1,0,1.41,0,1
4147.83,362,5,61,1,1,2.79,0,0
1411.2,93,0,80,0,1,4.6,1,0
4364.41,324,21,1,1,1,9.44,0,0
567.34,384,1,5,0,1,1.92,0,0
3519.91,575,23,74,1,1,9.24,0,0
2705.79,736,10,42,1,1,7.21,1,0
487.19,737,2,81,0,0,6.74,1,0
1213.26,346,9,39,0,1,7.26,0,0
66.96,719,5,88,1,1,0.41,0,0
2346.5,781,5,38,0,1,1.08,0,0
1509.82,1020,19,27,0,1,3.41,0,0
2993.8,664,20,79,0,1,0.83,0,0
1489.7,600,1,62,2,1,9.88,1,0
1503.1,11,23,63,1,1,5.85,1,0
3717.25,187,9,11,1,1,4.92,0,0
245.47,726,22,40,0,1,7.88,1,0
4514.96,1039,5,28,0,1,9.77,0,0
4262.06,778,22,22,0,0,9.56,0,0
3340.68,411,16,84,0,1,7.95,0,1
2968.14,956,13,79,1,1,3.83,0,0
4462.05,585,4,50,1,1,0.75,0,0
930.72,1076,22,44,0,1,1.07,0,0
399.45,1052,16,89,1,0,0.11,0,0
1201.35,577,1,21,0,1,0.12,1,0
3973.92,1041,8,9,0,1,9.37,0,0
178.18,989,11,6,1,1,9.28,0,0
2916.12,743,18,72,1,0,6.71,0,0
4977.21,204,21,88,1,1,7.29,0,0
4279.2,1077,6,14,0,1,5.18,1,0
2609.62,974,8,76,0,1,2.45,0,0
322.89,940,20,45,0,1,9.15,0,0
4157.71,1078,15,89,1,1,2.85,0,0
2996.9,1055,19,84,1,1,7.42,1,0
579.09,1082,10,86,0,1,2.53,0,0
473.82,105,11,60,1,0,8.71,1,1
4548.59,253,14,91,0,0,6.55,0,0
3347.66,295,17,60,1,1,6.46,0,0
4147.29,668,18,50,0,1,1.06,0,0
4395.5,549,15,37,0,1,4.25,1,1
2861.0,631,14,11,0,1,5.3,0,1
2589.64,1091,4,87,0,1,3.01,0,0
2154.98,299,10,76,1,1,8.82,0,0
1588.15,101,14,65,1,1,8.39,0,0
2175.81,1080,17,53,1,0,4.99,1,1
3870.53,332,12,38,1,1,3.47,0,0
3011.61,836,3,75,0,0,8.04,1,0
4463.15,393,16,38,2,1,2.05,0,1
2219.68,874,3,77,2,1,0.81,0,0
3037.41,381,15,29,0,0,0.55,1,0
3158.38,92,22,47,0,1,0.48,0,0
2960.53,447,14,82,1,1,4.94,0,0
3514.66,109,13,30,0,1,2.63,0,0
1190.98,317,11,24,1,1,6.93,0,0
2564.26,442,2,67,0,1,6.57,0,0
525.6,218,9,50,1,1,5.47,0,0
1925.63,673,7,12,1,1,3.59,0,0
2440.9,278,5,99,0,1,8.52,1,0
3262.86,1009,21,62,0,1,7.13,0,0
4752.9,569,13,41,0,1,2.79,0,0
3005.25,1010,16,53,0,1,5.07,0,0
3719.25,875,20,66,1,1,1.65,0,0
2533.8,466,18,79,0,0,3.35,1,0
3172.35,839,15,89,1,1,9.97,0,0
359.31,754,14,55,0,1,2.32,0,0
1275.69,838,14,18,1,1,7.01,0,1
1812.46,30,0,45,2,1,2.46,0,0
2365.1,359,23,14,0,0,9.39,0,0
233.02,86,22,31,2,1,3.17,0,0
704.42,747,22,48,1,1,3.53,0,0
1387.69,313,11,20,0,1,5.98,0,1
4857.81,365,9,64,1,0,5.92,0,0
1660.08,905,13,69,0,0,5.83,0,0
2412.8,698,9,26,0,1,5.78,0,1
984.51,131,9,22,1,0,3.19,0,0
3055.85,803,19,46,1,1,4.4,0,0
1407.01,789,10,94,1,0,5.97,0,0
1038.93,351,21,11,0,1,6.75,0,0
2585.28,180,15,84,2,1,2.61,0,0
32.5,774,8,65,1,1,7.04,0,0
43.28,510,14,4,2,1,9.24,1,0
1099.25,365,13,8,0,1,7.6,0,0
188.42,981,18,19,1,0,0.93,0,1
544.59,353,8,81,1,1,4.74,0,0
1697.61,800,3,62,0,1,4.41,0,0
4013.92,412,20,85,2,0,3.43,0,1
2862.38,735,6,71,0,0,4.96,0,0
2565.78,981,21,97,0,0,4.45,1,0
1470.98,118,7,72,2,1,0.16,1,1
4659.11,482,23,70,2,1,2.44,0,0
1988.09,192,7,29,0,0,2.22,0,0
440.03,591,18,81,0,0,3.56,0,0
3087.25,590,14,90,1,1,1.83,1,1
573.62,659,15,15,2,1,0.77,0,0
1729.39,107,21,84,1,1,2.05,0,0
2539.52,382,22,4,1,1,8.56,0,0
4371.74,783,8,28,1,1,7.99,0,0
2470.27,390,11,46,0,1,4.48,0,0
3512.78,244,15,21,2,1,8.79,0,0
4964.12,585,3,77,0,0,2.4,0,0
661.79,869,4,56,1,1,5.88,0,0
1377.28,468,7,82,0,1,1.51,0,0
1975.91,866,0,34,0,1,8.35,0,0
2112.03,934,5,87,1,1,1.39,0,0
2058.05,604,14,59,2,1,0.42,0,0
4538.52,1015,3,69,1,1,2.81,1,0
3571.59,860,20,59,1,1,9.02,0,0
3041.49,13,10,57,0,1,1.38,0,0
1550.32,299,4,2,1,1,3.37,0,0
4119.83,1075,17,33,0,1,3.23,0,0
4775.53,787,23,44,0,0,8.04,1,0
4106.89,149,14,49,0,1,4.27,0,0
12.82,122,17,1,1,1,6.15,0,0
3183.82,538,19,14,2,1,4.1,0,0
260.42,376,12,36,1,0,5.56,0,0
1291.75,82,4,14,0,1,0.72,0,0
302.33,492,0,59,0,0,3.8,0,0
3020.96,356,21,95,1,1,8.57,0,0
3434.52,925,17,84,0,1,6.94,1,0
576.87,1068,13,63,0,1,9.82,0,0
1922.28,1005,4,80,1,0,7.9,0,1
2283.9,123,5,97,2,1,4.57,0,0
1848.42,708,23,95,0,0,6.8,1,0
609.52,330,15,51,0,1,7.78,0,0
2097.64,991,21,22,1,1,2.77,0,0
3757.13,323,20,98,1,1,0.69,1,0
359.68,770,11,36,1,1,4.12,0,0
405.5,433,19,40,0,1,1.53,0,0
1777.08,710,17,56,0,1,2.84,0,0
4708.92,794,1,96,2,1,9.47,0,0
3344.52,712,22,24,0,1,8.49,0,0
3394.96,539,20,36,1,1,5.97,0,0
1812.79,601,22,39,0,0,4.07,0,1
2970.34,257,12,84,1,1,2.72,1,0
55.61,871,16,45,1,1,5.76,1,0
3182.3,899,16,59,0,1,5.38,0,0
4566.87,809,15,97,1,1,7.83,0,0
3064.8,677,20,18,0,1,9.29,1,1
4369.12,271,17,90,2,1,3.36,0,0
3621.25,550,7,8,0,1,2.14,1,1
607.19,568,2,68,0,1,4.09,0,0
4512.75,986,16,4,0,1,4.43,0,0
336.89,359,17,88,1,1,0.49,1,0
2672.17,798,22,25,1,1,8.63,0,0
714.97,887,5,18,0,1,9.96,0,1
63.47,211,7,29,1,1,9.24,1,0
2113.06,287,22,99,1,1,8.62,0,1
1478.73,743,12,47,1,1,9.93,0,0
2432.57,1047,7,15,1,1,9.09,0,0
2888.11,296,18,70,1,1,6.91,0,0
223.48,6,5,17,1,1,1.75,0,0
619.4,550,22,55,0,1,1.65,0,0
2795.42,681,14,20,0,1,0.58,0,0
1719.12,795,9,30,2,1,4.18,0,0
3647.22,203,16,0,0,0,8.11,1,0
3263.2,325,0,2,0,1,4.95,0,1
4228.79,825,6,94,2,0,3.73,0,0
3464.0,244,12,24,0,1,1.18,0,1
2152.51,327,2,7,1,1,0.61,0,0
3366.47,987,18,64,1,1,4.05,0,0
1380.53,1071,14,61,2,1,1.09,0,0
1535.04,761,4,6,0,1,1.13,1,0
3945.98,1037,10,6,0,0,4.01,0,0
2234.87,907,21,7,2,1,5.08,1,1
3992.91,365,17,18,0,1,1.95,0,0
4113.0,73,2,16,1,1,6.88,0,0
4288.52,1070,5,10,1,1,4.25,0,0
4583.59,274,2,48,0,1,1.01,0,0
2157.77,208,4,10,2,1,6.41,0,0
1597.74,124,8,40,1,1,3.63,0,0
2913.08,1034,18,61,0,0,0.62,0,0
1859.01,543,12,51,0,1,9.49,0,0
3007.37,60,5,65,0,0,5.75,0,1
3529.4,899,10,67,0,1,4.83,0,0
3443.58,886,20,91,1,1,8.61,0,0
1875.89,782,20,96,0,0,9.37,0,1
838.47,442,13,74,0,1,2.28,0,0
2155.49,911,5,66,2,1,8.12,0,0
717.26,1026,5,39,1,0,8.33,0,0
4451.03,832,16,4,0,0,0.64,0,0
1732.66,1008,10,84,2,0,7.15,1,0
776.53,626,14,21,0,0,0.72,0,0
132.11,998,8,36,2,0,5.99,1,0
3230.88,734,20,10,1,1,6.73,0,1
3186.33,91,16,43,1,1,3.73,0,0
1706.32,167,23,85,1,1,8.82,0,0
363.2,959,6,52,1,1,8.03,0,1
2051.1,207,6,76,1,1,9.27,0,0
1559.53,1089,20,60,1,1,3.22,0,0
3387.22,516,0,66,0,1,0.31,0,0
3030.87,747,7,12,0,1,8.13,0,0
1826.15,306,4,91,1,1,2.31,0,1
1093.37,395,18,10,1,1,4.72,0,0
4940.24,187,7,10,1,1,8.19,0,0
2272.74,623,16,84,1,0,2.24,1,0
3442.93,730,18,84,1,1,3.19,1,1
707.06,240,11,6,0,1,4.45,1,0
2430.52,533,22,16,0,1,2.79,0,0
142.55,141,14,47,1,0,4.67,0,0
2529.75,139,3,13,1,0,0.2,1,0
4820.27,459,22,62,1,1,2.2,0,1
1924.11,70,11,63,1,0,8.34,0,0
199.79,385,12,96,1,1,4.19,0,0
159.62,630,13,74,1,1,6.4,0,1
1942.99,198,4,76,0,1,2.4,0,0
804.32,205,21,64,1,0,6.53,1,0
121.64,568,15,33,0,1,10.0,0,1
3782.29,982,6,8,0,0,5.99,0,0
2295.32,805,14,76,0,1,6.32,0,1
1449.78,859,12,36,0,1,1.2,0,0
4500.92,882,15,29,0,1,4.09,0,0
585.11,974,11,40,0,1,8.62,0,0
4779.81,640,6,44,0,1,8.36,0,1
1573.26,325,15,46,2,1,5.27,0,0
4442.58,442,22,6,0,0,9.04,0,0
3016.7,804,22,13,1,1,1.52,1,0
4134.4,288,12,47,1,0,6.62,1,0
4920.15,226,22,5,0,1,2.56,0,0
1445.59,1088,2,33,0,1,6.49,0,0
4805.87,967,14,79,0,0,0.97,0,1
1950.46,938,2,99,1,1,9.44,1,1
1930.63,560,6,45,0,0,7.88,1,0
1705.23,714,17,58,0,0,2.09,0,0
2709.33,498,13,69,0,1,6.41,0,0
774.95,849,17,7,1,1,7.62,0,1
2770.79,926,18,23,1,0,2.17,0,0
2710.82,60,13,66,0,1,1.02,0,0
3810.7,257,19,3,0,1,3.58,0,0
4169.08,577,5,95,0,1,1.44,0,1
2205.0,239,7,0,0,1,5.7,1,0
1515.15,38,6,33,0,0,4.3,0,0
1300.38,25,19,8,1,0,4.68,0,0
977.15,410,17,62,1,0,5.47,0,0
292.95,461,17,75,1,0,9.82,0,0
1715.53,988,14,9,1,0,7.95,0,0
1354.89,357,19,9,0,1,6.33,0,0
4832.25,383,21,49,0,1,3.7,1,0
2790.76,569,18,43,0,1,0.37,1,0
1739.65,1072,21,47,1,1,1.25,1,0
2904.44,433,20,86,0,0,7.34,0,0
700.29,56,20,5,2,0,3.76,0,0
2223.0,577,1,87,1,1,3.41,0,0
3133.04,268,7,23,0,0,8.9,0,0
2447.04,69,20,84,1,1,4.9,1,0
2011.89,902,10,94,0,1,9.01,0,0
4969.27,793,17,57,0,1,8.88,0,0
4402.17,257,22,63,0,1,0.89,1,0
3118.91,672,12,93,0,0,9.46,1,0
2849.04,490,8,55,1,1,0.86,0,0
3105.2,746,8,97,1,1,9.64,0,0
1010.55,49,16,81,0,1,4.58,0,0
1978.71,316,6,11,0,1,7.63,0,0
202.1,413,8,34,0,0,7.09,0,0
2380.35,434,21,70,1,1,5.23,0,0
2717.41,1026,0,88,0,1,6.23,0,0
1142.61,420,1,5,0,1,9.5,0,0
4820.32,844,3,64,0,1,9.28,0,0
4547.73,916,13,79,0,0,6.58,0,1
3612.11,434,3,59,1,0,6.61,1,0
2669.27,643,1,67,1,1,2.54,0,1
4350.5,57,7,28,1,1,8.3,0,0
657.61,964,17,37,1,1,6.36,0,1
3953.6,977,18,91,1,1,8.28,0,0
628.48,46,13,21,0,1,6.61,1,0
3972.08,417,19,7,0,1,3.06,0,0
1382.46,848,9,62,0,1,1.98,0,0
4386.07,139,16,95,1,1,0.86,0,0
4720.49,247,7,96,2,0,5.9,0,0
748.24,230,13,12,0,1,2.91,0,0
2316.06,792,20,26,0,1,6.34,0,0
4905.03,637,22,17,0,0,0.68,0,1
2419.62,374,7,17,1,1,3.82,0,0
4318.42,738,4,76,1,1,2.68,1,0
2945.71,1089,15,85,0,1,3.77,0,0
1879.77,88,7,61,1,1,0.64,0,0
1432.49,713,9,13,1,1,7.27,0,0
1020.1,601,7,10,0,1,1.26,0,0
3810.18,539,8,85,0,1,0.24,0,0
1935.77,214,17,99,1,0,9.47,0,0
2558.82,74,2,16,0,1,2.01,0,0
2464.17,61,16,50,0,1,8.3,0,0
2888.51,698,19,95,0,1,9.65,0,0
4328.56,12,14,13,1,0,5.39,0,0
4903.79,814,20,56,1,1,5.31,0,0
2040.88,32,16,92,1,1,3.74,0,0
4138.46,1001,7,5,0,1,4.31,0,0
3823.82,237,1,56,0,1,4.87,0,0
2869.78,558,16,3,1,0,1.61,0,0
4780.46,647,17,10,0,1,3.71,0,0
1006.37,987,4,73,1,1,8.18,0,0
550.77,820,8,91,0,1,1.91,1,0
4270.54,473,8,10,1,1,7.33,0,0
2198.55,112,1,98,1,1,6.55,1,0
4235.61,383,1,78,1,0,0.67,0,0
4465.99,17,18,7,0,1,0.32,0,0
316.98,493,22,83,1,1,3.59,0,0
4417.91,926,2,58,0,0,6.95,0,1
2244.35,117,16,20,1,1,3.37,0,0
2554.61,880,13,64,0,1,6.71,0,0
3134.83,115,13,92,1,1,6.69,0,0
4632.28,814,13,23,0,0,8.08,0,0
100.48,644,5,29,1,1,1.08,0,0
2386.83,336,2,98,1,1,5.81,0,0
3440.17,922,0,96,0,1,0.72,0,0
3614.92,147,15,83,2,1,1.84,0,0
3464.2,122,3,56,0,0,3.32,0,1
676.5,81,0,79,2,1,7.1,0,1
1500.48,685,16,72,1,1,9.74,0,0
1796.78,662,17,94,2,1,3.49,1,0
4023.16,375,7,16,0,1,5.26,0,0
1397.41,63,1,58,0,1,2.66,0,0
1057.47,504,17,30,1,1,6.79,0,1
4787.45,668,15,63,2,1,3.73,0,0
49.27,449,9,47,0,1,4.87,0,0
4989.12,868,7,22,0,1,5.72,0,0
3385.72,680,11,69,0,1,6.89,0,0
4143.2,461,21,29,1,1,0.69,0,0
1476.62,459,15,54,1,0,5.59,0,0
76.5,464,11,6,0,1,4.37,0,0
3690.66,912,10,74,0,0,1.42,1,0
4171.55,379,19,97,1,1,2.16,0,0
3703.68,1026,18,11,0,1,8.85,0,0
718.54,364,0,59,1,0,8.73,0,0
3768.37,72,2,51,0,1,0.43,0,0
3845.77,638,11,26,1,1,6.93,0,0
3294.41,337,8,11,1,0,5.59,0,0
3831.75,195,20,12,1,1,9.4,1,1
4230.38,1012,21,71,0,1,9.09,0,0
3069.95,653,4,79,1,1,5.84,0,1
447.58,7,0,61,0,1,1.48,1,0
2440.7,905,9,28,1,0,4.65,1,0
392.86,979,16,34,0,0,7.28,0,0
2040.68,566,3,59,1,1,9.52,0,1
2038.5,616,14,28,0,1,3.7,1,0
334.72,573,18,30,0,1,7.87,1,0
1747.36,599,7,76,0,1,6.87,0,0
559.44,770,22,75,2,1,0.88,0,0
4042.13,242,14,60,2,1,5.62,0,1
4738.7,766,6,1,0,1,1.92,0,1
366.22,384,14,32,0,0,6.87,0,0
4775.8,391,7,71,0,0,6.14,0,0
2615.27,896,22,61,0,1,9.73,0,1
1501.33,688,9,58,1,1,9.36,0,0
388.93,47,17,39,0,0,0.19,0,0
2505.62,619,3,48,1,1,0.89,0,0
3973.61,464,14,31,1,1,7.71,0,0
3536.9,123,10,37,1,0,6.89,0,0
255.88,134,21,91,1,1,8.03,1,1
369.14,841,2,78,0,0,2.74,0,0
2017.35,849,14,86,0,1,8.51,0,0
1479.98,607,2,87,1,0,4.48,0,1
1165.76,23,14,12,0,1,2.69,1,0
1408.62,566,5,84,0,0,0.21,0,0
4018.4,766,0,53,2,1,8.73,0,0
4646.49,965,13,75,1,1,5.4,0,0
2028.49,235,15,12,0,1,9.76,0,0
4531.02,996,0,38,1,1,7.18,0,0
1610.87,1083,20,22,0,1,0.9,0,0
2384.8,826,16,91,2,0,5.92,0,0
1134.01,216,7,13,0,1,0.27,0,0
3204.18,657,17,16,1,1,5.62,0,0
4895.01,935,15,23,1,1,3.57,0,0
3019.45,311,5,57,0,1,6.47,0,1
1792.28,557,9,62,1,1,5.46,0,0
3240.85,972,9,33,2,1,2.69,1,0
618.99,257,4,50,1,1,1.71,0,0
4443.85,533,11,85,0,1,4.11,0,0
2517.9,52,19,9,1,1,9.87,0,0
2249.5,1091,16,71,2,1,4.41,0,0
2931.39,300,13,20,0,1,7.51,1,0
3125.8,672,13,36,1,1,0.66,0,0
363.52,778,2,6,0,1,3.85,1,0
3414.67,832,11,89,0,1,5.85,0,0
1213.45,232,19,12,0,1,7.54,0,0
3571.19,975,17,79,2,1,5.33,1,0
4113.56,1092,11,29,1,0,5.2,0,0
4020.77,28,1,30,0,0,7.66,0,0
2764.74,1075,1,4,1,1,3.2,1,0
2603.25,591,16,31,1,1,1.0,0,0
718.67,785,9,15,1,1,3.54,0,0
3877.85,620,17,72,0,1,1.67,0,0
1360.69,586,21,21,2,1,9.66,0,0
2485.99,1002,18,63,1,1,5.82,0,1
1424.95,184,20,43,1,1,4.52,0,1
673.47,1047,0,39,0,0,9.13,0,0
3149.64,129,23,36,0,1,9.01,1,0
276.39,291,3,77,0,1,4.22,0,0
3744.48,501,3,15,2,1,8.76,0,0
1591.35,186,1,42,0,1,0.73,0,0
5.67,479,18,83,1,1,8.87,0,0
2558.09,492,20,62,0,0,3.17,0,0
239.03,513,11,14,0,0,5.69,0,1
1384.47,1091,9,43,0,0,2.77,0,0
3536.35,467,12,89,1,1,9.85,0,0
318.13,285,21,8,1,0,0.81,0,1
4197.5,601,22,64,2,0,4.52,0,1
24.08,189,19,98,2,1,6.25,0,0
1237.89,989,22,43,0,1,6.19,0,0
3705.82,890,14,19,1,1,7.41,0,0
1584.77,388,2,69,0,1,7.27,0,0
513.95,241,22,73,1,1,7.95,1,0
1804.37,417,19,32,0,0,2.42,1,0
1355.61,176,12,79,1,1,3.77,0,0
4214.35,387,7,99,0,1,3.88,0,0
1570.17,853,6,5,0,1,9.56,0,0
3945.72,663,23,82,0,1,4.15,0,0
4459.9,452,7,30,0,1,2.3,0,0
2171.92,277,17,65,0,1,6.36,1,0
4550.17,213,8,17,1,1,4.33,0,0
1889.7,41,5,27,1,1,2.58,0,0
4820.57,294,3,67,0,1,7.18,1,0
451.0,600,14,64,0,1,2.0,1,0
3436.66,541,4,79,0,1,6.37,0,0
2471.6,451,4,44,1,0,4.36,0,0
1941.31,1085,6,57,0,1,3.26,0,0
3165.4,790,8,46,1,0,9.47,0,0
3520.77,334,6,65,0,1,3.31,0,0
26.79,891,8,51,0,1,3.54,0,0
838.93,44,19,35,0,1,8.72,0,0
3566.67,144,9,0,0,1,1.38,0,1
3333.6,333,3,38,0,1,1.17,0,1
4830.41,998,5,86,0,1,2.9,0,0
3806.38,55,23,89,0,1,5.96,1,1
4754.11,870,13,74,1,1,3.9,0,0
3514.19,797,8,0,0,0,6.12,0,0
1493.77,325,0,74,0,1,1.68,0,0
531.3,80,16,87,0,1,2.69,0,0
3910.21,1055,12,73,1,0,5.7,0,0
3222.53,985,23,13,1,1,2.25,0,1
245.69,558,6,77,1,0,4.29,0,0
1803.45,865,8,70,0,1,5.77,0,0
4784.22,717,10,22,0,0,9.74,1,0
2504.5,472,2,42,0,1,0.89,1,0
2166.48,74,11,21,0,1,4.66,0,0
2291.21,589,20,59,1,1,4.02,0,0
1048.37,564,2,99,1,1,8.26,0,1
1846.69,467,14,26,1,1,9.01,0,0
1852.22,599,20,55,0,1,9.08,0,0
266.51,992,9,1,0,1,3.81,0,0
3839.0,737,0,38,0,1,3.12,1,0
2085.44,994,13,50,0,0,4.55,0,0
4111.79,248,19,18,2,0,3.51,1,0
4252.49,67,5,61,0,1,7.22,0,0
1063.91,573,1,70,2,1,2.21,0,0
3288.48,703,22,75,1,0,6.62,0,0
2364.05,470,7,66,0,0,9.28,1,0
4401.38,493,0,62,0,1,2.87,0,0
1082.62,663,3,4,1,1,6.8,0,0
3390.68,286,3,71,0,1,1.52,0,0
3040.72,312,4,77,0,1,1.3,0,0
1480.03,309,19,60,0,0,1.24,0,0
687.32,775,8,99,0,1,1.47,0,0
3259.94,965,22,70,1,1,2.24,0,0
3694.29,456,12,6,0,1,5.67,0,0
1581.56,132,17,49,1,1,7.69,0,0
3225.94,930,16,45,1,1,1.36,0,0
1978.68,965,0,95,0,1,8.71,0,0
3567.47,929,21,71,1,0,8.44,0,0
1000.08,121,14,75,0,0,7.3,0,1
4451.62,634,1,73,1,0,4.32,0,0
1440.61,897,15,13,0,1,0.12,0,0
1842.09,772,19,72,0,1,7.37,0,0
295.17,1063,21,93,0,1,8.8,1,0
562.0,566,4,68,1,1,3.42,0,0
2581.73,512,21,64,0,1,7.21,1,1
1341.63,289,18,64,0,0,0.71,0,0
4178.22,200,4,56,0,0,7.12,0,0
78.39,528,1,61,0,0,0.78,0,1
1898.57,917,6,19,1,1,5.91,0,0
1690.04,1086,2,74,1,0,6.02,0,1
101.54,799,16,25,2,1,3.09,0,0
626.22,1066,23,43,0,1,0.88,0,0
2071.15,12,23,66,0,0,9.5,0,0
2466.86,833,2,69,1,0,5.4,0,0
2024.43,841,12,61,1,1,5.84,0,0
2657.03,643,6,44,0,0,6.19,0,0
2977.68,106,23,10,1,0,8.92,0,0
54.57,691,2,71,1,1,0.7,0,0
2323.16,528,14,92,0,1,8.94,0,1
4817.68,846,17,73,1,0,2.47,0,0
2597.57,893,9,33,0,1,0.87,0,0
3389.32,387,22,87,2,0,6.61,0,0
1562.76,481,6,45,1,1,9.77,0,1
3871.09,408,8,80,0,1,0.67,0,0
3865.74,898,4,31,0,1,4.32,0,0
2608.87,711,19,74,2,1,5.34,0,0
4880.19,639,7,97,1,1,2.6,0,1
632.12,1045,13,87,0,1,9.83,0,0
89.65,815,3,4,1,0,6.45,0,0
3851.94,918,19,62,1,1,8.46,0,0
4036.74,203,13,28,0,1,4.22,1,0
605.44,417,11,47,0,1,3.6,0,0
1331.59,416,1,97,1,1,5.58,0,0
92.67,85,12,15,0,1,4.41,0,0
1470.08,167,0,24,0,0,7.18,0,0
3866.84,384,19,71,1,1,2.73,0,1
2592.21,468,6,28,0,0,4.55,0,0
1743.74,810,8,51,0,0,8.96,0,0
1861.84,997,16,45,0,0,7.59,1,0
11.76,473,20,24,1,1,1.76,0,0
1502.5,993,22,22,1,0,8.88,0,0
3234.06,275,12,33,1,1,5.93,1,1
4871.1,1044,22,66,0,1,6.82,1,0
4236.07,490,9,93,1,0,3.01,0,0
122.86,326,15,33,2,0,4.47,1,0
4493.31,529,5,31,0,0,8.09,1,1
3917.08,892,15,28,0,1,3.37,1,1
3902.98,89,10,8,1,0,1.73,0,1
2292.69,486,19,65,0,1,3.85,0,0
1993.04,708,2,56,0,1,0.79,0,0
1518.06,350,8,38,0,1,7.21,1,0
333.15,387,14,6,0,1,1.56,0,0
1145.04,87,12,68,0,1,2.92,0,0
1236.79,307,9,7,0,1,8.82,0,0
2422.96,440,19,95,1,1,5.45,0,0
3738.48,740,23,17,1,0,3.28,0,0
2371.68,264,12,81,1,1,5.52,0,0
293.93,977,16,48,0,1,2.26,0,0
4789.16,735,6,15,1,0,0.35,0,0
4713.91,421,5,20,0,1,6.08,0,1
3927.02,493,12,9,1,1,7.17,1,0
4956.68,633,16,3,1,1,8.81,0,0
2724.69,993,14,43,1,1,7.74,0,1
4814.03,411,3,7,0,1,9.27,1,0
382.65,173,14,54,1,0,9.86,0,0
1831.58,4,13,18,0,1,7.47,0,0
1130.78,854,20,63,0,0,8.69,0,0
983.19,986,10,39,0,1,6.77,0,0
708.31,1061,23,50,2,1,1.79,0,0
3113.96,583,3,8,0,0,1.9,0,1
3907.7,1055,2,29,1,1,1.19,0,1
2893.6,381,1,55,0,0,9.44,0,0
739.08,1035,19,80,0,0,6.76,0,0
4056.56,344,9,43,1,1,7.92,0,1
3181.59,166,12,58,0,0,3.38,0,0
1943.89,700,19,14,1,1,4.66,0,0
3372.28,342,20,67,1,0,0.49,0,0
1303.23,1043,22,69,1,0,8.9,0,0
1729.24,980,17,60,1,0,8.54,0,0
4587.84,545,20,79,0,1,7.87,1,1
1456.07,1034,15,89,0,0,0.68,1,0
2352.59,192,10,22,0,1,1.83,1,0
4451.25,320,9,76,0,1,3.41,0,0
3540.07,580,8,46,2,0,2.7,0,0
315.71,475,11,16,1,0,8.4,0,0
740.78,637,18,56,1,1,2.03,0,0
44.17,427,0,53,1,1,5.37,0,0
3156.45,1083,17,90,0,1,5.76,0,0
2241.13,97,13,51,1,1,4.31,0,0
675.7,496,21,21,1,1,2.48,0,0
4789.88,661,20,82,0,1,9.61,0,0
2650.65,9,0,38,1,1,4.19,1,0
1213.26,457,16,98,1,0,7.3,0,0
2505.51,273,10,12,0,0,1.92,0,0
3399.7,940,19,77,1,1,8.25,0,0
385.81,1032,14,94,0,1,2.24,0,0
1377.15,208,3,65,0,0,6.79,0,0
4035.79,1057,14,51,1,1,5.11,0,0
2301.03,204,21,13,1,1,1.55,0,0
2735.15,518,21,72,1,1,0.35,1,0
2166.92,517,13,73,1,0,9.31,0,0
224.28,443,21,62,2,1,1.34,0,0
832.92,689,0,70,2,0,7.08,1,0
2230.48,850,8,27,0,0,6.56,0,0
1049.88,833,6,88,0,0,3.48,0,0
254.65,339,22,45,0,1,1.94,1,0
4219.03,387,10,27,1,1,1.87,0,0
4906.06,1049,22,1,2,1,5.89,0,1
3966.75,506,1,16,0,1,5.51,0,0
4269.66,680,1,58,1,1,8.77,1,0
1213.68,690,5,51,1,0,6.44,0,1
4803.33,885,22,3,0,0,8.21,0,0
988.64,623,18,76,0,1,0.42,0,0
4757.39,893,19,81,0,1,6.74,0,0
4974.12,953,13,2,0,1,2.41,0,0
3560.06,784,2,36,1,1,2.6,1,0
4905.81,495,6,96,0,1,7.23,0,0
2849.85,1062,6,23,1,1,7.95,0,1
1301.41,747,3,71,0,1,3.78,0,0
2187.79,437,22,34,1,1,7.92,0,0
2969.84,345,4,1,0,1,4.49,0,1
370.04,550,16,32,1,1,8.59,0,0
3113.6,820,3,75,0,1,0.35,0,0
4905.98,541,22,85,1,1,0.93,0,0
954.59,144,12,76,1,1,7.79,0,0
3964.01,588,15,9,1,1,6.28,0,1
4539.95,657,15,80,0,1,5.63,0,0
4718.79,345,1,61,0,1,6.18,0,1
4800.88,696,17,42,0,1,9.31,0,0
2609.69,268,0,68,0,1,6.59,0,0
4886.65,169,17,58,2,1,6.51,0,0
3787.76,33,7,8,0,0,7.62,0,0
812.55,377,10,76,2,1,8.68,0,0
2387.12,393,23,59,1,1,2.69,0,0
3593.06,489,23,62,0,1,6.21,0,1
1240.46,722,14,51,1,1,5.88,0,0
3204.87,946,15,22,0,1,1.44,0,0
3334.67,1053,16,29,0,1,5.25,0,0
817.69,39,16,42,0,0,0.79,1,0
2827.6,1041,11,67,2,1,1.93,0,0
3859.28,1080,9,20,0,1,9.14,0,0
2496.98,226,19,42,1,0,1.28,0,0
65.46,67,5,72,0,1,5.83,0,0
50.15,835,7,6,1,1,3.3,0,0
1788.36,1047,12,15,0,1,5.6,0,0
4631.34,999,1,22,0,0,2.43,1,0
1147.24,237,18,57,0,0,4.5,0,0
3173.65,957,21,86,0,1,8.69,0,1
1114.27,919,9,30,1,0,3.82,0,0
1611.74,473,3,68,0,1,3.6,0,0
4240.97,553,11,5,2,1,4.52,0,0
3645.66,695,17,64,0,1,1.09,0,0
481.52,317,6,58,0,0,3.93,0,1
2146.37,598,19,27,0,1,0.17,0,0
150.7,768,23,17,0,1,5.08,1,0
2407.05,886,23,87,2,1,8.49,0,0
3313.86,561,22,76,1,0,5.57,0,0
596.92,258,3,96,1,0,6.12,0,0
1447.98,757,6,9,1,1,0.4,0,0
1992.19,123,9,6,1,1,8.61,0,1
4598.06,342,14,36,1,1,3.91,0,0
4966.31,1083,11,95,1,0,9.75,1,1
229.33,260,0,44,0,1,1.29,0,0
3806.23,95,19,85,1,1,9.45,0,0
1861.76,41,17,15,1,0,6.38,1,0
1965.33,254,15,87,0,1,0.62,0,0
3772.55,7,4,13,1,1,9.72,0,0
4592.54,728,18,10,0,1,0.24,0,0
4754.89,69,3,82,1,1,7.33,0,0
2887.73,542,5,86,0,1,8.91,1,1
1788.82,89,16,33,0,1,1.84,0,0
3938.81,213,6,59,0,1,3.5,0,0
1258.75,834,23,12,1,1,5.66,0,0
2822.55,266,22,38,0,1,6.83,0,0
1796.1,912,6,43,1,1,8.73,0,0
3284.87,293,8,27,1,0,7.63,0,0
1205.79,333,12,39,0,1,3.7,0,0
962.01,1005,19,15,2,1,8.24,1,0
4591.6,47,13,49,0,0,9.66,0,1
513.51,622,15,27,1,1,2.35,0,0
2532.26,427,22,67,0,0,0.83,1,0
1108.16,210,8,91,0,0,4.32,0,0
199.46,888,14,59,0,0,8.83,0,0
184.91,154,4,11,1,1,1.59,0,1
880.23,415,17,15,2,1,8.87,0,0
4334.52,769,20,52,0,1,9.92,0,0
1415.98,983,19,53,0,1,0.63,1,0
4752.54,579,7,48,2,1,5.0,0,0
2910.2,740,14,35,0,1,3.36,0,0
2185.89,163,20,61,1,0,4.0,0,0
2902.54,1039,8,83,1,1,4.57,1,0
2585.91,195,18,25,0,1,7.42,0,0
3795.09,542,21,55,1,0,5.95,0,0
1416.07,359,5,89,2,0,9.62,0,0
1768.49,850,3,21,0,1,3.39,0,0
4471.0,427,10,72,1,1,5.46,0,0
4732.55,497,9,68,1,0,8.15,0,0
4463.33,828,2,80,0,0,3.79,0,0
2100.14,486,0,48,0,0,4.71,0,0
3902.93,330,11,97,1,1,6.88,0,0
2384.3,889,22,1,0,1,8.62,1,1
2490.21,991,14,52,0,0,4.22,0,0
1027.38,259,14,6,2,0,5.37,0,0
2957.7,292,20,99,1,1,9.75,1,0
934.75,143,13,76,2,0,0.52,0,0
1661.17,747,6,19,0,1,4.54,0,0
4275.88,627,16,93,1,0,6.4,0,0
1039.34,90,23,29,1,0,0.18,1,0
360.44,720,18,74,2,1,6.01,0,0
349.69,481,6,94,2,1,0.66,0,0
4704.22,84,2,66,2,1,8.59,0,1
2537.07,673,2,58,2,1,8.09,0,0
2050.01,517,17,65,0,1,0.42,0,0
4055.34,485,19,2,1,1,0.58,1,1
4179.95,782,21,55,0,1,7.56,0,0
1664.29,104,13,78,1,1,3.76,0,0
3469.62,339,2,16,2,0,5.79,0,1
3856.76,687,6,51,0,0,2.78,0,1
3274.98,900,6,6,1,0,1.81,0,0
762.22,607,4,4,1,1,3.03,0,0
4380.04,223,2,97,0,1,2.54,1,1
2697.78,1033,17,96,0,0,4.54,0,1
1415.95,1077,14,53,0,1,7.49,1,0
2129.01,503,19,60,0,0,5.59,0,0
192.67,822,13,15,1,1,6.13,1,0
643.69,624,3,66,1,1,4.75,1,0
3828.91,165,23,58,0,1,3.31,0,0
5.06,1051,7,46,2,0,1.52,0,0
2085.75,1094,20,47,1,1,3.61,1,0
2614.94,19,12,63,1,1,6.69,0,0
277.9,1046,21,49,0,1,7.36,0,0
4865.53,989,7,84,1,0,4.74,0,0
1134.5,450,14,40,0,0,6.49,0,0
1524.47,552,16,71,1,1,2.18,0,0
1523.19,1072,4,21,1,1,8.61,0,0
1155.93,695,19,53,0,1,8.67,0,0
12.36,587,3,4,2,1,3.27,0,1
3648.08,721,10,16,0,1,5.52,0,0
4834.39,107,17,77,0,1,6.11,1,0
1125.35,776,9,40,2,0,4.78,0,0
3316.92,898,16,91,0,0,9.12,0,0
3710.77,336,14,94,1,1,7.42,0,0
4242.88,607,5,80,1,0,6.76,0,0
2116.03,838,22,34,0,1,5.25,1,0
1518.14,602,20,39,2,1,0.94,0,0
1629.85,403,15,21,0,1,1.17,0,0
3564.54,540,14,47,0,1,3.06,0,0
4084.81,24,7,52,2,1,2.19,1,0
912.16,624,8,92,1,0,9.53,0,0
1857.85,1080,10,9,1,1,4.16,0,0
4510.19,986,1,17,1,1,8.78,0,1
4034.43,223,12,98,0,1,8.2,0,1
4924.37,179,3,79,0,0,8.14,0,0
3772.47,800,8,48,0,1,2.24,0,1
1969.01,434,4,70,1,1,4.53,0,0
2955.24,793,18,29,0,1,3.25,0,1
3306.77,884,21,18,0,0,9.71,0,0
396.89,492,2,54,0,1,8.78,0,1
2724.76,810,20,59,0,1,2.57,0,0
3548.06,961,2,86,1,1,3.2,0,1
840.77,420,5,71,2,1,5.34,0,0
3904.26,649,9,80,0,1,2.86,1,1
2920.95,476,4,20,0,1,8.26,0,0
4761.35,170,2,25,1,1,8.21,1,1
216.9,174,21,27,0,1,7.27,0,1
1330.3,470,23,38,2,1,6.92,1,0
3009.76,345,6,32,1,1,5.52,0,0
1486.32,445,21,39,0,1,3.54,0,0
3573.55,1042,17,82,2,1,8.39,0,1
3796.23,1094,22,28,0,0,8.6,0,1
517.07,628,7,19,0,0,0.59,0,0
2571.7,592,0,19,0,1,4.05,0,1
2546.91,527,3,73,2,0,0.36,0,0
1849.56,456,23,11,1,1,8.41,0,0
4664.96,811,6,96,0,1,1.85,0,0
4138.39,188,13,24,1,1,6.77,0,0
3487.56,1021,12,24,1,0,3.64,0,0
3573.06,711,9,3,0,0,8.18,1,1
2311.27,529,22,3,1,1,5.15,0,0
4605.37,434,17,8,1,1,3.31,0,0
3474.5,288,0,14,1,1,3.31,0,0
3646.26,499,3,25,0,1,3.34,0,1
4309.15,303,15,78,0,0,7.91,0,1
1373.99,87,15,89,1,0,7.14,0,0
4036.32,830,17,91,1,1,3.26,1,0
980.23,438,7,70,1,1,4.95,0,0
1729.98,541,9,31,1,1,0.85,0,0
1681.37,1046,15,75,1,0,8.29,0,0
4892.73,833,22,98,1,0,2.73,0,0
4283.4,797,23,51,0,1,8.9,0,1
3507.34,560,10,31,0,1,6.01,0,1
3636.65,762,5,8,0,0,5.72,0,1
2812.55,467,0,77,0,1,1.71,1,0
4735.72,675,11,12,1,0,0.79,0,0
2483.81,685,5,55,2,1,5.57,0,1
1905.69,138,12,43,0,0,4.73,1,0
819.36,578,16,96,2,1,1.28,0,0
3932.1,710,0,95,1,0,8.37,0,0
3673.55,228,7,82,1,0,4.23,0,0
1924.85,281,21,29,1,1,2.68,0,0
130.84,684,7,15,0,1,7.9,0,0
4195.79,828,23,11,0,1,9.14,1,0
62.03,431,10,73,1,0,3.13,1,0
3519.98,1064,13,65,2,1,7.78,0,0
4851.43,302,23,17,1,1,6.56,0,0
2191.12,533,9,12,0,1,9.9,0,1
1178.69,769,14,92,0,0,2.12,0,0
3525.83,444,6,23,2,0,9.61,0,1
4086.56,1057,6,11,0,1,3.22,0,0
2734.42,260,9,59,2,1,4.18,0,0
4835.34,739,3,59,1,1,3.65,0,0
263.09,796,17,92,1,1,2.76,0,0
2526.45,70,9,85,1,1,6.96,0,0
3593.68,983,18,99,0,1,5.93,0,0
4313.89,481,13,0,1,1,3.13,0,0
900.38,24,12,42,1,1,1.41,0,0
4001.02,965,14,54,1,0,3.24,0,0
2765.77,746,15,39,1,0,3.87,0,0
1985.79,845,1,63,0,0,3.87,0,1
662.92,325,3,33,1,1,3.64,1,0
4327.15,798,20,33,0,1,0.58,0,0
790.58,18,17,47,0,1,4.69,0,0
1552.39,44,16,32,1,1,8.38,0,0
1453.78,155,9,67,0,1,1.89,0,0
4357.71,867,20,29,1,0,1.54,0,0
3365.15,922,8,83,0,1,4.77,0,0
3984.42,743,14,89,0,1,3.77,0,0
1256.09,225,11,78,0,0,5.66,0,0
3126.25,217,20,70,0,0,9.48,0,0
2860.87,31,8,70,1,0,7.63,0,0
4164.99,1083,13,28,1,1,6.9,0,0
4530.9,898,12,22,2,0,4.22,0,0
65.72,935,5,33,0,1,2.94,0,0
3371.73,445,18,83,1,1,5.45,0,0
263.92,530,3,14,1,1,8.87,0,0
2746.55,738,19,96,0,1,8.78,1,0
1441.73,874,16,52,1,1,4.51,1,0
1537.35,566,18,16,1,0,2.54,0,0
1768.03,76,2,63,0,0,2.33,0,1
3108.36,547,13,83,1,0,0.44,0,0
1673.58,267,16,60,0,1,8.44,0,0
3664.83,317,12,56,0,1,2.72,0,0
2025.61,25,8,76,0,1,3.65,1,0
346.42,160,0,87,1,1,8.11,0,1
3919.88,596,16,36,0,0,1.29,1,0
1432.36,900,15,6,0,1,4.67,0,0
2166.67,502,17,7,1,0,1.31,0,0
3428.79,1013,1,86,1,0,4.47,0,0
1665.62,703,13,77,1,1,0.57,0,0
287.65,1,21,67,0,1,5.22,0,0
1872.74,741,22,20,1,0,7.98,1,1
4722.52,320,16,60,0,1,6.8,1,1
3210.46,382,2,73,1,1,5.14,0,0
3359.04,898,1,85,1,0,8.3,0,0
3163.25,717,7,93,1,0,2.36,0,0
998.97,307,1,93,1,1,8.32,1,0
2094.58,391,1,79,1,1,2.84,0,0
3755.94,990,8,74,1,1,3.69,0,0
511.36,298,19,85,0,0,1.37,0,0
1392.87,233,20,28,0,1,1.11,1,0
1385.21,271,5,24,2,1,9.33,0,0
2162.93,1084,11,57,0,1,1.98,1,0
4901.94,677,8,13,1,0,3.4,0,1
342.18,706,6,77,1,1,5.34,0,1
2595.91,234,11,65,0,1,3.54,0,0
900.93,845,4,53,1,1,8.71,0,1
4853.53,491,15,76,1,1,9.02,0,1
570.95,503,4,66,1,1,3.33,0,0
2020.99,890,11,29,0,1,1.01,0,0
3690.74,592,23,17,1,1,2.18,0,0
3524.25,746,19,53,0,1,4.8,0,0
2116.53,428,8,99,1,1,2.96,0,0
1735.89,697,22,20,1,1,4.59,0,0
1991.07,646,6,52,0,1,7.61,0,0
1325.06,732,18,82,1,0,4.26,0,0
1030.64,800,19,15,0,1,2.05,0,0
2417.78,364,22,27,1,0,3.64,0,0
1346.33,202,10,3,1,1,7.46,0,0
1440.87,882,20,54,0,0,4.3,0,1
3285.5,146,11,14,0,1,2.57,0,0
4842.84,836,2,63,1,1,4.33,1,1
3020.17,639,16,64,0,0,4.6,1,0
389.51,135,6,15,0,1,3.03,0,0
382.54,626,21,19,0,0,9.96,0,0
4757.36,64,9,63,0,1,7.7,1,0
1489.97,491,22,32,1,1,6.96,0,0
464.87,41,14,80,1,1,8.56,1,0
2997.23,1027,1,68,0,1,6.7,1,0
3120.13,913,12,68,0,1,7.93,0,0
3244.28,975,3,57,0,1,4.18,0,0
1340.67,368,17,38,2,1,5.05,0,1
80.48,918,23,76,1,1,0.57,0,0
4825.25,1028,22,35,1,1,2.88,1,0
1258.21,244,0,93,1,0,3.74,1,1
3381.75,902,1,67,1,0,6.29,1,0
3534.62,166,1,86,2,0,4.7,0,1
3051.99,1050,3,20,0,1,6.12,1,0
1567.97,1041,2,62,2,1,7.16,1,0
1359.13,728,16,84,1,0,0.52,1,1
2990.35,483,13,5,0,0,2.66,1,1
4331.15,543,1,23,1,1,1.79,0,0
4733.93,931,15,52,1,0,1.96,0,0
534.0,400,10,94,1,1,5.08,0,1
778.37,619,12,82,0,1,7.43,0,0
4723.96,879,0,75,1,1,2.8,0,0
3683.99,101,22,77,0,0,8.26,0,0
4415.55,880,1,49,1,1,8.94,0,1
1017.15,830,1,11,2,1,3.57,0,0
2939.99,759,20,55,1,0,6.85,1,1
3507.19,163,4,14,1,1,1.26,0,0
3402.16,502,3,82,1,1,7.47,0,0
2043.72,547,11,91,0,0,1.73,0,0
81.9,381,2,39,1,1,6.91,0,0
2916.72,870,19,40,1,0,4.28,0,0
1269.24,905,9,68,0,1,9.29,0,0
2254.02,1002,19,68,0,1,4.7,0,0
4788.12,609,17,5,1,0,0.41,1,0
1998.18,307,20,86,0,0,4.86,0,0
4199.81,55,20,66,1,1,7.98,1,0
946.76,983,20,32,0,1,6.51,1,0
3363.94,333,9,42,0,1,9.67,1,0
4885.15,127,0,20,1,1,8.45,0,0
513.96,705,5,83,1,1,5.31,0,0
46.56,243,10,64,1,0,2.14,0,0
2170.75,600,1,16,1,1,0.14,0,0
467.66,503,6,92,1,1,9.81,0,1
3743.18,604,19,7,1,1,9.39,0,0
4573.17,303,20,63,0,0,2.81,0,0
2172.93,235,20,89,0,1,6.42,0,0
1297.26,1062,20,27,0,1,7.32,1,0
2174.84,139,17,97,0,1,5.82,0,0
3618.62,195,20,89,0,1,8.45,0,0
50.23,647,18,12,0,1,0.87,1,0
2949.32,1,3,12,2,0,8.98,1,0
3068.39,561,12,37,0,1,3.98,0,0
3190.25,713,17,24,0,0,4.86,0,0
1213.9,413,19,61,1,0,4.5,0,0
3571.69,538,23,22,0,1,5.36,1,1
461.5,429,12,85,0,1,6.02,0,0
1000.36,235,18,20,0,1,7.13,0,0
4387.96,349,16,53,0,1,5.3,0,0
3694.92,396,0,62,0,1,6.88,0,1
73.66,416,5,29,0,1,3.45,0,0
1245.64,916,18,74,1,0,9.37,0,1
1075.96,1075,19,67,0,1,0.74,0,0
1357.68,81,0,96,0,0,5.5,0,0
1241.56,36,7,75,1,1,0.97,0,0
317.32,1091,16,72,0,1,4.48,1,0
2297.41,641,20,31,0,0,2.65,1,0
3665.0,882,21,74,1,0,9.38,0,0
3035.62,757,14,23,2,1,0.23,0,1
3365.99,623,17,6,1,1,3.97,1,0
410.34,468,6,71,0,1,7.84,1,0
4757.7,356,15,96,2,1,1.97,0,0
4193.27,709,6,88,0,1,8.17,0,0
4026.43,1020,16,0,0,1,8.61,0,0
4115.8,902,3,2,0,1,7.11,0,1
4663.89,673,11,27,1,0,2.17,0,0
2723.55,439,12,42,0,1,2.79,1,0
1005.41,531,3,96,1,1,1.75,0,0
3085.83,127,20,45,1,1,1.92,0,0
3715.69,205,0,0,0,1,0.46,0,0
3690.9,29,0,37,1,1,8.59,0,0
2609.64,445,6,90,0,0,5.33,0,0
346.95,966,8,34,0,1,3.34,0,0
1858.71,464,0,73,0,0,2.97,0,1
4604.23,151,15,75,1,0,5.49,0,1
2924.32,240,17,73,0,1,3.33,0,0
2693.97,266,21,53,1,1,8.65,0,0
1347.92,913,14,97,2,1,2.19,0,0
1845.4,497,5,23,2,0,8.83,0,0
4477.25,685,1,27,0,1,6.67,0,0
3333.98,158,8,21,0,0,9.57,0,1
3938.0,172,3,15,0,1,0.25,0,0
2274.46,494,12,12,1,1,0.69,0,0
3153.08,970,22,99,2,1,5.06,0,0
1245.68,676,21,99,1,1,9.13,0,0
3528.78,659,10,61,1,0,7.33,0,0
2140.87,903,12,42,0,1,6.26,0,0
2215.51,666,10,86,1,1,0.41,0,0
3248.37,367,18,77,0,1,3.61,0,1
4681.72,550,7,31,0,1,3.52,0,0
324.71,643,6,66,1,1,5.47,0,1
4124.59,255,15,90,1,1,2.65,0,0
1465.45,208,2,82,0,1,2.74,0,0
2222.38,450,16,85,0,1,6.25,0,1
114.46,95,17,56,0,0,9.45,0,0
1508.73,839,14,64,1,0,6.64,0,0
2515.64,478,16,68,0,0,6.71,1,0
285.6,683,10,48,1,1,9.86,1,0
2458.02,762,4,32,0,0,1.62,0,0
4635.92,190,15,18,0,0,0.43,0,0
531.44,711,14,35,0,1,7.48,0,0
3823.38,756,9,69,0,1,4.44,1,0
2051.31,836,13,14,1,1,4.35,0,0
3277.59,133,1,99,1,1,2.33,0,0
1304.88,55,15,96,0,0,5.12,1,0
801.66,510,18,23,1,1,4.48,0,0
806.51,670,7,26,1,0,3.52,0,0
357.11,410,14,48,0,1,4.48,0,0
932.31,987,9,74,0,0,3.9,1,1
3322.78,734,4,22,0,1,9.4,1,0
4409.04,259,19,32,1,0,9.8,0,1
4071.56,299,15,40,0,1,8.42,0,0
3427.25,561,20,55,0,0,9.91,0,0
556.61,297,21,28,1,0,2.73,0,1
1449.49,362,11,30,2,1,8.44,0,0
1552.49,589,22,64,0,0,4.13,0,1
1253.53,127,12,97,0,1,7.49,0,1
2577.45,197,8,17,1,1,2.09,0,0
2680.09,221,16,81,0,1,8.14,0,1
1787.65,995,19,5,0,1,0.93,0,0
1772.18,91,11,51,1,1,2.78,1,0
4143.64,411,4,39,2,1,8.24,0,1
3947.52,8,23,64,1,1,7.5,0,0
1542.44,544,11,41,0,0,5.06,0,1
4569.37,468,0,93,1,0,6.76,0,0
4764.31,320,19,67,0,0,1.94,0,0
1637.08,269,15,31,0,1,6.71,0,0
1775.35,61,11,9,2,1,0.18,1,0
2530.64,797,8,68,2,1,8.35,1,0
4705.9,553,12,8,0,1,5.21,0,0
4382.22,926,16,68,0,1,9.44,0,0
517.33,661,16,60,0,1,4.83,0,0
1966.69,716,3,10,1,1,4.39,1,0
2769.09,779,13,98,1,1,4.56,0,0
2518.15,194,18,90,0,1,3.66,1,0
973.35,482,6,67,0,0,1.75,0,0
4294.79,855,2,73,0,1,8.44,0,0
3386.32,498,0,96,0,1,3.95,0,0
4190.35,212,11,7,1,0,5.34,0,0
4294.53,665,14,48,1,1,0.3,0,0
3743.04,670,10,23,0,0,0.7,0,0
2198.86,221,9,32,0,1,6.01,0,1
3054.68,273,1,18,0,0,8.8,0,1
806.03,279,3,1,0,1,4.98,0,0
3369.86,816,16,54,0,1,1.73,0,0
900.37,276,16,10,1,1,1.25,0,0
3471.28,1005,7,98,0,1,9.01,0,0
1151.84,514,22,16,0,1,7.05,0,0
592.17,923,13,41,1,1,9.67,0,0
830.6,642,23,60,0,1,0.92,0,0
14.95,505,3,2,1,0,9.04,0,1
3595.1,590,5,85,1,1,8.47,0,0
3663.34,772,18,34,1,1,8.94,1,1
2577.09,740,23,84,0,1,0.16,0,0
811.01,675,3,88,1,0,7.44,1,1
422.35,1014,2,65,0,0,5.53,0,1
100.55,128,19,0,2,1,5.77,1,0
832.91,503,5,6,1,1,4.75,0,0
4454.82,902,22,19,0,0,7.45,0,1
1211.48,543,6,42,0,1,10.0,0,0
1774.59,492,13,5,1,0,7.13,0,0
531.2,1045,11,54,2,1,6.81,1,0
1115.69,714,15,99,1,1,6.58,0,1
2598.53,791,19,20,1,1,6.98,0,0
3040.72,416,7,50,1,0,3.49,0,0
1230.53,148,22,45,1,0,3.27,0,1
293.37,970,1,34,0,1,7.86,1,0
1958.21,29,12,99,0,1,0.63,0,0
1174.85,308,7,7,1,1,7.62,0,0
1101.67,162,20,67,0,1,8.16,0,1
4799.51,869,19,15,1,1,5.26,0,0
3083.42,852,15,66,0,0,9.11,0,1
2786.61,61,3,70,1,0,4.78,0,0
2081.8,125,15,63,0,1,1.86,0,0
2147.58,838,19,1,0,1,3.68,0,0
2706.82,466,5,0,0,1,9.07,0,0
3483.67,243,3,57,0,1,9.94,0,0
3512.22,473,15,0,1,0,4.28,0,1
862.61,959,22,6,1,1,1.75,1,0
2503.06,533,22,87,1,1,2.93,0,0
2062.73,494,20,68,0,1,5.58,0,0
4353.28,899,12,84,0,1,5.76,1,0
3158.94,82,4,91,0,1,6.34,0,0
2664.86,856,14,17,0,0,8.37,0,0
581.4,879,7,87,0,1,7.14,0,0
3030.16,923,6,31,0,0,2.68,1,0
590.43,12,13,44,1,1,4.01,0,0
1689.35,449,6,32,2,0,8.41,0,0
718.5,762,21,73,2,0,6.37,1,0
3461.91,26,6,72,2,0,1.75,0,0
1035.23,508,22,48,0,0,3.32,0,0
1962.34,62,17,32,1,1,7.93,0,0
4478.9,229,9,96,0,1,1.8,0,0
1025.56,607,17,70,0,1,6.94,0,0
2541.49,1059,13,67,1,1,5.68,0,0
2099.26,891,9,27,1,0,1.56,0,0
95.53,761,6,86,1,1,6.92,1,0
3964.83,595,6,52,1,0,1.51,0,0
349.88,1049,6,95,0,0,4.04,0,0
2373.9,1056,4,43,0,0,3.15,0,0
2805.59,1036,0,79,0,1,6.93,1,0
3143.99,1,13,54,2,0,7.85,0,0
3444.71,133,17,9,2,1,1.77,0,1
1270.1,86,12,13,1,1,8.14,0,0
54.84,516,7,35,0,1,0.17,0,0
3618.6,175,7,33,0,1,5.35,0,0
2680.6,763,9,87,0,1,5.22,1,0
4181.41,1045,16,17,1,1,6.28,0,1
4107.83,997,5,15,0,0,2.47,1,0
4217.41,578,14,36,0,1,0.2,0,0
2428.05,49,14,40,0,0,4.6,1,0
1671.47,528,15,24,2,1,0.81,0,0
3958.83,145,7,7,1,1,8.93,0,0
2259.21,762,18,87,1,1,1.82,0,0
921.29,929,19,83,0,1,4.31,0,0
4275.6,794,14,93,0,0,4.4,0,0
4413.39,319,2,83,0,1,5.57,0,1
2334.22,698,5,17,1,1,7.85,0,0
383.12,847,7,67,1,1,4.77,1,0
1942.19,783,15,47,0,0,0.35,0,0
4018.67,42,14,99,0,1,7.73,0,0
4509.36,529,12,69,1,1,0.91,0,0
1021.35,292,19,66,1,1,6.45,0,0
339.53,969,14,17,0,1,8.05,0,0
4387.37,97,17,17,0,1,2.9,0,0
1950.08,74,12,55,1,1,4.55,0,0
2711.1,1092,23,22,1,1,0.24,0,0
4840.49,758,7,34,2,1,8.06,0,0
337.49,208,13,5,1,1,7.06,0,0
3243.35,410,10,25,0,1,2.39,0,0
375.16,331,5,84,1,0,3.96,1,0
1880.47,344,23,60,0,1,6.98,0,0
4020.05,989,0,87,1,1,3.65,0,0
2170.19,771,1,14,1,1,1.71,1,0
4985.93,74,12,90,1,0,5.23,0,0
2797.5,254,0,31,1,1,7.26,0,0
1609.2,959,23,11,1,1,3.28,0,0
1104.46,820,23,4,1,1,1.31,0,0
1755.85,986,3,63,0,0,8.31,1,0
1865.8,332,23,70,0,0,2.6,0,1
348.22,747,22,85,1,1,5.18,0,0
1851.02,836,1,26,2,1,6.94,1,0
2323.87,455,20,78,0,1,3.24,0,0
3615.08,313,19,44,0,1,6.52,0,1
3285.36,1018,15,34,0,1,4.65,1,0
3545.28,228,2,25,1,1,5.75,0,0
46.78,834,16,22,1,0,5.95,0,0
1092.25,858,4,12,1,0,8.26,0,1
3310.11,818,7,89,2,1,6.6,1,0
2422.53,1018,11,2,1,1,2.72,0,0
31.54,528,22,28,0,1,0.69,0,0
4023.45,950,11,65,1,1,0.12,0,0
3865.18,427,0,63,1,1,9.05,0,1
2744.35,42,0,27,2,1,9.43,0,0
336.98,465,14,86,0,1,1.03,1,0
3833.74,278,16,35,0,0,4.92,0,0
2920.65,836,1,5,0,1,1.6,1,0
3910.89,19,16,10,1,1,9.49,0,0
3759.98,66,19,37,0,1,2.54,0,0
4016.0,167,8,33,1,1,5.07,0,0
2592.45,1020,11,80,1,1,1.74,1,0
705.92,403,3,66,0,1,3.39,1,0
3357.43,409,12,45,1,1,2.74,1,0
3104.27,112,3,97,2,0,4.81,0,1
3712.55,597,6,85,1,1,4.26,0,0
853.56,651,13,28,0,0,3.37,0,0
978.9,1063,8,59,0,1,1.15,0,0
4452.6,105,22,53,1,1,4.9,0,0
3751.14,324,0,92,0,1,8.52,0,0
4541.6,992,0,68,1,0,7.33,0,0
3794.78,429,19,73,2,1,7.23,0,0
2987.79,635,3,73,1,1,3.72,0,0
3272.39,730,0,8,0,0,7.11,0,0
4446.19,889,21,84,0,1,4.71,0,0
2896.14,1085,9,76,2,1,1.59,0,0
3163.79,393,1,9,1,1,4.25,0,0
786.6,204,20,74,0,1,1.41,0,0
2372.24,258,23,67,0,1,1.23,0,0
3583.4,486,14,57,1,0,0.33,0,0
1358.36,446,2,94,0,1,2.9,0,0
1015.26,1024,22,51,0,1,3.38,0,0
1572.56,342,8,33,0,1,7.02,0,0
1211.3,133,16,34,0,1,5.43,0,1
1078.49,443,20,32,0,1,8.6,0,0
2127.13,253,12,71,0,1,1.85,0,0
4539.65,265,2,31,0,1,2.73,0,0
2537.76,93,3,54,1,1,9.42,0,0
943.66,138,3,96,1,1,4.5,0,0
389.47,1002,10,7,0,1,7.91,0,0
3482.3,307,6,45,2,0,4.97,0,0
1917.08,266,10,13,0,1,4.76,0,0
4110.05,646,23,97,0,0,1.57,0,1
3299.26,318,10,7,0,1,8.53,0,1
3982.23,901,9,70,1,1,0.88,0,0
1363.37,454,4,76,0,0,3.17,0,0
3463.33,191,12,53,0,1,6.77,1,1
1323.99,831,11,20,1,0,5.12,1,0
4695.65,187,9,95,1,1,8.83,1,1
3183.69,819,6,74,1,1,0.49,0,0
1625.94,1021,18,13,1,0,6.53,1,0
1351.21,132,18,74,2,1,4.83,1,0
958.68,872,18,1,0,1,1.63,1,1
3474.73,635,11,97,0,1,7.46,1,1
1097.48,691,19,60,2,1,4.17,0,0
2978.54,692,21,16,1,1,5.36,0,0
1326.85,1058,14,77,1,0,9.68,0,0
3311.53,582,4,88,0,1,4.91,0,0
4075.62,171,23,47,0,1,8.25,1,0
3891.24,784,13,90,0,1,7.72,0,1
3805.45,1083,11,7,0,0,6.66,0,0
942.67,181,20,55,0,1,8.98,0,0
446.48,19,10,16,0,1,2.59,0,0
3496.25,881,4,68,1,1,8.23,0,0
1844.89,175,15,11,0,1,3.84,0,0
2164.57,54,17,37,0,1,8.14,0,0
160.59,695,11,17,0,1,4.99,1,0
1301.58,863,4,25,0,1,8.59,0,0
173.21,349,15,94,0,1,8.96,1,0
4396.53,443,11,36,0,1,6.02,0,0
1220.77,833,22,69,0,1,5.13,0,0
2788.9,580,1,40,1,1,7.85,0,0
199.7,282,5,78,0,0,2.74,0,0
3335.9,360,22,41,1,0,0.25,1,0
1618.52,915,20,89,1,1,4.13,1,0
4490.11,823,3,75,1,1,5.13,0,0
4441.15,892,12,40,0,0,3.04,0,0
1629.83,953,9,46,0,1,3.9,0,0
4505.3,641,16,13,1,1,1.42,0,0
4980.81,1032,13,0,2,1,2.85,0,0
4127.95,563,23,16,2,1,2.48,0,0
4225.13,491,14,96,0,1,3.08,0,0
1248.8,341,7,54,1,0,3.06,0,0
2885.63,472,22,92,1,1,5.63,0,0
340.94,249,23,52,1,1,2.58,0,0
479.12,235,17,30,0,1,9.42,0,0
4994.47,824,2,61,0,1,5.16,1,0
1636.56,632,16,7,0,0,1.38,0,0
3742.18,529,23,29,0,1,2.87,0,0
4034.29,122,23,76,1,1,7.32,0,0
4290.83,892,6,79,2,1,0.24,0,0
4988.15,10,12,65,1,0,9.38,0,1
1211.27,838,15,44,0,1,4.51,1,0
206.55,753,4,17,1,0,5.26,1,0
2058.9,886,3,98,0,1,9.89,0,0
654.75,464,9,44,1,1,5.08,0,0
117.02,712,12,18,1,1,9.48,0,0
1805.33,728,9,76,0,1,9.16,0,0
3919.77,717,13,67,0,1,9.42,0,0
2833.07,80,21,82,0,0,8.14,0,0
1567.33,480,11,49,0,1,3.03,0,0
3273.44,902,0,24,1,1,3.53,1,0
1163.93,891,20,37,0,0,3.71,0,0
76.84,18,19,94,0,0,9.79,0,0
3822.95,202,19,35,0,1,3.67,0,0
3120.6,741,6,67,1,1,1.18,0,0
3812.7,319,8,55,0,1,7.81,0,0
199.5,217,7,38,0,1,3.72,0,0
4186.41,1058,12,62,1,1,6.25,1,0
3099.53,266,13,6,0,1,9.25,1,1
2819.16,724,11,57,0,0,5.8,1,0
3124.95,775,7,79,1,1,6.41,0,0
4322.84,413,20,58,0,1,6.46,0,0
2936.75,1036,21,47,1,1,6.16,0,0
2906.85,401,17,4,1,1,1.68,0,0
4953.44,724,15,86,1,1,4.62,0,0
3784.87,282,10,35,0,1,0.18,0,0
2214.26,723,15,95,1,1,6.3,0,0
3538.45,751,13,87,1,1,5.8,1,1
1949.21,268,2,24,0,0,3.25,0,0
1148.23,298,20,44,0,1,5.29,0,1
2986.28,570,1,91,0,0,4.98,0,0
4641.27,509,2,18,1,0,2.58,1,1
4646.05,546,3,6,2,1,3.0,0,0
1712.82,775,21,57,1,1,7.65,1,0
2640.75,365,4,80,1,1,7.58,0,0
1062.12,547,9,65,0,1,4.75,1,0
4978.18,271,19,79,1,0,7.2,0,0
4905.68,739,1,38,2,0,4.56,0,0
3249.3,537,11,17,0,0,8.53,0,0
4023.05,59,4,0,0,1,3.39,0,1
3576.93,86,4,62,0,0,9.28,1,0
2967.83,763,22,2,0,0,5.47,0,0
271.47,390,0,20,1,1,5.4,0,1
2276.55,719,3,29,2,0,6.74,0,0
3375.56,856,20,10,0,0,3.47,0,0
3389.27,149,23,21,0,1,7.27,0,0
1868.75,583,11,56,0,1,3.27,0,0
4708.75,121,11,88,2,1,4.04,1,0
840.95,765,15,2,0,1,6.78,1,0
2504.3,605,23,29,0,1,3.85,1,1
3455.97,256,16,87,0,0,2.08,0,0
3487.19,766,20,44,0,1,8.73,0,0
3244.95,864,9,35,1,1,9.23,0,1
1380.06,800,16,86,0,1,6.3,0,0
785.25,59,16,71,1,1,8.13,0,0
3181.52,1022,17,63,1,1,9.87,1,0
2998.51,1093,1,53,0,1,6.19,0,0
900.88,388,3,67,0,1,9.1,0,0
3527.17,786,18,49,2,1,3.66,1,0
2278.58,593,10,30,1,1,7.03,1,0
3340.46,909,16,28,1,1,0.65,0,0
4187.65,566,11,58,1,1,7.91,0,0
852.79,399,1,35,2,0,8.32,0,0
100.63,899,5,76,0,1,4.07,0,0
3896.62,293,8,72,0,0,6.43,1,0
3050.44,485,4,84,0,0,8.6,0,0
3499.7,803,19,66,0,1,8.85,1,0
4191.58,890,20,88,0,1,1.15,1,0
4015.04,244,8,88,2,0,8.29,1,0
4804.8,960,22,75,1,1,2.82,0,0
2682.0,816,7,92,0,1,7.3,0,0
2445.04,273,19,10,0,1,3.32,0,0
2012.43,520,7,10,0,0,0.66,1,0
772.69,568,21,25,1,1,2.18,1,0
2865.17,638,20,52,0,1,4.15,0,0
1388.68,159,22,13,1,1,7.44,0,0
4606.93,652,5,63,2,1,1.1,0,0
2918.04,176,2,79,0,1,8.15,0,0
2966.24,620,4,9,1,0,9.97,0,0
1777.85,211,8,30,0,1,7.9,0,0
264.69,447,6,94,1,1,4.79,0,0
163.56,586,3,35,0,0,5.72,0,0
2119.56,167,6,9,0,1,0.16,0,0
427.4,460,4,25,2,1,2.17,0,0
3036.2,916,10,19,1,1,9.0,0,0
4405.46,1053,14,43,0,0,0.32,0,1
4415.16,714,1,61,0,1,9.06,1,0
3296.93,841,12,72,0,0,1.22,1,0
1060.1,868,21,78,1,1,1.42,1,0
4315.67,688,15,8,0,1,1.84,0,1
4431.04,330,6,70,1,1,8.01,0,0
987.28,95,7,89,0,1,4.83,1,0
3688.44,785,5,23,0,1,1.54,0,1
1436.17,649,23,11,1,1,6.9,0,0
4014.19,353,6,59,0,1,9.41,0,0
4986.2,930,17,83,1,0,5.77,0,1
154.98,941,21,77,1,1,1.08,1,0
4487.34,984,21,85,0,1,0.64,1,0
3115.04,1043,19,15,1,1,7.98,1,1
4867.05,646,6,28,0,1,6.3,1,0
2327.72,626,2,31,0,1,9.23,0,0
4237.7,139,4,82,0,1,5.52,0,0
316.66,716,0,34,1,0,0.72,0,1
1679.72,762,14,42,0,0,4.1,0,0
339.75,255,2,95,0,1,6.61,0,0
4876.84,676,7,52,0,1,3.91,1,0
4085.78,92,8,19,0,1,10.0,0,0
4263.47,1093,14,83,0,1,4.11,0,0
4690.14,37,9,7,0,1,5.51,0,0
430.09,140,1,98,0,1,2.33,0,0
1931.06,867,19,41,0,1,1.61,0,0
359.82,680,4,76,0,0,6.49,1,0
1057.91,137,18,69,1,1,5.93,0,0
1150.68,190,12,15,1,1,0.14,0,0
2348.19,342,10,68,0,1,2.92,0,0
1346.47,1029,0,52,2,1,6.47,1,0
509.39,972,21,44,0,1,8.14,0,0
841.62,662,14,50,0,1,3.19,1,0
740.64,243,17,97,1,1,6.51,1,0
4865.52,415,15,5,1,1,2.73,0,0
3797.67,707,8,32,2,1,6.93,1,1
4838.97,343,0,78,2,0,7.01,1,0
2201.5,682,10,14,0,1,1.39,0,0
1395.45,653,8,13,2,1,6.68,0,0
3992.47,146,22,38,2,1,3.4,1,0
1634.64,323,10,62,0,1,1.81,0,0
1500.42,122,12,4,2,1,5.05,1,0
1166.37,311,1,89,0,1,4.58,0,0
652.75,601,13,80,1,1,7.76,1,0
1286.03,475,5,51,0,1,0.94,0,0
1779.82,570,7,15,0,1,7.92,0,0
3371.6,575,17,98,1,1,1.15,1,0
317.51,347,15,37,0,1,2.15,0,0
1056.48,820,20,52,1,1,5.21,0,0
4046.07,382,11,86,1,1,4.69,0,0
738.88,72,10,76,0,1,9.89,0,0
1716.51,521,5,96,0,1,5.94,0,0
4323.97,933,2,92,1,1,3.34,0,0
778.85,339,13,52,1,1,9.01,0,0
418.27,664,1,45,1,1,3.19,0,0
2425.27,40,10,97,1,1,2.81,0,0
1515.59,574,21,97,1,1,4.99,0,0
2819.22,966,2,90,0,1,9.14,0,0
4020.01,581,17,14,0,0,7.11,0,0
690.06,170,0,58,2,0,6.81,0,1
2905.59,701,23,49,1,1,7.29,0,0
2530.02,511,0,8,0,1,6.63,0,0
724.67,584,11,25,0,0,7.62,0,0
3121.87,984,14,2,0,1,2.01,0,0
1371.83,459,4,99,1,0,1.85,0,0
2441.73,529,5,46,0,1,3.69,1,1
415.95,341,15,4,1,0,8.52,0,0
2300.62,57,11,61,0,1,7.17,0,0
1535.79,218,11,83,0,1,5.71,0,0
4112.79,619,2,83,1,1,0.29,1,0
289.61,816,22,4,0,1,2.43,0,0
2095.94,731,1,9,2,1,8.05,0,0
2294.86,464,6,79,0,1,2.5,1,0
3626.41,247,1,62,0,0,7.33,0,0
2873.57,730,20,24,0,1,1.93,0,0
3337.73,373,6,43,1,1,6.1,0,0
3886.36,417,10,24,1,1,6.32,0,0
4311.7,1055,10,29,0,0,7.54,0,1
1572.81,368,13,13,0,1,4.44,0,0
2692.42,559,2,85,1,1,6.36,0,0
4201.34,108,13,42,0,1,4.92,1,0
4947.31,584,10,27,0,0,9.48,0,0
4448.15,839,3,93,0,1,5.27,0,0
1860.48,418,16,18,1,1,2.18,0,0
979.86,821,15,41,0,0,6.71,1,0
2449.52,683,2,19,0,1,5.53,1,0
3709.5,256,9,98,0,0,8.06,0,0
2465.38,780,20,85,0,0,1.85,0,0
2418.49,838,14,78,1,1,2.68,0,0
4191.96,915,7,10,1,1,9.22,0,1
1810.21,235,17,53,0,1,9.31,0,0
4299.67,553,2,97,0,1,4.48,1,0
2036.99,181,6,23,0,1,0.57,0,0
1644.52,157,9,69,1,1,3.13,1,0
2272.68,571,19,16,0,0,2.55,0,0
3813.42,857,8,27,2,1,4.21,0,0
634.38,1048,13,49,0,1,3.25,0,0
986.11,948,22,94,0,1,8.31,0,0
4757.47,592,13,99,0,1,0.13,0,0
881.58,134,10,54,1,1,6.48,0,0
2840.8,421,0,72,1,0,6.68,0,1
2898.68,213,3,9,0,0,6.64,0,0
2450.67,900,5,20,0,0,5.25,0,0
3225.5,482,21,57,0,1,6.15,0,1
1152.98,348,21,33,0,0,8.12,0,0
2765.55,166,4,94,0,1,7.86,0,0
1864.01,937,2,92,0,1,0.44,0,0
3310.03,348,1,42,1,1,0.4,0,0
710.41,849,2,10,0,1,8.41,0,1
2856.53,398,8,32,0,1,5.79,1,0
930.43,583,18,57,0,1,9.58,0,0
1396.82,726,18,45,0,1,4.37,0,0
1097.46,308,16,60,0,0,1.85,0,0
918.27,991,17,61,0,0,4.79,0,0
4129.43,798,10,0,0,1,4.42,0,0
1432.11,719,11,20,2,1,5.22,0,0
4635.98,466,2,61,0,1,8.1,0,0
4849.78,99,17,63,0,0,6.59,1,0
2858.45,158,23,86,1,1,1.93,0,0
719.29,610,5,72,0,1,7.37,0,0
1875.87,554,6,55,1,1,5.96,0,0
3989.67,651,0,0,0,1,5.83,0,1
1840.12,920,5,20,1,0,6.81,0,0
439.65,227,17,21,1,1,5.68,0,0
2786.14,423,12,53,2,0,4.63,0,0
4226.38,243,21,3,1,1,6.44,0,0
3980.65,530,18,64,0,1,7.26,0,0
879.74,1069,6,50,1,1,2.34,0,0
3365.46,371,18,73,0,1,5.02,0,0
1106.42,652,8,62,1,0,4.64,0,0
1094.95,689,2,14,0,0,0.5,0,0
4370.99,734,22,35,1,1,8.36,0,0
1252.1,92,11,28,1,1,3.84,0,0
1319.92,1046,19,51,1,1,0.82,1,1
8.26,172,23,45,0,0,4.63,0,0
4353.99,179,17,68,1,1,1.7,0,0
3964.01,238,7,28,0,0,7.07,0,1
3138.51,877,8,46,0,1,5.76,0,0
3752.58,902,12,90,1,1,2.77,0,0
764.48,280,7,24,1,1,9.51,0,1
2294.33,1043,21,79,1,0,2.99,0,0
1759.34,740,9,15,1,1,5.59,0,0
473.41,371,16,99,0,0,8.04,1,0
2433.22,870,6,88,1,0,5.19,0,1
4604.09,1019,16,40,0,1,9.61,0,0
205.1,221,22,64,0,1,8.45,0,0
1460.85,920,17,68,0,0,9.22,0,0
1041.67,304,23,19,1,1,3.79,0,0
1194.54,438,1,68,1,1,5.53,1,0
4542.63,375,2,35,0,1,8.42,0,0
2343.0,381,18,92,1,1,9.04,0,0
2334.17,986,0,97,0,1,9.45,0,0
3804.08,14,20,57,1,1,8.8,0,0
776.69,743,20,47,1,1,7.33,0,0
2438.89,669,9,81,0,0,0.34,0,0
2152.78,500,20,1,2,1,3.22,0,0
2986.57,565,13,79,0,0,1.38,0,0
4997.79,530,12,28,1,1,1.63,1,0
3848.4,492,8,96,0,1,2.98,0,0
1992.34,755,5,15,0,1,0.84,0,0
4138.63,300,5,34,1,1,2.51,0,0
857.69,815,18,61,0,0,9.57,0,0
157.17,547,20,80,1,0,3.19,0,0
1026.22,727,9,3,0,1,1.68,0,0
1705.36,731,22,67,0,1,7.21,0,0
2555.35,828,2,50,1,1,8.3,0,0
3077.57,602,17,88,0,1,3.21,0,0
4553.48,1032,20,32,0,1,2.86,0,0
2551.72,768,18,77,1,1,2.49,0,0
2508.87,875,4,23,1,0,3.99,0,1
255.96,937,10,74,0,1,0.96,0,0
179.38,131,9,24,1,0,6.72,0,1
2758.04,608,16,27,2,1,8.24,0,0
2193.7,26,3,6,0,1,6.67,0,0
4196.71,635,20,35,1,1,4.27,1,1
807.59,484,17,9,0,1,2.96,0,0
129.73,680,17,35,1,1,4.15,1,0
2247.95,1075,0,94,1,1,4.3,0,1
1191.21,5,13,82,1,1,6.69,0,0
252.82,589,7,17,2,0,9.29,1,0
3624.37,208,1,5,0,1,0.8,0,1
562.41,257,18,91,0,0,9.54,1,0
3043.56,11,14,6,0,1,9.11,0,0
1408.84,949,1,11,0,0,1.27,0,0
871.61,8,3,40,1,0,1.92,0,0
1901.86,936,0,62,1,0,3.18,1,0
4008.22,32,18,97,0,0,5.64,1,0
1963.51,540,20,24,0,1,1.43,0,0
3755.09,1005,9,80,1,1,2.08,0,0
631.8,387,0,52,0,0,9.04,1,0
3864.99,640,19,32,0,1,1.18,0,0
1188.48,207,21,86,1,1,4.05,0,0
3388.58,557,14,72,0,1,7.65,1,0
2831.08,348,3,5,2,1,8.9,0,0
4646.08,793,6,61,0,1,3.43,0,0
1939.68,234,6,65,1,1,1.73,1,0
335.5,1068,21,8,1,1,7.4,0,0
100.68,1006,17,66,0,1,7.75,0,0
4135.16,737,12,15,0,1,9.8,0,1
2626.05,942,9,88,0,1,1.48,0,0
3877.34,176,23,87,0,1,7.12,0,0
1175.96,449,7,92,0,0,4.23,0,0
1728.69,592,9,54,1,0,9.15,1,0
155.37,82,13,39,1,1,4.14,0,0
4807.65,135,13,25,1,1,4.52,0,1
3341.0,856,19,37,0,1,1.36,0,0
4666.36,440,21,34,1,0,3.28,0,0
1331.15,1080,10,86,0,1,4.07,0,0
3059.26,697,5,67,2,0,0.27,1,1
3394.11,419,20,58,2,0,4.43,1,0
1591.16,88,0,13,1,1,3.43,0,1
4241.31,656,18,46,1,0,8.06,0,0
4736.07,1032,6,70,0,1,1.16,1,0
4424.85,215,23,71,0,0,7.63,0,1
3696.64,552,17,41,1,1,7.17,0,1
1390.94,503,2,50,0,1,2.49,0,0
1411.67,699,19,18,0,1,0.92,0,0
4816.98,245,10,65,1,1,8.43,0,1
56.37,309,4,46,1,1,2.57,0,0
3581.67,231,18,64,0,0,1.54,1,0
3532.7,155,20,41,0,0,3.65,0,0
3115.33,848,23,37,0,1,4.07,0,0
4950.59,115,23,12,1,1,3.33,0,0
1562.84,311,1,43,0,0,9.77,0,0
1703.16,993,21,23,2,0,8.82,0,0
399.3,300,3,95,1,0,8.74,0,0
2216.78,1042,9,29,0,1,4.05,0,0
1308.94,784,1,69,0,0,9.63,1,0
1720.22,12,7,37,1,0,6.87,0,1
4173.69,232,0,96,2,0,8.34,0,0
4677.75,955,5,22,0,1,5.06,0,0
932.74,730,10,73,1,0,1.69,0,0
1865.68,1018,9,56,0,1,8.88,0,0
4643.51,999,12,78,0,1,4.92,0,0
313.73,303,0,22,2,1,9.69,0,0
466.34,541,1,35,0,0,2.62,0,0
818.14,470,2,56,1,1,9.92,1,0
2978.09,813,8,0,0,0,2.3,0,0
756.61,77,4,71,1,0,3.74,0,0
4840.54,1020,9,2,1,1,5.98,0,1
2236.34,24,9,13,1,1,6.96,0,1
2510.08,1039,11,80,0,0,7.23,0,0
1237.06,676,17,33,0,1,4.81,0,0
2357.45,525,20,69,1,1,0.86,0,0
3311.26,347,20,68,0,1,5.01,1,0
3757.13,172,0,50,1,1,3.41,0,0
3770.57,712,2,28,1,0,6.61,0,0
2891.57,489,4,98,0,0,1.9,0,0
4522.28,378,16,81,1,1,4.0,0,0
4087.95,372,7,47,1,1,9.66,0,1
3786.46,1000,16,93,2,1,0.98,0,0
282.75,977,8,78,0,1,6.06,0,0
39.36,757,5,78,0,1,1.0,1,0
1066.17,477,16,15,0,1,1.65,1,0
3319.3,382,7,56,0,1,6.09,1,0
2058.93,155,20,96,0,0,4.5,0,0
2015.02,257,6,9,2,1,5.53,0,0
4423.51,674,6,18,0,1,8.81,0,0
4478.34,68,14,66,0,1,8.19,0,0
4546.33,344,6,35,0,1,8.89,1,1
1572.82,673,21,3,0,0,6.2,0,0
3456.82,391,7,74,0,1,4.95,1,1
1361.81,259,8,32,1,1,4.65,0,0
957.1,307,14,27,0,1,7.42,0,0
927.24,950,1,95,0,0,5.26,0,0
1713.83,970,6,79,0,0,1.15,0,0
2152.64,246,14,8,1,1,1.51,0,0
4155.59,733,17,74,0,0,3.64,1,0
603.86,187,21,5,0,1,0.77,0,0
3675.95,925,17,48,2,1,2.47,0,0
2659.62,785,9,90,0,1,6.6,1,0
1443.29,408,21,75,1,0,0.22,0,0
2466.63,341,17,21,1,0,6.08,0,0
1503.21,563,0,47,0,1,7.75,0,1
2982.43,651,6,20,1,0,1.78,0,0
2172.05,952,2,32,2,1,1.89,0,0
826.21,1063,13,80,0,0,0.39,1,0
587.33,69,11,55,1,1,5.17,1,0
2735.74,381,13,28,0,1,6.58,1,0
4512.55,57,3,52,0,1,4.62,0,0
1723.07,850,12,39,1,1,3.96,0,0
3666.34,916,15,73,2,1,4.6,0,0
3295.01,325,15,17,1,1,7.84,0,0
4658.12,461,21,46,0,1,0.43,0,0
4105.8,179,4,12,1,0,7.86,1,0
2835.19,844,19,26,1,1,6.7,0,1
3286.87,574,5,61,0,1,2.49,0,0
4492.44,119,5,73,2,1,5.29,0,1
2000.6,549,17,95,0,1,0.59,0,0
1637.34,646,5,44,0,0,3.86,0,0
59.0,26,6,2,0,1,1.82,0,0
4133.62,1032,23,21,0,0,0.32,0,0
4005.9,969,23,26,1,1,3.64,0,0
526.75,533,15,54,0,0,7.29,0,1
2886.4,149,8,66,1,1,9.22,0,0
2322.59,1049,12,32,0,1,6.66,1,0
597.95,655,11,1,0,1,4.08,0,0
4902.94,945,18,74,1,1,10.0,0,0
1077.41,555,22,45,0,1,2.9,0,0
340.83,425,22,73,1,1,1.95,0,0
2976.26,293,0,32,1,0,4.69,0,0
3695.64,554,7,57,1,1,5.1,0,0
167.06,431,3,6,1,1,3.61,0,0
3295.29,604,20,14,1,1,6.99,0,0
2663.8,317,21,25,2,1,1.92,1,1
520.81,398,18,10,0,1,5.15,0,0
866.76,596,20,37,1,1,5.05,0,0
2842.03,546,4,26,0,1,8.26,0,0
1485.31,76,16,6,0,1,9.28,1,0
4691.89,865,2,0,0,1,6.67,0,1
4094.61,916,18,73,2,1,3.12,0,0
4917.92,709,0,20,1,1,6.93,0,0
1302.06,486,22,78,0,0,2.59,0,1
4848.77,747,0,29,0,0,9.67,0,1
2159.01,1031,22,93,2,0,8.24,0,1
1740.86,550,19,7,0,0,4.37,0,0
256.5,976,8,87,0,0,7.87,0,0
268.56,1076,22,82,1,1,4.15,0,0
3461.6,942,4,2,1,1,0.84,0,1
2292.36,919,6,54,0,1,7.1,1,0
1136.48,363,5,14,0,1,4.11,0,0
3071.78,382,16,35,2,1,9.31,0,0
1268.03,271,21,5,2,0,3.13,0,0
2890.27,1038,16,41,0,0,8.45,1,0
1799.25,298,12,49,0,1,6.84,0,0
4118.64,1004,11,17,0,1,8.55,0,0
4104.38,234,3,82,1,1,2.99,0,0
2389.37,575,7,49,1,1,4.67,0,0
1757.34,27,4,29,0,0,8.25,0,0
1815.99,93,4,76,1,1,6.47,0,0
4029.54,617,12,38,1,1,3.66,0,0
1644.26,309,10,11,1,1,5.17,1,0
1049.25,52,7,97,2,0,9.96,0,1
428.02,319,7,58,0,1,7.44,0,1
2336.13,181,0,75,0,1,6.18,0,0
2413.25,875,12,43,1,1,8.3,0,0
4205.34,1067,4,87,1,1,4.48,0,0
1110.09,647,20,3,0,1,9.51,0,0
1908.05,197,7,35,1,1,5.57,1,0
4042.99,645,16,47,0,0,3.34,0,0
4119.0,971,22,13,0,1,0.95,1,0
1926.13,255,22,80,0,0,3.82,0,0
2298.32,732,12,48,2,0,5.73,0,0
1519.91,336,8,66,1,0,7.06,0,0
4663.11,990,1,86,0,1,8.76,0,0
597.63,900,18,76,2,0,9.45,0,0
4669.08,514,19,8,1,0,1.11,0,0
3420.91,242,16,20,1,1,6.05,0,0
2660.2,149,6,71,0,1,6.7,1,0
168.13,757,2,80,0,1,1.8,0,0
2380.6,620,18,15,1,1,5.5,0,0
2041.7,453,18,15,1,1,3.41,0,0
810.29,212,23,27,1,1,0.87,1,0
3283.77,668,8,50,1,1,0.75,1,0
4855.9,594,9,55,1,0,7.62,0,1
2813.13,131,13,79,0,0,6.19,0,0
3575.19,612,17,56,1,1,7.18,0,0
346.91,256,14,51,0,0,6.88,0,1
2091.25,561,0,45,0,1,1.43,1,0
586.21,63,5,77,0,1,1.6,0,1
3065.92,407,14,37,1,0,2.6,0,0
4692.72,802,5,83,1,1,4.05,0,0
3310.58,15,17,47,0,1,9.4,0,1
388.63,259,0,40,0,1,6.77,0,0
1776.56,723,23,97,0,1,2.63,0,0
2755.56,614,2,58,2,0,0.65,0,0
2019.02,1069,16,92,1,1,6.87,0,0
4169.05,813,15,66,2,1,6.29,0,0
4074.28,331,7,73,1,1,6.79,0,0
3061.1,165,16,83,0,1,2.69,0,0
1870.42,1089,7,65,0,1,5.22,0,0
1280.41,387,16,26,0,0,3.68,0,0
533.84,1054,8,31,0,0,8.2,0,1
1777.71,328,11,55,0,1,0.79,0,0
2068.8,320,18,9,0,1,2.83,0,0
3380.74,399,3,39,1,0,6.07,0,1
3292.51,105,20,16,1,1,2.13,0,0
355.19,696,21,57,0,1,6.76,0,0
1979.32,1017,10,96,1,0,1.45,0,0
912.99,330,3,5,0,1,0.33,1,0
788.28,660,13,38,1,0,8.65,0,0
4137.37,1071,13,17,1,0,3.4,1,0
214.37,599,5,72,0,0,1.65,0,0
2098.82,821,16,71,1,1,1.81,0,0
845.18,641,1,88,1,1,8.87,0,0
4397.25,314,7,94,0,0,6.58,0,1
2787.42,462,3,41,0,1,9.57,0,0
1160.75,486,9,3,2,1,8.02,0,0
2514.62,410,6,19,0,1,7.7,0,0
3658.77,27,3,27,1,1,5.05,1,0
4790.8,1053,15,39,1,0,8.23,0,0
1106.13,271,13,64,0,0,4.19,0,0
4431.48,686,15,43,0,1,8.29,0,0
4671.85,501,8,22,1,0,7.6,0,0
4582.52,385,3,56,0,1,6.82,0,0
3178.89,60,23,46,1,0,3.36,0,0
3150.95,220,5,12,1,1,6.34,0,0
2019.04,771,0,15,1,0,5.12,1,0
3763.23,564,6,89,2,1,4.67,0,0
2658.81,546,0,54,1,0,9.9,1,0
3388.8,96,18,94,1,1,5.09,1,0
2145.15,989,7,64,1,0,0.42,0,0
3658.82,828,2,80,2,1,6.3,0,0
4123.24,231,0,15,2,1,7.31,0,0
736.45,968,0,36,1,1,8.86,0,0
4165.48,275,6,51,0,0,6.36,0,1
2703.78,246,20,9,1,1,0.29,0,0
4224.11,111,12,37,0,0,1.29,0,0
2159.35,234,0,43,0,1,1.7,0,0
1898.31,417,15,94,0,1,2.19,1,0
4575.73,678,21,73,2,1,8.02,0,0
1259.59,803,21,53,0,1,3.17,0,0
4221.84,619,13,97,1,0,3.19,0,0
2422.68,707,3,50,1,1,7.58,0,0
2572.91,851,22,51,0,0,4.18,0,0
1545.8,475,22,69,1,0,0.74,1,0
2867.35,655,11,91,1,1,5.89,0,0
1629.43,395,11,91,1,1,1.39,1,0
201.15,111,16,58,0,1,5.76,0,0
1363.63,90,20,12,0,0,7.82,0,0
36.86,763,14,40,1,1,9.3,0,1
4891.88,132,9,11,0,0,0.76,0,0
4828.91,1037,2,49,0,1,3.11,0,0
1978.8,457,22,56,0,0,6.56,1,0
3643.21,98,19,49,1,1,3.22,0,1
1732.3,293,19,56,0,1,4.57,0,0
3357.11,1025,11,53,1,0,0.3,0,0
4028.12,572,0,65,2,1,6.97,0,0
4734.05,250,0,7,1,0,8.84,0,0
2004.06,652,9,62,0,1,9.77,1,0
3917.57,149,17,8,0,0,8.32,0,0
1333.31,44,14,59,0,1,0.41,0,0
4951.71,1068,1,62,0,1,6.55,0,0
133.72,162,16,71,0,0,5.01,0,0
3019.63,253,7,2,0,1,9.39,0,0
3299.23,132,21,72,1,0,9.03,1,1
3441.79,474,21,12,2,1,9.88,0,0
606.34,706,8,8,2,0,8.63,0,0
4692.96,1059,20,94,0,1,5.51,0,0
910.01,275,19,88,1,1,7.18,0,0
3115.65,187,10,51,0,1,9.65,0,0
1117.27,949,5,61,1,1,5.82,0,0
1539.55,243,23,7,0,1,8.42,0,0
2734.56,264,13,94,2,0,9.43,0,1
2088.88,522,0,44,1,1,5.75,0,1
805.33,963,6,52,0,0,1.68,0,0
858.83,783,23,62,1,1,1.64,0,0
2093.63,535,8,94,1,1,1.24,0,0
3787.63,210,10,80,0,1,4.82,0,0
4490.33,46,23,56,1,1,4.85,0,0
425.22,26,22,53,1,1,6.21,0,0
1968.55,175,15,18,1,1,4.88,0,0
505.73,322,18,66,1,1,9.73,0,1
87.88,55,1,45,1,1,2.98,0,1
3310.28,668,14,93,1,0,8.75,1,0
3014.23,147,2,9,2,1,1.09,0,1
819.28,599,3,92,0,1,6.06,0,0
1172.9,20,19,17,0,1,6.52,0,0
123.42,333,21,11,1,1,7.75,0,0
4175.56,907,6,48,2,1,5.08,0,0
4873.58,944,11,22,0,1,2.05,0,0
681.62,911,3,61,0,0,3.75,0,0
1161.22,401,9,10,0,0,2.79,1,0
4342.71,950,5,72,1,0,4.25,0,1
4632.69,28,21,55,2,1,5.35,0,0
2101.04,467,13,87,0,1,6.29,0,0
257.86,982,2,88,0,1,8.47,0,0
201.76,101,16,54,2,1,9.11,1,0
2871.88,551,10,24,0,0,4.68,0,0
1967.51,802,9,8,1,1,0.98,0,0
148.12,353,20,11,0,1,7.99,0,0
2918.35,296,9,10,1,1,4.82,0,0
61.46,353,9,37,1,0,5.51,0,1
3937.92,908,2,27,1,1,6.0,0,0
1535.63,1019,23,7,2,0,6.71,0,1
206.09,455,14,73,2,1,8.91,0,0
2943.82,712,16,88,1,0,9.53,0,0
1991.43,980,17,46,0,1,9.41,0,0
4869.13,739,18,35,0,0,8.11,0,0
2723.27,977,18,49,0,1,8.9,0,0
1379.82,233,11,8,2,1,0.59,1,1
3548.65,1024,23,59,1,0,8.51,0,0
1361.1,102,4,71,2,1,0.82,0,0
4521.7,953,23,66,2,0,7.49,1,1
1876.74,481,15,52,1,1,1.78,0,0
2751.59,108,14,81,1,1,3.67,0,0
257.61,973,14,98,2,1,1.92,0,0
2133.48,704,5,16,1,1,4.49,1,1
4162.66,335,11,99,1,0,4.18,0,1
4029.22,86,1,52,1,1,0.58,1,0
1125.47,734,19,27,0,1,8.32,1,0
1134.26,875,8,62,1,1,8.56,0,0
4087.44,364,3,14,0,1,7.9,0,0
4652.34,60,4,18,0,0,8.49,0,0
481.33,560,20,85,1,1,7.53,0,0
2253.04,117,7,69,1,1,9.38,0,1
1690.58,874,21,46,0,1,5.81,1,0
4354.09,915,9,70,0,1,5.87,0,0
422.21,968,6,47,2,0,8.61,1,0
1059.57,999,21,72,1,1,3.56,0,0
3763.58,44,13,19,0,1,0.6,0,0
261.21,509,4,36,2,0,7.52,0,0
2465.21,849,15,74,0,1,2.62,0,0
2213.32,917,14,1,1,0,4.79,1,0
1675.33,898,4,63,1,1,2.48,0,0
1975.89,799,2,85,2,1,8.29,0,0
2652.05,876,22,35,1,0,9.59,0,0
811.03,286,9,4,0,0,0.64,0,0
2862.12,684,4,63,1,1,2.41,0,0
4028.13,819,22,6,0,1,1.98,0,0
3802.0,121,14,69,1,1,6.76,0,0
773.73,945,17,21,1,1,4.34,0,0
750.5,1018,7,73,0,0,4.62,0,0
1344.53,907,20,45,0,0,1.66,1,1
1808.57,13,1,39,0,0,4.21,0,0
2045.24,603,21,60,1,1,3.1,0,0
3400.09,200,7,45,1,1,6.15,0,0
288.12,586,22,83,0,1,2.25,0,0
178.19,448,7,27,2,1,6.19,0,0
1962.59,841,3,86,0,1,3.84,1,1
3487.33,590,18,34,1,0,3.53,1,0
971.21,889,22,0,1,0,3.13,0,1
3209.31,43,17,28,0,0,6.77,0,1
1302.84,520,20,8,0,1,5.67,0,0
4431.0,1037,22,8,2,1,8.53,1,0
4478.97,725,0,21,1,1,2.49,0,1
1489.95,623,19,62,0,0,0.5,1,0
1153.82,988,14,65,0,1,1.9,1,0
2059.46,803,17,79,1,1,3.5,1,0
1206.46,535,21,57,0,1,1.88,0,0
3363.56,302,11,69,1,1,0.93,0,0
4131.19,527,0,54,0,1,4.51,0,1
3367.1,460,6,12,1,1,6.8,0,0
4122.63,832,18,96,0,0,7.54,0,0
1987.98,505,0,18,1,1,4.05,0,0
785.8,932,23,78,1,0,4.83,0,0
3691.06,325,6,32,1,1,7.58,0,0
1805.57,579,1,73,0,0,3.59,0,0
3358.0,761,6,64,0,1,7.87,0,0
1356.87,851,18,59,0,1,9.68,0,0
410.74,960,12,11,0,0,8.82,0,0
4962.95,502,23,42,1,1,4.59,1,1
785.23,334,4,92,1,0,5.84,0,1
4942.16,284,22,16,0,0,7.19,0,0
4886.51,475,18,67,2,1,3.56,0,0
3970.12,1078,0,28,2,1,8.01,1,1
3298.82,632,0,54,1,1,4.43,1,1
2891.15,703,17,6,1,1,8.48,0,0
4331.18,409,23,43,2,0,2.62,0,0
1450.75,982,0,76,1,0,0.21,0,0
2341.07,559,4,4,1,0,6.36,0,1
3098.85,222,8,59,1,1,4.57,0,0
2058.9,158,11,5,0,1,0.69,1,0
2140.29,348,8,97,1,1,4.93,0,0
1654.77,889,17,6,1,0,1.77,0,1
2823.34,922,22,45,1,1,6.33,0,0
4253.62,662,10,56,0,1,4.51,0,0
1011.63,405,0,53,0,0,1.79,0,0
4672.49,677,18,91,0,1,4.18,0,0
3446.99,589,21,45,0,1,2.4,1,0
4117.25,558,9,9,1,1,6.57,0,0
2783.17,905,1,3,0,0,3.02,1,1
3898.69,1071,6,66,0,1,8.24,1,0
85.92,479,19,24,1,1,0.24,0,0
4092.81,487,1,86,1,0,4.09,0,0
205.49,566,18,90,0,1,6.21,1,0
4450.12,524,5,77,0,1,0.32,0,0
4959.85,704,9,60,2,1,2.24,0,0
1473.87,1030,8,37,0,1,3.34,0,0
1055.54,821,7,31,1,0,0.32,1,1
3827.99,858,10,22,0,1,5.51,0,1
1268.87,585,8,36,1,1,6.35,1,1
4328.48,686,19,2,0,0,2.35,1,0
518.7,232,19,98,1,1,5.48,0,0
634.15,270,8,12,0,1,9.99,0,0
4895.86,940,7,33,0,1,8.88,0,0
3370.83,874,14,87,0,0,0.68,0,1
4235.2,52,1,64,1,1,1.37,0,0
1625.03,116,23,75,1,1,4.99,0,0
3384.04,538,0,7,0,1,2.53,1,0
2973.24,541,8,82,0,1,0.9,0,0
3017.73,1043,8,8,1,1,2.62,1,0
3414.25,815,12,27,1,0,0.71,0,0
2878.92,791,7,77,1,1,5.35,1,0
2148.17,618,20,90,2,0,4.95,0,1
1383.23,419,4,17,0,1,0.16,1,1
3844.06,309,2,41,0,1,4.88,0,0
1135.23,864,20,40,0,1,5.25,0,0
3463.31,186,3,69,1,0,6.1,0,1
1170.5,261,16,32,0,1,9.7,0,0
3128.52,160,15,88,0,1,9.83,0,0
3736.66,870,15,76,0,1,5.32,1,1
1097.48,762,19,53,1,0,8.47,0,0
304.42,224,2,86,0,1,0.94,0,0
659.21,180,5,35,0,0,5.36,0,1
3031.95,20,0,96,2,1,6.82,1,0
4247.98,632,20,84,0,1,5.69,0,0
229.76,58,15,97,0,1,2.38,0,0
3672.09,723,14,55,1,0,0.72,0,0
1709.89,615,6,99,1,1,3.93,1,0
2395.25,562,1,16,1,0,6.51,0,0
4644.65,374,9,9,0,1,9.92,0,0
1663.2,622,14,86,1,1,2.44,0,0
2329.36,88,5,43,1,1,9.19,0,0
73.34,1044,1,1,0,1,0.78,0,1
412.59,1014,23,98,1,0,9.32,0,0
1296.66,14,23,13,1,1,8.34,0,0
144.12,133,16,40,1,0,0.31,0,0
3158.72,1058,0,1,2,1,3.05,0,0
2134.86,892,0,18,1,0,0.6,0,0
2742.99,592,3,79,1,1,9.96,0,0
877.36,583,19,88,1,0,4.34,0,0
1483.18,289,15,0,0,0,6.66,0,1
3320.8,1013,7,1,1,1,2.42,0,0
4826.69,879,0,26,0,1,9.34,0,0
256.83,7,18,1,0,1,2.81,0,0
4452.47,240,10,93,1,1,2.68,0,0
2886.52,536,16,50,1,0,3.21,0,0
2821.78,70,9,9,0,0,4.68,0,0
2503.89,216,11,18,0,1,0.28,1,0
351.62,1078,8,79,0,1,6.02,1,0
453.93,806,6,12,1,1,0.41,0,0
3006.56,330,11,47,0,1,5.44,0,0
1708.09,848,14,55,1,0,4.63,0,0
4586.75,45,7,71,1,1,2.5,0,0
2035.92,829,16,55,0,0,3.36,1,0
720.69,198,4,49,0,1,7.09,0,0
3575.02,896,13,94,0,1,0.2,0,0
1470.3,332,1,44,1,1,3.23,0,0
2629.72,696,15,88,1,0,6.83,1,0
3490.67,27,16,58,1,0,1.61,0,0
4501.82,318,2,38,1,0,5.65,0,0
3962.0,365,22,20,0,1,1.77,0,1
3383.42,960,0,54,0,1,1.63,0,0
3399.77,373,17,56,1,0,7.75,0,0
4729.89,245,17,40,1,0,2.74,0,0
1482.64,478,3,92,1,0,3.82,0,0
10.55,125,14,69,1,1,7.33,0,0
1363.41,537,18,81,0,1,1.88,0,0
1093.37,706,18,48,0,1,5.36,0,0
3310.86,531,9,43,1,1,9.19,1,0
3170.39,786,4,34,2,1,5.58,0,0
2969.34,254,18,90,0,1,0.58,0,0
86.14,121,10,4,0,1,5.94,0,0
3645.25,1056,6,70,0,1,0.99,0,0
1621.03,661,4,73,0,0,2.89,0,0
3326.95,1061,19,73,1,1,8.51,0,0
2785.11,1037,11,50,2,1,0.21,0,0
1716.94,88,18,56,1,0,0.86,0,0
677.21,46,14,57,1,0,3.7,0,0
476.62,933,11,91,1,0,9.99,0,0
4158.43,745,3,35,0,0,2.99,0,0
4592.4,967,11,9,2,0,1.66,0,1
3250.69,763,17,49,0,1,5.54,0,1
521.65,762,16,98,2,0,5.24,0,0
2013.13,794,18,98,1,0,4.55,0,1
3646.05,744,15,36,0,1,9.47,0,0
3900.21,1070,10,19,1,1,2.87,0,0
595.5,558,1,12,0,0,3.0,0,0
5.15,526,15,74,0,1,1.49,0,0
3562.12,597,0,18,0,1,7.0,1,0
1786.2,840,16,91,1,1,3.28,0,0
1276.13,3,17,55,1,0,8.05,0,0
69.42,1052,12,44,0,1,9.72,0,0
2703.8,157,4,59,0,1,0.53,1,0
4256.5,855,23,67,1,1,9.93,0,0
4788.37,511,5,56,0,0,2.62,0,0
2830.9,687,0,53,1,0,4.26,1,0
2574.73,571,9,36,1,1,7.8,0,0
429.86,715,4,82,0,0,6.69,0,0
2746.62,239,0,36,0,0,7.81,1,1
1903.0,303,22,13,1,0,4.72,0,0
3037.64,607,10,94,0,1,9.17,1,0
1946.69,991,23,91,0,0,7.92,0,0
1205.29,334,23,99,0,0,3.16,1,0
479.35,113,6,43,0,1,9.49,0,0
1578.02,362,17,82,1,0,9.61,0,0
487.74,801,20,41,1,1,4.21,1,0
888.6,97,19,0,1,1,6.55,0,0
4936.74,16,20,22,0,1,8.17,0,1
2223.3,556,9,63,0,1,8.19,0,0
2661.7,376,14,27,0,1,0.24,0,0
4368.72,742,3,3,1,1,6.33,1,0
4977.87,390,15,40,0,1,9.74,0,0
2915.66,620,14,59,1,1,2.39,0,0
4063.31,824,14,17,0,0,7.98,0,1
1638.07,320,11,62,2,1,5.39,1,1
1532.19,196,7,60,2,1,2.29,0,0
2016.51,418,7,48,0,1,0.61,0,0
3364.17,607,17,46,1,1,7.62,1,1
3412.55,568,5,38,0,0,3.23,0,0
1579.62,544,4,88,1,1,3.82,0,1
670.38,231,1,81,0,1,4.9,0,0
3163.82,884,11,5,0,0,5.12,0,0
645.99,521,3,82,0,1,2.14,0,0
2894.57,703,22,52,2,1,6.74,0,0
3468.64,846,12,75,1,1,6.96,0,0
3504.55,673,16,24,0,0,1.51,0,0
3768.59,21,15,98,1,1,5.38,0,0
4364.93,588,8,64,0,0,6.13,0,0
2502.3,898,0,4,0,1,1.94,0,0
3652.59,371,14,64,1,0,8.96,0,0
3097.77,78,11,7,0,1,4.88,0,0
937.27,648,4,38,1,1,1.24,0,0
133.32,140,22,42,0,0,3.41,1,0
1426.28,553,23,81,0,1,4.82,0,1
2217.95,998,17,72,0,1,0.2,0,0
3087.44,282,19,4,2,0,0.42,0,1
4250.55,440,1,3,1,1,0.65,0,0
985.25,270,3,92,0,1,5.43,1,0
632.12,746,14,0,1,0,3.43,0,0
4817.58,104,5,93,2,1,8.94,0,1
544.68,766,21,55,0,1,5.64,0,0
2395.06,95,11,44,0,1,7.62,0,0
2929.89,729,17,64,0,1,6.9,0,0
2709.17,480,19,2,0,0,5.25,0,0
434.73,780,3,21,1,1,7.47,0,0
289.85,13,0,71,0,1,5.49,0,0
531.89,601,14,55,0,1,3.92,0,0
2930.01,95,17,17,0,1,4.41,0,0
2724.0,293,13,24,0,1,8.4,0,0
1172.54,25,2,47,1,1,5.68,0,0
3190.68,939,14,83,1,1,3.84,0,0
4101.24,762,4,30,0,1,1.88,1,0
212.69,654,23,29,0,1,5.0,0,0
2493.16,985,21,79,0,1,2.6,0,0
3448.11,638,2,65,2,0,9.56,0,1
1265.3,491,21,80,0,1,4.96,0,0
1542.32,575,6,9,0,1,0.19,0,0
3070.12,294,5,70,0,0,1.02,0,0
4490.19,896,21,58,0,1,2.91,0,0
4050.57,40,0,50,0,1,1.01,0,0
2917.74,776,18,8,1,1,8.95,0,0
3652.46,520,6,53,1,1,8.56,1,0
1827.29,546,3,61,0,1,9.71,0,1
3206.62,236,11,80,1,0,7.09,0,0
2333.58,463,19,8,1,1,6.49,0,0
953.73,483,22,8,0,1,9.24,0,0
3510.18,430,17,23,0,1,9.47,0,0
2784.54,1046,8,38,0,0,8.79,0,0
1796.31,343,18,74,1,1,8.63,0,0
4557.14,1064,21,7,1,1,6.75,0,0
109.57,133,3,24,0,1,0.12,0,0
1582.29,351,0,65,0,1,4.35,1,0
289.12,506,8,9,1,1,6.39,0,0
3833.8,84,14,23,0,1,5.52,0,0
3512.03,993,21,79,1,1,8.23,0,0
1660.1,830,7,82,0,1,8.21,0,0
3379.94,861,14,58,2,0,6.03,0,0
1982.71,343,14,30,1,1,0.32,1,0
3782.49,866,17,10,0,1,3.76,0,0
2273.65,293,6,5,1,1,2.37,0,0
2064.34,598,21,69,0,1,3.45,0,0
4673.98,645,17,31,0,0,6.21,0,1
1258.14,448,15,38,1,1,0.76,0,0
606.63,690,1,47,0,0,0.32,0,0
2924.79,1002,3,12,1,0,4.43,0,0
4846.76,855,19,58,0,1,7.96,0,0
1892.31,502,15,66,1,1,0.4,0,0
314.87,764,2,55,0,0,8.51,0,1
1699.83,735,23,40,1,1,3.9,0,0
2532.13,250,22,55,0,1,1.27,0,0
813.81,601,1,34,0,0,5.72,0,0
3292.22,125,2,37,0,1,9.53,0,1
4988.76,113,4,80,0,1,5.47,1,0
2261.44,981,1,66,0,0,6.9,1,1
1776.87,150,18,33,0,1,8.18,0,0
2006.52,875,23,75,2,1,8.01,0,0
580.16,343,19,87,0,0,0.82,0,0
4416.95,580,1,69,1,1,7.44,0,1
2077.05,783,1,10,1,1,9.5,0,1
1939.44,321,21,26,0,1,7.04,0,0
3300.15,822,23,47,1,1,8.38,1,0
2212.96,532,22,23,1,0,4.91,0,0
3242.93,492,19,17,0,1,3.26,0,0
311.92,612,17,26,1,1,6.79,1,0
4069.55,252,19,53,0,1,4.97,0,0
4702.82,173,20,54,1,0,8.96,0,0
3245.58,875,13,20,0,1,9.75,1,0
4773.06,201,14,58,0,1,8.22,0,0
761.4,217,11,33,1,1,9.93,0,0
2389.69,376,10,96,0,1,3.55,0,0
3011.02,11,10,57,0,1,8.97,0,0
2910.77,1036,6,47,0,1,3.37,0,0
2010.3,892,11,53,1,1,1.27,0,0
1693.73,435,15,17,1,0,6.25,0,0
638.49,818,4,2,0,1,4.6,0,0
1961.75,931,1,23,0,0,9.22,1,0
817.49,691,21,0,1,1,4.97,0,0
3673.16,855,15,5,1,1,9.28,0,0
1048.11,784,22,18,0,0,0.88,0,1
297.53,319,14,85,0,1,8.32,1,0
2764.07,844,10,42,0,1,7.62,0,0
2978.17,621,5,7,1,1,7.23,0,0
4360.21,785,12,68,1,1,3.62,0,0
2887.02,397,18,51,0,1,7.86,1,0
1730.68,1082,9,72,1,1,4.88,1,1
4016.04,460,23,46,0,1,7.18,0,0
2703.69,61,18,84,0,1,5.57,0,0
401.01,369,4,27,2,0,1.66,0,0
2831.42,719,20,45,1,0,0.74,0,0
4540.55,546,6,3,1,0,3.73,0,0
1984.58,1041,10,87,0,1,9.33,0,0
1485.15,496,13,7,0,1,5.34,1,0
721.63,497,22,60,1,1,8.04,1,0
761.47,505,20,16,1,1,5.8,0,0
2166.69,969,15,33,0,1,9.58,0,0
2980.42,1093,17,19,0,1,3.76,0,0
407.67,161,20,79,1,1,0.66,0,0
4698.15,718,22,73,2,1,7.83,0,0
3776.89,993,22,33,1,0,7.08,0,1
2935.19,269,3,42,1,1,5.32,0,1
4143.05,699,0,9,0,1,3.33,1,0
405.53,865,21,93,1,1,1.96,1,0
2386.81,350,14,29,1,1,4.87,1,0
3152.32,110,13,24,0,1,6.7,0,0
4144.12,407,18,56,1,1,5.83,0,0
3918.43,650,4,62,2,1,4.43,1,1
1388.96,51,3,70,0,0,5.44,0,0
4704.7,1092,12,46,1,1,1.17,0,0
626.11,596,17,83,1,1,6.99,1,0
4376.29,979,11,80,1,1,7.37,0,0
4854.85,1066,22,2,1,0,0.21,1,0
889.88,731,20,45,0,1,2.78,0,0
3611.72,57,14,35,1,1,1.01,0,0
206.23,738,22,25,0,0,9.98,0,0
2030.09,196,8,9,1,1,5.97,0,1
2583.84,1086,3,33,0,1,4.71,0,0
2905.32,112,4,77,0,1,4.68,0,0
4680.01,765,8,7,0,0,9.65,0,1
3362.89,711,12,54,0,1,6.63,1,0
2408.98,948,9,90,0,0,1.77,0,0
4049.33,26,15,9,0,1,4.54,0,1
4752.91,410,12,56,1,1,7.76,0,0
115.22,758,3,78,1,0,4.29,1,0
4912.69,531,20,85,2,1,3.16,0,0
435.23,749,12,44,1,1,9.91,1,0
4072.86,246,20,49,1,1,9.36,0,0
1405.27,662,7,63,0,1,9.42,0,0
665.24,909,12,94,1,1,1.4,0,0
2202.08,396,14,1,1,0,2.42,0,0
3221.56,522,19,44,0,0,4.48,0,0
1907.85,926,19,94,1,1,8.34,0,0
277.55,264,12,61,0,0,7.39,0,1
2999.31,790,22,13,2,0,8.51,0,0
4512.5,172,4,73,1,1,9.22,0,0
1919.16,265,21,93,2,0,7.83,1,1
1085.58,1050,21,99,0,0,2.69,0,0
2215.67,476,5,14,0,0,2.93,0,1
246.57,356,4,13,2,0,3.59,0,0
4103.34,1050,12,30,0,1,3.1,0,0
4132.57,34,4,28,0,0,2.57,1,0
2942.06,264,12,26,1,1,7.55,0,0
1768.75,816,23,84,1,1,0.44,0,0
3999.92,875,19,8,0,1,7.31,0,0
2775.66,754,22,19,0,0,8.25,0,0
4130.53,566,7,98,1,1,0.75,0,0
3159.14,462,8,57,0,1,0.71,0,0
3923.11,655,20,78,0,0,2.93,0,0
2994.82,81,18,87,1,0,2.16,0,0
2073.63,757,19,48,1,1,5.85,0,0
4789.94,870,14,56,1,1,6.79,0,1
2707.86,1070,21,15,0,1,6.38,0,0
3027.42,599,9,99,1,1,3.64,0,0
1106.34,807,10,74,2,0,5.03,0,0
3130.13,1077,4,7,1,1,6.44,0,0
2860.18,984,8,66,0,0,1.28,0,0
928.27,704,10,18,2,1,2.37,0,0
302.64,476,18,66,1,0,8.92,0,1
3023.77,592,1,35,1,0,3.49,0,0
3819.64,16,5,88,0,1,8.03,0,0
2619.39,487,22,59,1,1,2.58,0,0
1137.73,706,20,35,2,1,0.51,0,0
3334.28,620,0,10,1,1,5.05,0,0
405.13,1019,2,50,0,0,8.94,0,0
2211.96,777,2,79,0,1,8.21,0,0
821.02,447,13,54,0,1,2.6,0,0
926.37,290,19,53,0,1,9.11,0,0
1015.46,209,21,16,1,1,4.85,1,0
1936.6,413,4,61,0,0,0.59,0,1
260.5,677,16,41,0,0,0.38,0,0
1991.98,664,14,23,0,1,4.9,0,0
2560.98,290,5,16,0,1,5.51,1,0
2419.05,151,13,47,1,0,0.89,0,0
1917.01,855,13,83,1,1,9.23,0,0
4196.54,608,16,85,1,1,7.21,1,0
730.91,370,7,69,0,1,8.03,0,0
2530.96,705,7,6,1,0,5.88,0,0
314.9,826,18,13,0,0,6.67,0,0
360.42,1005,8,10,0,0,3.94,0,0
2871.46,377,10,11,1,1,6.83,0,0
2832.26,973,12,4,1,0,9.78,0,0
4390.78,118,12,4,0,1,6.51,0,0
2791.58,1029,23,19,0,0,3.48,0,0
4799.16,444,18,53,1,1,2.92,1,0
248.23,755,20,54,1,1,9.64,0,0
494.55,640,18,57,0,0,1.93,0,0
225.11,124,4,78,1,1,8.08,0,0
930.46,658,15,89,2,1,4.71,0,0
2708.64,822,8,96,0,1,4.49,1,0
3229.63,664,19,29,0,1,7.5,0,0
232.7,360,21,23,0,1,1.57,0,0
4730.12,623,2,86,1,1,4.72,0,0
4211.62,1081,18,72,0,1,0.45,0,0
1486.58,919,4,2,2,1,6.74,0,0
390.55,452,7,99,1,0,0.68,0,1
853.59,120,13,47,0,1,0.96,0,0
639.09,582,23,70,0,1,8.46,1,0
620.8,99,2,21,1,1,4.49,0,1
2595.22,514,23,13,0,0,2.09,0,0
1233.01,664,12,47,2,1,5.97,0,0
1793.91,401,10,28,0,1,5.24,0,0
4947.58,365,7,49,0,1,4.17,0,0
3423.15,581,18,79,1,1,9.06,0,0
4745.16,621,9,97,0,1,7.52,1,0
717.07,828,17,9,1,1,1.6,1,0
1913.79,247,17,70,0,1,5.75,0,0
2775.89,434,6,88,1,1,0.98,0,0
388.41,615,15,26,1,1,2.52,1,0
25.92,943,5,78,1,0,9.11,0,0
3353.82,963,15,95,1,0,4.67,0,0
3210.89,624,15,27,0,1,8.93,0,0
2056.89,321,22,8,0,1,1.74,0,0
2450.77,856,23,70,0,1,2.13,0,0
2080.14,62,0,79,0,1,3.59,0,0
124.91,300,23,25,2,1,3.73,0,0
1680.18,403,18,98,0,1,7.48,0,0
889.53,955,2,80,1,1,6.03,0,0
496.63,253,5,86,0,1,5.58,1,0
4783.82,478,3,7,1,1,6.06,1,1
2998.8,160,3,1,1,0,7.35,0,1
3644.64,961,3,94,0,0,8.94,0,0
1580.24,205,9,56,1,1,4.21,0,0
1968.77,858,8,51,0,1,8.05,0,0
1188.44,760,7,57,0,0,5.0,0,0
489.34,721,18,95,1,1,7.25,1,0
899.26,1041,16,92,0,1,8.76,0,0
3988.58,68,16,2,1,1,0.42,0,1
3389.34,133,0,7,0,0,5.51,0,1
2736.91,919,19,58,1,1,9.89,0,0
2378.07,430,13,1,0,0,5.01,0,0
4612.56,308,21,94,1,0,8.66,0,0
368.31,650,19,61,2,0,1.94,0,0
1406.6,412,10,48,0,1,6.08,0,0
1752.94,97,2,19,0,0,8.72,1,0
3913.22,1051,23,28,1,0,4.37,0,0
4962.61,1084,7,16,0,0,4.92,0,0
1207.15,202,21,73,1,1,0.91,1,1
4372.17,762,9,21,2,1,0.52,0,0
4153.96,874,16,5,1,0,4.74,0,1
1127.16,581,7,61,0,1,8.45,0,1
1999.67,370,21,97,0,1,9.32,0,0
2051.32,533,0,30,0,0,6.62,0,0
4891.21,899,19,61,0,0,8.28,0,0
908.56,607,20,11,0,0,7.38,0,0
3996.79,873,6,11,1,1,7.04,0,0
1674.29,770,23,62,0,1,7.71,0,0
3655.7,834,8,15,2,0,5.1,0,1
2102.95,999,11,24,1,0,4.63,0,0
2893.91,938,21,21,2,1,1.68,0,0
4163.9,236,8,90,0,1,8.45,0,0
4021.81,162,19,87,1,1,0.54,0,0
4332.78,554,23,75,0,0,2.75,0,0
302.79,788,2,17,0,1,5.25,0,0
3461.79,1092,3,44,1,0,9.72,0,1
704.24,559,9,79,1,1,7.88,0,0
2082.01,261,3,67,0,0,3.75,0,0
2745.2,217,21,11,0,0,7.17,0,0
2016.68,805,8,48,0,1,9.32,0,0
2600.46,201,21,32,1,1,5.43,0,1
4982.65,402,0,85,2,1,4.67,1,0
680.41,275,4,62,0,0,5.57,1,0
3378.9,206,8,17,0,1,3.18,0,0
1983.02,1064,4,53,2,1,9.08,0,1
669.38,867,5,96,0,1,7.99,1,0
797.89,93,18,26,1,1,7.08,0,1
4746.62,1066,7,82,0,0,5.93,0,0
4398.61,379,9,77,0,1,9.7,1,1
4535.67,65,10,24,1,1,3.05,0,0
4957.71,365,12,33,1,1,2.9,0,0
1045.54,821,19,87,0,1,2.5,0,0
1780.42,1048,3,59,0,1,7.44,0,0
3347.75,540,10,53,0,1,7.99,1,1
2421.59,1086,11,86,1,1,6.01,0,0
2094.86,491,4,4,1,1,6.55,0,1
1792.27,229,9,35,1,1,3.55,0,0
2970.93,1044,23,53,0,1,0.49,0,1
2880.09,3,6,87,1,1,2.61,0,0
811.48,911,20,35,0,0,5.88,0,0
2361.34,307,8,68,0,0,8.15,0,1
2769.59,432,8,38,1,1,7.79,1,0
2853.58,136,9,69,0,0,1.88,0,1
1054.49,515,9,99,0,1,0.61,0,0
3712.65,193,1,3,0,1,8.52,0,0
130.87,873,3,73,1,1,0.85,0,0
1777.39,666,7,64,1,1,3.99,0,0
3902.16,209,13,84,0,1,1.03,0,1
2821.65,952,16,39,1,1,5.68,0,0
1309.51,1058,12,36,1,1,3.7,0,0
3476.29,649,20,66,1,1,2.1,0,0
2839.12,120,23,30,0,0,5.99,0,0
3982.24,627,17,90,0,1,3.7,0,0
3676.45,525,17,80,0,0,1.75,1,0
3052.49,769,12,86,1,1,7.03,0,1
2443.45,512,7,76,1,1,8.38,0,0
670.24,47,11,46,2,1,2.81,1,0
1310.36,772,22,26,0,0,1.95,0,0
2098.4,740,23,50,0,1,0.84,0,0
2998.5,522,20,19,0,1,5.33,0,0
2570.97,134,0,12,0,1,8.33,0,0
1444.48,248,19,62,1,1,2.58,1,0
37.29,436,17,43,2,1,4.66,1,0
2483.71,686,2,23,1,0,1.69,0,0
1431.7,586,11,2,1,1,4.1,0,0
3674.37,351,18,9,1,1,0.25,1,0
124.61,143,12,64,0,1,9.12,0,1
2926.21,967,9,48,1,1,6.8,0,0
4707.66,804,14,57,1,0,3.39,0,0
876.17,718,19,76,0,1,8.82,1,0
2360.89,643,1,77,1,0,1.91,1,1
461.65,501,18,96,1,1,0.88,1,0
3130.28,370,2,1,0,0,9.43,0,1
2754.91,787,13,65,0,0,3.16,0,0
2039.79,739,6,30,0,1,9.37,0,0
2609.28,950,7,67,0,1,6.41,0,1
4483.39,522,10,97,0,1,9.8,0,0
985.49,489,21,82,1,0,7.56,0,1
117.71,397,19,36,0,1,1.14,0,0
4309.02,896,5,72,1,1,8.54,0,0
2887.7,355,10,23,2,0,1.56,0,0
4453.84,947,16,76,1,0,6.95,0,0
2986.74,288,9,43,1,0,5.05,0,0
4051.75,998,23,93,1,1,7.11,0,0
2151.22,536,16,82,1,1,7.67,0,0
3750.55,851,20,40,0,1,8.06,0,0
4565.64,838,1,73,0,0,8.37,0,0
2862.75,168,5,50,1,0,8.49,0,0
908.02,950,4,41,1,1,4.18,0,1
1347.64,621,3,77,2,1,8.9,1,1
997.23,428,1,39,1,1,7.22,0,1
1238.05,490,11,47,1,1,8.41,0,0
1535.55,355,2,83,0,1,9.89,0,0
2777.89,196,5,3,1,1,1.25,0,0
2942.02,545,23,59,2,1,3.77,0,0
2135.37,717,13,38,0,1,8.08,0,1
3079.03,824,7,4,0,0,0.95,1,1
412.47,932,20,95,0,1,5.45,1,0
443.5,1003,20,5,1,1,8.6,1,0
863.29,659,13,13,0,1,0.29,1,0
2592.8,939,2,69,1,1,9.4,0,0
1073.9,780,15,77,0,0,9.78,0,0
1420.01,11,14,11,0,0,3.29,0,0
2004.56,396,6,61,2,1,7.69,0,0
4060.27,731,14,26,0,0,1.36,0,0
74.24,409,12,53,0,1,7.75,1,0
3248.65,362,5,89,0,1,4.87,0,0
3346.04,1027,14,11,1,1,8.62,0,0
3994.29,84,16,7,0,1,2.2,0,0
4664.1,156,3,73,1,1,6.76,0,0
105.59,707,21,15,2,1,7.88,0,0
773.15,472,21,51,0,0,2.1,1,0
4431.43,619,13,25,0,1,8.2,0,0
2295.3,134,14,7,0,1,9.58,0,0
2825.13,788,11,44,1,1,6.2,1,0
3316.82,907,18,92,0,1,7.87,0,0
3396.94,864,21,83,1,0,5.37,0,0
4659.04,667,9,80,2,1,6.02,0,0
4984.76,277,5,18,0,0,0.23,0,0
3602.19,882,8,16,1,0,5.29,1,0
1439.67,13,1,64,0,0,5.8,0,0
4399.36,342,3,28,1,0,6.73,0,0
250.86,35,8,13,0,1,1.78,0,0
1159.25,559,14,16,1,0,2.49,0,1
4487.44,405,12,12,1,0,7.58,0,0
1284.68,658,19,92,0,0,1.76,0,0
1107.15,159,7,97,1,1,4.22,0,0
694.94,956,18,90,1,1,2.58,0,0
4296.26,549,18,62,0,1,5.5,0,0
2502.79,985,15,32,2,1,9.87,0,0
3376.09,279,10,28,0,1,8.54,1,0
1199.14,479,9,36,1,1,2.77,0,0
3791.41,111,7,82,0,1,3.75,0,1
3801.23,431,0,45,1,0,9.19,0,0
1566.43,542,9,23,0,1,8.99,0,0
2056.36,360,17,13,0,1,1.69,0,0
1052.4,372,2,4,0,1,8.31,0,0
4882.92,1039,10,52,1,1,3.05,0,0
3229.78,955,17,87,1,0,5.48,0,1
4673.05,259,2,97,1,1,0.15,0,0
1520.41,778,7,94,1,1,9.99,1,0
3910.55,120,13,29,2,0,7.63,1,0
3830.46,976,5,59,1,0,2.49,0,0
3459.82,913,14,72,1,1,6.87,0,0
4828.37,723,13,90,0,0,3.0,0,0
1970.81,523,6,27,1,0,0.99,0,0
657.93,325,9,25,1,0,4.31,1,0
3360.19,1074,14,17,0,0,6.18,0,0
3647.9,69,9,35,1,0,0.99,0,0
2877.43,391,21,7,2,1,5.23,0,0
1038.06,383,16,17,0,0,5.2,0,1
2524.76,16,18,83,0,1,6.32,0,0
1564.39,846,16,57,0,0,2.52,0,0
2140.2,869,11,31,0,1,0.3,0,0
3227.87,568,14,92,0,1,3.32,0,0
3727.35,132,11,48,0,1,4.05,0,0
1164.96,273,8,47,0,1,6.39,0,0
2029.6,484,4,81,1,1,9.31,0,0
1349.46,550,3,70,0,1,2.11,0,0
997.16,357,11,64,0,1,6.9,0,0
3918.02,1072,15,91,0,0,1.06,0,0
4546.72,1034,8,32,0,1,1.99,0,1
1854.31,233,2,49,2,1,5.14,0,0
3757.64,36,20,3,1,1,7.11,0,0
4485.49,413,2,83,1,1,8.6,0,0
4231.39,1028,17,35,0,1,7.46,0,0
918.15,44,16,94,1,0,0.25,0,0
4781.68,568,9,27,0,1,6.87,0,0
1886.5,740,1,2,0,1,8.26,0,0
1699.51,114,23,5,0,1,5.3,0,0
316.84,397,10,44,2,1,9.66,0,0
2433.44,466,23,22,0,1,0.14,1,0
549.52,847,2,6,1,0,8.2,0,0
1246.46,502,22,60,0,1,3.41,0,0
1588.13,441,22,99,0,1,6.54,0,0
4045.09,69,1,64,1,1,6.97,0,1
4378.07,326,8,5,0,1,3.13,0,0
1515.82,67,18,23,2,1,9.95,0,0
4294.2,304,1,36,0,1,1.12,0,1
4286.87,972,18,44,0,1,1.65,0,0
3824.43,484,1,50,1,1,8.93,0,0
737.74,929,14,99,1,0,1.28,0,0
3453.16,149,23,87,0,1,3.87,1,0
4725.4,1051,20,44,1,1,7.36,0,0
3414.29,987,2,62,1,1,7.94,0,1
1661.43,584,4,28,0,0,9.55,1,1
2505.39,248,10,95,2,1,7.92,0,0
3230.4,702,23,24,0,1,8.46,0,0
2555.3,96,6,9,0,1,9.5,0,0
604.16,282,5,34,1,1,5.58,0,0
1563.76,322,13,54,0,1,3.5,0,0
4012.97,529,0,24,1,1,7.64,1,1
4307.78,263,16,90,0,1,1.72,0,1
690.81,580,16,44,0,1,0.78,1,0
4762.17,294,13,95,2,0,7.87,0,1
1647.47,395,9,11,1,1,9.51,0,0
3313.26,513,7,3,1,1,4.48,0,0
3760.37,921,7,89,0,1,1.7,1,0
4060.67,810,13,66,0,1,5.02,0,0
4729.02,920,6,16,1,0,3.99,1,0
1568.03,693,5,72,1,0,3.79,0,1
4293.24,235,3,92,0,1,6.32,0,0
662.78,952,0,64,0,1,1.83,0,0
3526.68,1032,14,81,0,0,3.87,0,0
3711.18,539,14,52,0,1,8.7,0,0
3390.23,820,0,83,1,1,7.32,0,1
1265.31,272,19,56,0,1,0.65,0,0
4365.85,1029,2,97,0,1,5.19,0,1
848.45,593,22,27,0,1,1.0,1,0
272.91,976,4,98,0,0,9.58,0,0
3588.74,115,4,15,0,1,2.52,0,0
2380.0,263,3,20,1,1,9.33,0,0
4246.24,207,16,76,1,1,8.36,1,1
1920.07,303,20,98,0,0,5.56,1,0
845.55,112,19,41,1,1,3.43,0,0
4183.03,185,13,53,1,1,8.59,0,0
2746.8,901,7,31,0,1,1.61,0,0
950.03,221,1,37,0,0,1.88,0,0
3603.32,1094,7,69,0,1,2.32,1,0
2558.01,898,0,37,0,0,6.02,1,0
3023.54,1094,3,53,1,1,3.21,0,0
2307.19,622,18,59,0,1,9.89,1,0
4144.4,427,4,76,2,1,2.03,0,0
4148.67,644,4,76,1,1,8.08,0,0
3548.4,568,20,46,0,1,1.05,0,0
531.48,443,19,11,1,1,3.6,0,0
4195.08,601,23,52,0,0,2.51,0,0
3356.71,504,18,32,0,0,9.77,0,1
3486.64,131,11,27,1,1,0.35,0,0
1818.1,218,19,2,0,1,7.24,0,0
4397.0,688,0,81,0,0,2.55,1,0
3628.23,171,6,25,1,1,8.13,0,0
567.39,612,16,53,1,1,3.18,0,0
2041.85,992,1,39,0,1,1.95,0,1
4432.47,57,10,65,0,0,6.96,0,0
240.75,246,6,67,1,1,2.65,0,0
4807.28,144,16,91,1,1,4.91,0,0
3397.42,1075,2,91,0,1,1.4,0,1
3158.72,368,21,88,2,1,7.27,0,0
1356.44,218,5,89,1,1,4.13,0,0
1247.71,616,21,46,1,1,1.49,0,0
4710.58,442,10,1,2,1,7.44,0,0
1494.87,841,17,41,2,1,1.12,0,0
3878.65,956,17,33,0,1,5.79,0,0
1968.64,699,21,93,0,1,6.11,0,0
700.57,876,9,20,1,0,9.31,0,0
58.52,776,4,43,2,0,1.59,0,0
2723.57,762,22,86,1,1,6.57,0,0
4879.02,945,22,96,0,0,3.87,0,1
1848.84,923,20,1,1,1,4.07,0,0
1789.18,935,23,90,0,1,5.07,0,0
1723.74,25,21,58,2,1,2.41,0,0
2605.12,806,14,85,0,0,4.67,0,0
2206.12,764,20,97,2,1,6.9,0,1
4400.17,1084,19,15,0,1,4.63,0,0
2530.08,434,22,19,2,1,0.52,1,0
2541.25,879,3,25,0,1,2.65,0,0
696.17,1090,20,15,1,1,3.58,0,0
4913.78,910,20,69,2,1,3.61,0,0
1253.61,565,0,22,1,0,0.9,0,0
371.45,106,14,41,1,1,4.55,0,0
3317.42,96,16,36,0,1,6.95,0,1
2978.86,168,18,71,0,1,0.58,0,0
2078.65,42,13,5,1,0,7.53,1,1
2113.85,104,18,36,0,1,9.56,1,0
3926.39,520,17,21,1,1,0.19,0,0
982.58,282,1,5,1,1,2.02,1,0
4102.17,1067,5,31,0,1,5.48,0,0
3245.49,947,12,16,0,0,2.26,0,0
2097.75,749,16,37,0,1,7.67,0,0
2292.85,831,5,16,0,1,3.19,0,0
1286.95,49,20,36,2,0,3.01,0,0
3761.81,115,21,22,1,0,0.11,0,0
2566.81,503,4,48,0,1,2.77,0,0
1607.67,986,6,60,0,0,2.25,0,1
2982.27,71,0,48,1,1,3.5,0,0
4978.69,1012,12,60,0,1,1.56,1,0
2179.14,67,18,76,0,1,5.99,1,0
4603.85,967,21,31,0,1,2.46,0,0
1728.36,181,0,85,1,1,8.33,0,0
278.39,613,12,62,0,0,2.92,0,0
1025.19,697,10,6,0,1,2.19,0,0
2096.38,603,6,21,2,1,0.66,1,0
1102.08,248,19,84,0,1,7.43,0,1
6.13,359,2,5,1,0,5.13,0,1
4575.43,249,0,60,0,0,1.23,0,1
4220.18,638,7,13,0,1,2.29,0,0
3712.75,950,16,15,0,1,9.99,0,0
843.23,663,12,2,0,1,8.08,0,0
606.22,176,13,8,0,1,3.56,0,0
342.69,723,4,46,0,1,5.47,0,0
3621.53,426,23,84,0,0,4.22,0,0
4644.4,771,21,93,0,1,0.46,0,1
2155.53,703,22,93,1,1,7.81,0,0
600.11,81,23,41,1,0,7.2,0,0
2564.4,927,5,41,1,0,4.15,0,0
1747.42,138,21,95,1,1,8.47,0,1
1877.25,470,5,22,2,1,5.39,0,0
3108.55,350,20,2,0,0,0.75,0,1
3595.0,310,7,0,0,1,2.67,0,1
557.46,1044,12,66,0,0,4.67,0,0
182.77,1002,17,70,1,0,1.12,0,0
4971.68,269,22,2,1,1,5.75,1,0
1167.48,1027,3,99,1,0,1.29,1,0
273.88,770,16,48,0,1,2.09,1,0
953.43,16,4,66,1,1,8.95,1,1
199.59,606,2,54,0,0,10.0,0,0
1962.1,813,3,3,0,1,5.55,1,0
4013.0,482,22,30,1,1,6.23,0,0
1709.52,895,4,65,0,1,7.99,0,0
2223.7,269,13,77,0,1,6.99,0,0
3379.56,414,14,63,1,1,1.91,0,1
2546.93,25,19,30,1,0,4.18,1,0
4307.92,316,16,62,0,0,5.4,0,0
4330.85,571,5,65,0,1,3.66,0,0
54.5,725,9,30,2,0,1.84,0,0
3891.34,1008,21,46,0,1,7.39,0,0
2306.36,389,22,21,0,0,2.07,1,0
4944.26,722,15,73,0,1,2.68,1,1
2418.74,444,16,93,1,0,2.94,0,0
4934.55,999,13,96,0,1,1.7,0,0
3774.07,1081,19,82,0,1,8.51,0,1
1246.78,697,11,45,0,0,6.15,1,0
2694.28,971,8,88,0,1,8.36,0,0
4960.72,721,14,57,0,1,4.99,0,0
4288.37,368,11,60,1,1,5.24,0,0
491.35,342,13,45,2,0,6.2,0,0
3533.33,304,21,0,2,1,3.77,0,0
1731.17,764,17,95,1,1,5.02,1,0
39.88,816,19,24,1,0,5.51,0,0
2020.39,112,5,60,1,1,9.54,1,0
1177.6,878,3,80,1,0,8.84,0,0
4095.25,1030,22,13,1,1,1.38,0,0
1689.97,930,11,44,0,1,0.51,0,0
4138.48,703,12,76,0,1,6.84,0,0
7.99,846,18,38,2,1,0.59,0,0
1542.56,944,21,65,2,1,0.7,0,0
1209.62,279,12,31,1,1,1.68,0,0
1171.67,382,11,95,2,1,3.58,0,0
345.59,13,19,57,1,1,4.41,0,0
939.69,303,2,55,1,1,5.24,0,0
2779.97,160,2,5,0,1,9.92,0,0
1460.35,154,13,88,1,0,3.91,0,0
2089.89,754,17,66,1,1,2.5,0,0
1887.45,181,18,81,2,1,5.79,0,0
4380.15,377,9,49,0,0,2.23,0,0
4526.97,776,16,37,1,1,9.41,1,0
2467.32,16,14,2,1,1,2.67,0,0
1654.13,253,18,4,0,1,9.9,0,0
538.47,1084,8,23,0,1,4.24,0,0
4767.25,31,3,53,1,0,8.15,0,0
305.83,1045,14,33,0,1,6.52,0,0
1491.76,731,18,38,1,1,9.34,0,1
1493.84,289,15,87,0,1,6.29,0,0
1605.4,498,7,99,0,1,5.85,1,1
825.61,548,16,91,0,0,6.56,1,0
3916.89,961,20,47,0,0,7.89,0,0
616.88,132,0,48,0,1,9.0,1,0
3176.36,858,6,33,2,0,2.74,0,0
623.61,521,20,79,0,1,2.09,0,0
357.33,30,17,99,2,1,0.44,0,0
4547.6,627,11,6,2,1,3.76,1,0
954.69,4,15,17,2,1,8.48,1,0
4107.14,509,0,69,0,1,0.79,0,0
2725.43,16,14,91,1,0,5.43,0,0
393.89,997,6,33,0,1,6.98,1,0
4777.46,956,16,50,0,1,8.38,0,0
1238.57,263,2,92,1,1,5.88,0,0
4298.93,1089,10,67,0,1,1.94,0,0
848.21,265,5,13,2,1,9.65,0,0
4270.44,378,5,68,1,0,1.04,0,0
71.08,963,14,88,0,0,7.71,0,0
2561.34,476,6,7,0,1,0.96,0,0
3848.37,329,10,14,1,0,1.52,1,0
4674.3,438,16,82,1,1,8.99,0,0
4546.46,16,22,58,1,1,7.56,0,0
4099.03,868,17,10,0,0,3.72,1,0
4441.52,511,21,19,0,0,6.42,1,1
1000.1,984,23,54,0,1,4.63,0,0
1424.5,581,20,35,0,0,0.76,0,0
1448.4,6,18,81,0,1,7.24,0,0
1888.38,1019,7,13,0,1,7.66,0,0
1969.64,807,23,57,0,1,8.84,1,1
2725.05,619,19,37,1,1,5.45,0,0
803.6,405,7,88,1,1,6.76,0,0
3457.78,997,20,79,0,1,4.44,0,0
841.99,594,10,81,1,1,3.26,1,0
1554.99,566,20,0,1,1,4.18,0,0
2519.21,752,2,64,1,0,9.13,0,0
3983.22,12,22,0,1,0,1.73,0,1
3698.65,165,13,84,0,1,2.56,0,0
3229.44,878,8,59,0,1,6.1,1,0
783.09,78,0,24,0,1,1.25,0,0
2737.49,614,0,90,0,1,8.93,0,0
441.8,869,11,9,1,1,0.57,1,0
1889.93,812,10,49,1,1,7.58,0,0
2070.52,1072,20,11,0,1,3.8,0,0
203.86,767,0,91,1,1,0.61,0,0
1373.57,82,19,31,1,1,8.44,0,0
4778.47,209,11,32,0,0,6.44,0,0
4768.39,522,16,71,2,1,0.19,0,0
1764.87,1053,14,25,0,1,2.75,0,0
220.29,994,1,41,2,1,3.59,0,0
899.58,465,17,49,0,1,3.29,0,0
1964.13,628,15,60,0,1,5.03,0,1
4739.16,781,3,40,1,0,5.32,0,0
710.29,559,7,56,2,0,4.03,0,0
3818.76,960,1,1,0,1,3.38,0,1
547.87,91,13,98,1,1,5.09,1,0
4906.38,1077,14,97,1,0,0.43,0,0
1911.17,860,8,69,0,1,6.49,0,1
3877.3,556,1,30,0,1,6.1,1,0
1716.24,156,16,22,0,0,2.86,0,0
3140.21,2,9,75,0,1,1.88,0,0
964.12,825,8,53,1,1,0.82,0,0
734.37,802,1,27,2,1,5.91,0,0
4690.63,983,23,78,1,1,5.73,1,1
4588.65,1082,18,18,2,1,5.38,0,0
4437.91,493,16,75,0,1,9.86,0,1
3129.04,669,10,47,0,1,5.36,0,0
4042.3,1059,16,1,1,1,7.25,1,0
349.84,75,9,10,1,0,1.22,0,0
1677.27,944,17,43,0,1,3.06,0,0
1571.95,371,22,58,0,0,2.83,1,0
3180.05,587,5,58,1,1,5.8,0,0
1783.01,329,15,37,0,1,3.38,0,0
746.79,590,17,24,0,1,6.45,1,0
2984.35,777,19,20,1,0,6.93,0,0
4072.85,304,17,41,2,0,0.43,0,1
1913.71,579,0,35,1,1,6.43,0,0
665.68,221,2,8,1,1,1.26,0,0
987.46,979,14,11,0,1,4.7,0,0
1191.23,375,19,9,1,1,7.29,0,1
1502.99,188,9,58,0,1,7.06,0,0
3215.76,474,20,4,2,0,3.07,0,0
3006.72,844,4,32,0,0,2.8,0,0
3481.92,531,14,68,1,0,4.46,0,1
1815.7,1071,22,79,1,1,1.97,1,0
4120.87,1089,13,62,0,1,9.75,0,0
1024.42,963,14,28,2,0,3.51,1,0
2347.86,475,9,17,0,0,9.24,0,0
4005.69,946,23,92,0,1,9.09,0,0
904.89,1090,8,5,0,1,3.71,0,0
553.77,517,11,52,1,1,2.62,1,0
4419.0,426,6,81,1,0,7.73,0,1
1717.93,133,4,31,0,1,2.37,0,0
3420.93,314,23,41,0,1,5.26,0,1
131.62,591,9,46,2,1,1.2,0,0
3451.78,1009,7,30,0,0,3.92,1,0
1583.93,159,21,61,1,1,0.87,0,0
283.43,661,19,55,1,1,2.91,0,0
3051.01,748,15,10,1,1,6.69,1,1
1207.82,801,11,25,1,1,9.91,1,0
1937.1,410,8,91,0,1,2.62,0,0
407.5,680,9,26,2,1,4.79,0,0
740.08,114,15,82,0,1,4.54,0,0
1493.4,897,9,56,0,0,1.92,0,1
453.35,1079,8,26,0,0,6.14,0,0
4554.58,65,2,58,2,0,7.27,0,1
35.2,684,18,61,1,1,1.56,1,0
2421.88,146,10,19,0,0,7.6,0,0
620.62,943,5,2,1,1,7.03,0,0
1541.86,1034,5,15,0,1,2.05,1,0
4630.67,739,14,43,2,0,6.52,0,0
812.66,186,14,92,0,1,4.0,0,0
4829.33,835,12,78,1,0,6.84,0,1
1032.94,809,21,29,1,1,5.01,0,0
3709.12,171,4,39,0,1,0.58,1,0
2735.65,213,13,64,1,1,7.89,0,0
4422.97,27,20,28,0,0,5.6,0,0
2772.2,1014,1,29,1,1,7.28,0,0
2675.12,1092,22,31,1,1,1.35,0,0
981.31,790,11,9,1,1,7.24,0,1
835.32,408,19,90,0,1,4.2,0,0
4582.86,74,13,50,2,1,8.01,0,1
1642.55,578,18,7,0,1,6.03,0,0
1863.55,680,23,50,1,1,3.61,0,0
3800.32,786,19,35,1,0,2.1,0,0
1697.42,849,14,54,2,1,8.18,0,0
4760.55,870,19,34,1,1,5.65,0,0
3690.95,237,23,35,0,1,9.88,0,0
2989.16,727,16,55,1,1,3.8,0,0
4405.07,378,13,35,0,0,6.89,0,0
252.78,661,22,88,0,1,6.27,1,0
1289.03,830,17,83,2,1,6.41,0,0
2327.86,906,21,60,1,0,7.4,0,0
1138.76,376,23,61,0,1,1.48,1,0
3720.81,619,4,80,1,1,5.54,0,1
4596.44,653,21,86,0,0,5.14,0,0
2121.73,1033,11,24,0,1,3.49,1,0
1713.95,196,9,63,0,1,4.42,0,0
4807.95,807,7,59,1,0,5.24,0,1
2227.04,893,5,56,1,1,3.28,0,0
2447.8,1085,14,94,1,0,3.0,0,0
1761.49,937,11,69,0,1,7.41,0,0
4548.19,847,5,98,1,1,0.76,0,0
2846.93,818,11,51,0,0,3.2,0,0
3812.06,564,14,55,1,1,6.57,0,0
4059.97,634,11,62,1,1,2.17,0,0
1712.54,679,8,67,0,1,5.77,0,0
2171.3,1018,18,19,1,1,3.09,1,0
4243.12,8,20,53,2,1,8.45,0,0
1819.46,1069,1,0,0,1,3.56,0,0
3970.71,344,12,89,1,1,2.37,0,0
4705.26,796,12,97,1,1,5.35,0,0
3117.94,1051,7,9,0,0,1.44,0,0
3709.43,849,12,22,1,1,8.0,0,0
4026.46,62,3,50,1,1,6.83,0,1
4225.97,1086,5,23,0,1,7.73,1,0
1978.29,422,5,12,0,1,4.05,1,0
261.06,633,20,28,2,1,8.37,0,0
2012.37,792,11,57,1,0,4.99,1,0
3370.41,551,11,90,0,1,1.04,0,0
2254.5,606,16,94,0,1,2.32,0,0
3746.07,525,6,42,1,0,7.14,0,0
1788.13,899,14,9,0,1,8.97,0,0
3175.55,163,23,30,0,1,1.04,0,0
936.17,787,16,73,1,1,8.66,0,0
3748.1,910,9,87,1,0,8.01,0,0
2730.75,982,22,96,0,0,3.63,0,0
1024.3,379,19,13,0,0,6.92,0,0
1463.1,173,5,98,0,1,1.95,1,0
3744.3,1000,8,33,0,1,8.15,1,0
2415.59,64,14,16,0,1,6.61,1,0
1084.08,975,15,20,0,1,4.44,0,0
4836.52,66,20,95,0,1,8.66,0,0
3577.05,458,7,66,0,1,1.48,1,0
4785.89,453,15,57,2,0,8.47,1,1
2138.39,979,4,78,0,1,0.34,0,0
2378.13,178,17,7,0,0,7.56,0,0
4490.29,280,19,95,0,1,5.78,0,0
2627.62,344,13,37,0,0,7.0,1,0
3537.86,1041,1,25,1,0,4.18,0,1
1264.6,296,22,63,0,1,8.66,1,0
2236.4,202,22,29,1,1,3.2,0,0
621.63,962,2,8,0,0,2.82,0,0
1033.87,684,13,31,1,1,3.09,0,0
9.71,375,6,10,0,1,7.77,0,1
201.13,35,14,85,0,1,5.0,0,0
4886.53,29,16,33,0,1,5.42,0,0
1215.56,775,0,17,0,1,8.33,0,1
3318.24,221,8,18,1,1,8.35,0,0
4196.3,53,21,53,0,0,1.7,0,0
2755.55,791,13,81,1,0,5.54,0,0
769.96,76,15,36,0,0,1.35,0,0
3641.94,494,20,81,0,1,8.7,0,0
3003.26,117,12,11,0,1,8.39,1,1
3657.6,280,5,3,1,1,8.51,0,0
3849.88,746,21,42,0,0,7.08,0,1
4877.17,949,0,26,0,1,4.72,0,0
2869.95,764,20,50,0,1,4.11,0,0
1711.5,295,3,4,1,0,4.01,1,1
3244.08,1018,2,5,1,1,0.76,0,0
346.86,1045,16,76,0,1,9.49,1,0
4487.5,842,1,86,0,1,4.56,0,1
601.31,1060,18,55,0,0,9.31,0,0
1642.57,497,19,88,0,1,8.8,0,0
4079.65,206,22,67,1,0,8.3,1,0
2988.58,426,21,95,0,1,5.92,0,0
