amount,frequency,time_of_day,account_age,is_anomaly
41.87528056278696,9.814717247078388,7.299674156906763,870.1933705586483,False
88.17689325546229,2.26280318974917,10.464132645564746,596.672467493982,False
57.61648194767658,9.257323256315525,12.411266669351466,259.4679962486525,False
98.80420242117349,15.880769852673891,6.875723310799774,110.43634661756953,False
241.0723323895776,7.613816270197473,10.106355314977533,784.9785066579353,False
139.94916016404548,1.235676689268981,15.330083505593336,142.68235147218763,False
449.6357213971301,18.236705583410767,19.965750745050634,714.589019506775,False
210.6117095737078,19.370064496186423,9.127328005894398,259.35763624015806,False
69.1115768392944,1.002559167085221,18.02046278998027,587.299855504766,False
6681.558283142831,1.4879778426500208,2.112228950154396,7.578275967439359,True
390.4423507635785,3.7092887375562658,6.729362527178701,768.4719089019319,False
444.2359324278865,14.839046232453274,21.75321434201781,754.8209939584872,False
256.3127213821421,7.798167041183394,12.432435470211852,549.0541704361258,False
6876.228078032509,0.5484150676150529,2.548677550019685,5.952048220061183,True
129.55492525575096,9.90659134382561,17.683547484115987,699.0400259040917,False
377.4806304955971,5.567579344976631,12.10586398574616,1022.0372620686562,False
365.6025591102964,17.968713898712885,21.063587800097046,757.5819748504063,False
307.06393949797894,2.2571385878543686,8.345832914557477,356.14479616824644,False
80.99848732469931,14.528266386284834,17.39419273408968,83.59392357541711,False
484.2514170740649,11.975003332544029,6.9060089180409285,579.482360629576,False
29.97981936183432,13.847373679433248,11.038695113422332,89.56156288656032,False
124.5189201361122,18.61535185542454,13.184604165919389,388.3196246856483,False
205.34488360843343,15.729636984864037,16.93487064251633,303.34469973914884,False
256.6744627188799,14.432553261658608,21.30067010421378,1027.4472822454436,False
369.0727569354628,1.796389117608893,12.650044512466485,600.3308406315512,False
153.15087778225688,18.799626778628745,16.758141492667257,941.8036074243132,False
315.2163331513101,3.0524893284831363,12.924343749469102,801.6541732541414,False
212.63905974742224,5.417613851948793,8.613671195890504,925.0715293315114,False
281.6334857305864,16.602767368454302,6.3530583789166535,1042.5431195714957,False
166.4636824193033,14.077210479824505,7.228128990219808,80.88715338569672,False
8734.46967223055,1.294919775354869,0.9629081622926394,21.1904216475169,True
,16.326636007509514,20.32889185398216,260.90720386450033,False
448.4654017095479,18.968264793005364,14.899051082080186,449.812876748902,False
154.279957114097,2.783288411643768,12.045427419634986,523.9574632782108,False
466.73795841697006,2.388549678513285,8.628589492358548,1054.116186000986,False
6686.904404223373,0.7365162829196219,0.3545809571928476,28.81782762439084,True
93.73491782113226,1.279174384444123,21.07293151181753,950.5891813620336,False
324.73950769356145,14.072865584408447,15.83199136408308,852.7365602271099,False
93.18137349289496,17.874245589746682,19.887674027694445,892.9259740009106,False
45.49897501933385,2.3118722199773947,14.2018439056512,114.4008305283742,False
294.80672849708003,6.9254133004207805,14.1241254110171,408.6392339668881,False
237.95075001902188,13.782527673836867,7.630060226232905,947.000570970436,False
384.7568024424677,1.363954225473805,16.33484628836863,922.3010706643772,False
246.93736689276312,3.9435809117254106,7.204459466426778,79.71933319272655,False
362.8179029075764,9.465291136095928,9.858643428924193,1083.5831415383,False
273.3238454395822,7.111729803531424,14.712885194474808,259.2615337619135,False
348.5594916702084,6.306245680633798,15.323431189514904,628.0981507134868,False
278.5001495971096,16.7880342500463,10.96593422572992,239.2100007122669,False
158.532894413211,8.559448357331117,16.8036934009926,187.0374548684812,False
153.6423878278965,11.242796501984165,8.354612017519125,889.1438152484905,False
31.148356855782296,18.2796376078076,9.333046240136287,719.6085822822238,False
492.2008999076546,2.749272735567033,20.76232223365715,584.0454708947908,False
50.91535118234769,7.506511597859554,17.693925532418568,617.5476857138817,False
281.99162515812026,14.898432816819644,13.422980215278256,552.503458331582,False
385.9222615762522,12.469106810628126,13.003469198936662,884.8289000221141,False
146.50926612565974,2.032308661635173,18.53419551993341,665.1591836724715,False
78.3519917195005,11.643195485774998,9.84850536288238,938.74831047407,False
,6.494561479623047,19.273053302853896,466.18238753457234,False
148.27166659966807,4.065979809379279,8.390106179622913,141.27153734296536,False
89.19806990636074,9.028420137926949,8.008796638375633,1009.8426559613872,False
272.5555653918098,17.542711648384834,11.478321972733754,499.0628177486891,False
64.84061350488666,3.471532726749992,10.375592245999677,505.7234886580681,False
215.27347025722847,18.471089468464942,7.399144028798167,196.7036122877644,False
461.7183751613272,13.711424409253056,6.259206357431475,555.0265866378649,False
119.5619608745318,10.035374712249707,21.188369699929872,1024.745135554131,False
299.5375421622385,7.176976293202281,7.546317348604036,181.42316585252948,False
,12.974697169667,10.955067377683026,850.0219033900299,False
419.2982228387266,19.60299382228793,12.219621566024747,550.7327366569515,False
378.6635194244632,8.37174843899052,8.833316086356637,567.9480668673667,False
414.9641583927934,6.913132406204478,11.730235464466311,960.1295905011316,False
51.97254230225096,8.071291849691047,16.595714533273487,1092.255430092035,False
451.0113304650255,9.732097087058838,16.225725551915303,893.2930983970715,False
197.150423429919,10.069657564325626,13.947894848095752,633.6485018361464,False
57.93873871899073,8.960008013562032,9.461324442093233,334.88805314921706,False
409.26430573579097,9.820531875045273,20.30293617071985,63.24244176076615,False
160.88567137968354,5.348633787186481,9.375518249919208,254.4025983047751,False
497.4844954131859,6.925709279510779,10.825389917976825,1046.1501982731922,False
309.38068453698594,6.199167939354661,7.800050088426108,230.8933424416397,False
151.45993101764293,17.27420725121061,13.721619770584333,347.5301294345317,False
229.7383057693767,19.316330735236345,13.834305216512522,482.4058031179536,False
159.26074689495164,3.1678199128707343,21.63647892106316,790.0482015144438,False
478.26923413257913,5.703635635317841,20.794268658058183,160.44270894556655,False
191.37776312516772,19.913312807634888,13.266938603787295,818.6426400975093,False
92.32696179498308,11.222431401914156,7.044428121063422,607.5494740364493,False
9152.730954062765,1.1066843890279336,3.667009246674529,15.354501046661367,True
439.5588732958183,6.167973501542765,20.8253661314941,469.7504169125121,False
133.59809988494715,2.459257917974009,18.197779419314763,478.4916332222969,False
59.87341158399784,12.547290322801729,19.2730034509288,981.5881195338836,False
47.30412115024709,12.71888854919828,12.031778676589466,816.5440770418415,False
389.0018315864343,5.624536981152079,13.12828503189058,130.89694424000152,False
337.42427129195795,5.0134047979856895,11.340425553116765,113.4302019165371,False
143.4305899944908,4.179104776020147,11.626397957470486,536.0569723140991,False
365.3762536034169,10.634133288035647,14.611521629895604,609.8513187388645,False
406.8384784687711,6.046073826213515,9.131402241594383,610.513834695783,False
305.5445336385302,7.561497092652869,9.26503021674561,455.7013217877654,False
84.01836697264112,4.06589322005229,13.588938637894884,290.6221108302415,False
315.2536259461066,14.154819526760104,14.70059312626795,605.7507089558364,False
459.48365197649895,3.988190955414592,7.910096181411149,740.3942528385019,False
444.5932011025421,14.58031225243497,11.120257809398268,156.16171592562316,False
439.8962831566807,6.774981623573752,11.043830954391211,1063.1744840356305,False
136.4853820235525,5.931952536225935,6.145392559219461,627.6249762434608,False
275.4007651838248,19.71230965248704,9.631656631544336,721.3489725448794,False
65.60202540788865,5.040243151050826,16.760116202778384,253.77543137632847,False
480.1925557173064,4.508016689600015,16.090164719729287,309.0672797998214,False
483.2528589650778,12.617808613287556,10.71707581354827,1091.467691000434,False
324.56603521720035,10.298458210725183,21.719721289619965,790.8227535697164,False
463.0998729564957,1.6305977366860982,16.91506702808158,153.8932893969232,False
267.58818932831605,11.345442222973436,13.117638925240652,167.12347579697908,False
437.34071538263424,12.277657772196934,11.126420578243438,334.1422912941477,False
55.56541351333476,1.4896223765226717,17.480982122376574,307.6096974286384,False
264.3392975450525,4.473917817507525,15.562917368375343,743.8204844872425,False
21.914823551412383,4.521273411045574,18.264437059546037,723.0214693154974,False
472.8609675422714,12.270006161749896,14.716817364417574,723.1317672711344,False
150.09432672718847,8.9356729205229,8.6001770447593,352.92881725529963,False
139.87274987925198,5.303910894686008,19.133584148210065,140.1156075109942,False
267.9373038586955,10.195797995415196,10.459109054856413,71.84592158548746,False
419.6302590509808,19.863519940982336,21.53504399367389,325.56178722104806,False
338.04860804711313,2.6533271477529863,19.421429388244327,507.5543506819685,False
231.63595941396707,5.135680592030185,14.14334464675276,100.7217014354297,False
49.49474174099108,18.677569983217182,6.224232280416912,862.8319442575475,False
237.21221842059128,10.714233781814272,17.760402979037174,1058.8128539736722,False
93.55682060677285,11.741274836860589,10.33030307170825,409.2116735618892,False
212.18266168659895,4.170343832276304,14.66032177506685,470.5537826161154,False
390.53245786795344,9.14994233517274,12.731785001097869,994.444976515386,False
294.2844609213928,19.4942697641316,14.066125470695011,471.9726126648533,False
446.1026174906075,5.833440035995093,8.602573041687762,910.6142572396304,False
2874.2355629452795,0.8098507531147122,2.952130515539457,13.52234792279145,True
312.94483804984503,8.169043025300663,21.1203850332891,901.5540830859056,False
422.4961006115533,6.75539884783066,6.003632611492089,125.47962626599814,False
359.4899457392676,19.32505642411542,11.461098335200834,856.296294440968,False
75.66746194081396,10.928955387398158,16.608435259570356,420.09500130994616,False
251.38630110252095,3.644737325568215,6.953877205514544,233.67286746606925,False
275.9349772403221,17.02934361698465,8.993988326568028,543.223677972126,False
263.67870525850856,2.4382948188859617,17.354741496072393,566.8346349320719,False
165.8217027362133,19.37540568992424,17.16532456808272,34.17306932291432,False
155.70101361254987,9.22257071238599,12.966341174396025,899.8849385966801,False
164.03443072740006,4.001141633871612,14.770323243648352,369.97494214229073,False
475.2651055922447,13.169044801341036,11.001568398532802,782.745829964188,False
192.28886203846372,9.180057430781943,16.329154902838848,828.9212870966501,False
,13.870469467888585,8.307840337889656,129.74518702696034,False
,16.944427504625672,17.252435643719224,714.5841834226178,False
9725.2253981313,0.8149924522144953,4.084389929468914,15.996505755286584,True
469.0465722691314,4.097671401700229,20.36728345896031,670.7962381807953,False
453.0377603019367,16.26617212264081,8.210004690243956,441.58263100925103,False
114.4213049722908,5.66169396915801,17.21756139782832,79.063665704373,False
451.8633761463575,7.20909941129777,12.483154281205277,62.82821891482932,False
4171.051160636676,0.8528699589511712,3.5136914964479344,28.288007847441023,True
,15.980499521812677,17.094754048900946,174.4423460477888,False
118.09985682849351,16.86399690819367,8.554661589874412,97.37474548901866,False
379.7260083014944,13.10114403164012,8.031110620079563,942.6518883108984,False
347.1860059824057,16.598639328683674,16.0280535766773,393.2159845646141,False
113.90197155503104,12.855971225050666,17.365624011397315,508.8228348982403,False
144.28705813673093,6.041196613553872,11.46958467067613,894.7456456462038,False
69.79873507394163,17.161705098981617,19.857624726045355,662.1576459512273,False
,7.8666718022765405,19.22224498560888,31.367913186043506,False
49.25627472849082,14.732017292537288,11.373061834264552,1059.7118110624642,False
96.94537645206418,12.420409169204426,6.779117574398876,820.9073290110005,False
190.29096813802136,6.860897348300196,18.44775954513499,877.8129795477383,False
32.16137156616365,13.36849587586813,20.2386140218058,931.8260269912788,False
324.0763178992127,15.682656973636504,20.637359199950048,684.871710513787,False
143.96946524604604,19.191512361723827,20.60866347023769,919.534924069192,False
124.15014262928057,9.031844100984712,13.836573887811852,806.940314404907,False
375.4095535383037,17.04003418043672,7.586337796441983,77.01502362314007,False
435.4535276501065,13.01543516223936,7.461211749336913,768.9644595797402,False
347.0640039273985,7.780833528251094,16.825875736840104,661.0851146445406,False
278.8795567896272,15.325276168338895,7.687734839376571,558.7889246755942,False
498.98771416133536,13.478365206016583,12.979936421714518,552.3282880237867,False
65.48664246197006,14.648292332068076,19.754325525641704,367.039255025496,False
351.5377130876813,12.242246083820184,16.37173550092554,1075.2138175419568,False
276.3409019458544,3.792291482175984,6.623325541575428,108.88977617912684,False
124.97462010917224,10.236479219083558,6.912038200830944,76.69689790891084,False
,14.96359110050299,20.978825026664083,123.419288431762,False
410.8272353020216,13.058754191824889,16.874130918322297,572.8582701819114,False
56.812303778987406,13.67703440668944,17.60522225177405,88.7417689909015,False
112.85374061683704,4.64026596896169,18.403752622384896,997.4567642410266,False
149.69663265998508,6.99691953150365,17.152386656068792,168.78865731722482,False
55.90063623576531,2.834154933713376,20.36696469509979,232.756602406342,False
29.26294852213848,16.947431354764042,11.42785057878138,956.0613448350674,False
150.64868525570725,8.783750014143859,18.30497813055559,287.4792004658609,False
57.859335863128095,3.8736897459637567,18.701089662528634,960.4671068071974,False
107.37068395174448,10.86833133057481,16.82373999232967,354.93116646279583,False
359.5412970834307,13.021525696223415,7.919247067695517,468.79889198351407,False
445.4865591357988,6.145320232702479,11.088633787112318,996.4482828089432,False
242.34517625278932,3.299475009218668,12.131445855156027,520.6584624859133,False
212.1847020158256,16.303170817873603,15.37293430744391,467.673047558237,False
66.77583916731356,15.668237049889816,9.62035888005098,409.7352510533865,False
350.40127071866914,16.200066153509947,15.17701248042736,286.35890373163465,False
239.64371457712187,12.898452107000212,8.239798027548206,462.0858617527093,False
6547.777617254556,1.6222258562611171,3.3203706059991704,2.1695746704938768,True
128.50762254122134,13.63471316604391,17.209783942311226,185.09450874127597,False
360.9984601507143,11.113545643077634,8.171933649598417,1027.7489030469314,False
214.6145801346149,4.85002004857152,19.399560313900395,490.89694201922623,False
43.1301561601853,16.68850807965267,19.91513415762614,230.1173220703136,False
232.82252926059093,12.038057217875409,15.717190668689057,334.828887210594,False
184.27963106782508,14.322227370214936,9.456503046289155,164.68442135480328,False
7498.264035305022,1.977698018772055,2.037026358056744,8.512019178997068,True
23.00077989817166,15.545388259801356,13.741763501828984,242.5437709291748,False
364.9260203930832,10.302864778954651,11.760958430891616,155.19847031379743,False
492.0026733790727,9.413164594331011,7.4882785482028,483.5762101140661,False
392.1269845577414,14.745429584743327,10.76575037424338,713.2823605242149,False
399.4566788874654,14.18504221969298,18.09907574570849,572.205755224711,False
467.2255323583433,17.499780954991746,15.960751847396509,594.2466457796077,False
401.3699539107416,16.977265497655235,11.784643004207306,627.1396226650993,False
410.3653147651472,6.084260857831458,10.328948103807862,728.0393170393043,False
304.7897918717023,3.60582127490212,12.160928891503389,465.5075060808557,False
495.9868761611881,8.661002030492632,13.218081116765465,456.1653656016499,False
300.2516610107475,13.530704604174634,13.973328452707795,962.26185049431,False
160.57208281388043,15.426557631451,7.303155406258547,613.2111471962406,False
350.034737788879,1.949601544533896,7.090985916247403,408.0912584351027,False
333.0834218808335,16.218633307663932,6.270604798745717,1036.1588354238756,False
252.79074494103725,19.37367022986678,8.450312001343299,352.91672635405376,False
66.27004412220973,19.306485576864176,13.050638134788697,628.3989583972115,False
315.8766179978561,13.08313943611084,18.838428551221188,464.4073621709028,False
62.86679922671918,8.523438980586644,6.445635853137191,961.2339037693722,False
35.46592898922148,11.62212641398544,18.190238310039742,322.560859939608,False
194.03564679357257,9.977373745123758,9.34129496791344,841.7296994216974,False
190.57790842464297,5.449864047600348,6.117648712870832,534.2082042776619,False
363.8147597193412,8.507950651973797,7.347408178833573,290.7118647468381,False
200.2032638411957,1.2224256038871772,6.953393557650299,99.11773270840608,False
382.9495531511474,5.18847408066296,21.930322826789588,975.5257869576473,False
190.76768338918848,19.317489913312052,16.92064766027451,212.837277721026,False
435.6135728128355,1.749731124927087,8.539788213988952,105.13581785103771,False
447.1214975807149,7.5351960445960255,10.114437617745534,295.1248539086695,False
124.46779801445588,12.590140924510228,17.850617297066016,490.5455825530757,False
120.05636324059115,10.13691278545717,18.74304898437564,1022.094793568444,False
149.57184224495913,9.952190079723476,20.694360673304928,864.0654309147166,False
294.24224184052747,17.671930886435156,16.092326722761932,997.109126718745,False
204.3059633374224,7.108418323709757,9.825062145200476,113.6130099030945,False
7545.354882030768,1.8917393483268987,3.113706381887388,16.903627165515438,True
463.5285713243204,4.071757288502276,21.28717106300908,484.0289831000969,False
236.7130949781072,7.947934216966055,17.499489812195236,212.2065547028776,False
337.1207589261565,16.25340776166551,12.546921399335815,559.4831539643352,False
54.69099049385828,15.36805866505336,15.58975560067465,92.02328982359312,False
428.6486957510938,6.028065511581789,12.908913521724436,135.9634808823796,False
335.11586686294737,17.308491859183295,14.661990734519012,389.1313022826943,False
77.07395873371556,10.763234819928586,15.971365969088112,175.37570786901503,False
133.37332495442843,11.275081344725344,8.153220273665724,415.1743786027206,False
249.0484815239176,7.500044796408287,12.88228371354922,969.028931311097,False
188.1785051658541,4.560826937854062,16.640895824106096,708.833642487821,False
82.0660056552286,19.60064118832137,12.570922128164526,1009.8406447761412,False
311.35635433904463,16.308575987696138,17.337336732285202,468.62268154888926,False
347.8378348772602,11.2934583210837,6.349547391779229,554.8121333461778,False
28.300612487115064,6.332981094803512,7.268484554099068,444.747934282722,False
2844.1091712096086,1.9920244987818452,1.6468903351710884,25.723623484823044,True
390.45924878486505,16.478749089489796,13.286318483967053,88.9289923289636,False
98.04472334641856,4.627605116361226,18.35443244185341,231.36770127394152,False
2664.3100624814915,1.386877522666468,3.088472930942954,18.10214204621751,True
193.5246582352076,5.972407990982213,15.151934052537484,720.3936560928804,False
126.39622921270004,14.198178218980829,8.727400185306273,989.4667327343452,False
311.7665480455861,13.702880287735368,11.649646223014232,107.83562194285,False
114.62056949222924,4.453798477129876,9.787527613661329,64.07410005370582,False
89.83786926990055,17.600273275860555,21.3271337588182,636.2301758773921,False
294.4882916362413,15.459150546412449,6.636983031132061,199.7555522815433,False
159.7460655902053,1.746118870591394,12.501315695420285,967.8928649997754,False
330.71049499775626,14.656052739217074,9.653300037897774,1028.6554153790266,False
47.17303077324532,2.363740318303748,12.296885377701049,531.2965644579806,False
332.87273153597414,4.888922072088395,17.137277785072627,233.52748816606936,False
176.12459761386333,3.1087999150561405,15.906763765853388,766.9026418789205,False
78.42911483059332,14.440543000625627,15.53828239279835,54.54514915303689,False
,7.74356855666319,9.60257638745491,478.2548031285757,False
470.824706332928,16.096987295303613,16.81060643531317,1009.5790889450996,False
51.82133735853549,15.963432631316806,21.164475167507675,473.3434488997378,False
118.76635934714524,4.536582057313611,19.183962430079653,312.8507921973383,False
289.5987758530265,8.08932975002529,12.578309383679793,673.2653225925676,False
60.22976671543284,10.78510753448474,18.02277308050084,272.92690246604013,False
41.77826129665449,3.287363996992691,20.279505503232187,209.80779108498717,False
485.25690259256254,7.496200284004316,13.36526481028424,710.8149705881514,False
186.4668396610444,4.243458902937124,11.639696751093618,895.1179593405366,False
478.1139963869248,14.92700203722984,17.510210489197124,375.5267134963455,False
149.05019384137498,16.621417849512042,19.38307507951792,297.5194849037576,False
61.0137281982415,12.00697486657682,21.56109177039579,982.9215161683072,False
305.70895663226287,5.230845503338614,21.808223393046745,389.1201674549347,False
260.2661782630072,9.122304070491689,6.017793507138999,333.1785968714838,False
202.6178850867126,12.368792201657415,16.255448449580122,1080.0198895855374,False
368.1250628497857,1.4483043282650534,20.731062412457916,340.12422457140474,False
172.1400321777981,9.814696159434323,16.005282719271264,431.87612825028185,False
339.22744436337695,17.245573830778767,13.504651960290465,249.26998596642835,False
87.71650159360611,18.789331807909605,8.944716352803416,582.014978037412,False
15.955692598010009,5.327244985960983,20.512671366640348,730.7166554328909,False
321.9681442619316,11.960290241521305,10.314080140274925,394.16023565708383,False
33.62389904167245,14.397643765840703,14.094812802342302,438.4642557421855,False
217.63174428789375,14.775115449683256,6.394310474181163,982.2160059530596,False
286.9152599587124,12.824522027727676,18.530582894779155,363.1795288260366,False
12.705837390565176,4.892744208863538,15.507869236937555,209.8351431758926,False
461.2125224825125,4.091295132362752,14.18848730511169,877.2547774018802,False
3769.902558453469,1.3603889608173363,2.789050628677172,18.54794704487737,True
8901.401303565806,1.7594437700275167,4.847196878379392,18.574435071903853,True
127.19825106580356,5.9599219984621135,8.301887461493276,1079.5832019168072,False
54.875215930050736,17.440619419269336,20.35835709314538,647.4200274108572,False
118.39262649160509,11.428314636469764,8.64799639461849,296.7643382884981,False
133.69410272857016,8.365327303657294,14.169126539656055,774.997181978739,False
29.653503792116418,5.588511931863835,17.086542576396283,1031.781599133211,False
344.796794193202,4.805358339484892,21.418963018992784,548.0611423060964,False
276.7996580008163,6.263237962193597,13.14122175978498,498.03062369174086,False
320.6627945188096,2.339346967219748,13.13320879723226,133.1119485013878,False
458.274491523369,19.87184529303632,12.037810828746412,420.4691506027261,False
393.368887188554,4.22484014296154,11.754808979569084,385.8623188388132,False
440.2074170180841,1.9426730934379115,10.57816067933303,627.8439527616449,False
43.00179471969813,6.848120801934167,11.31476035298772,626.2834164157615,False
147.67196290019285,17.407402927776356,11.677309688690602,438.5436279782437,False
376.2607596855407,14.053366063561612,14.0092690788933,767.9155254969346,False
183.17647585833188,6.822805892813586,11.455391578287816,813.3295516701639,False
320.2197140639013,11.64837198862836,17.68398703247314,1028.4174486050465,False
341.4692892409175,6.837111923404147,12.230236474669976,309.5716635438695,False
448.0073656949692,14.446705655083022,13.371737603866782,1094.1557733747643,False
209.3849007542066,13.687451240459906,19.73316702206173,723.0895617019505,False
360.8263921352248,10.453257190775942,15.615127752603504,235.3741835234916,False
159.0786990501735,7.59952319891801,20.17737774101626,171.0812490041518,False
321.72690870703406,1.9618269731124085,18.315702692750083,190.08081294542671,False
199.50031968726333,13.214756291115446,18.999581136706745,211.91659721611444,False
90.12669756666116,7.998597062092675,9.590127676796728,488.9969619323302,False
95.89844175525324,5.743710102064373,6.780261101010247,576.8077394389984,False
3109.22023290643,0.5792803843248238,3.989011861043039,19.752012876069102,True
367.5070273856514,3.0040002991759813,8.095579887906785,838.8889583835454,False
62.230584850915456,13.082866209707506,7.088597025466715,1003.2124665955656,False
94.12285006566871,14.477095740979582,13.824774407188531,1039.2191963245104,False
,10.865266844823898,16.63582727857354,39.91545966190667,False
184.80913007985876,9.725557674342204,10.048421454724052,640.0027228700211,False
194.18525972142697,4.123705052498696,10.287956270150048,139.63764410580478,False
343.4446580166094,1.0378505691623352,17.87791899343651,791.1579669471045,False
259.6168427933969,2.17436075309523,9.15492771148906,132.37403209474132,False
355.73183453268734,12.804556531942591,9.143791471299378,567.0405857445786,False
297.25261768823066,19.641730904044618,21.25444607011352,353.23166324256914,False
78.02531459821097,16.628161093299738,15.200969175341037,513.4661571959707,False
456.3543204019828,17.22527737215302,17.75373281136856,851.6191122754808,False
141.92918316519666,19.064681446895424,18.0292023353069,120.95364576978062,False
232.3568752779832,13.670100434807503,19.814905244630157,481.35571720985655,False
7837.42730917793,1.878638585926256,0.0897893187507548,10.664010475971102,True
322.8777143554019,17.926255164679787,6.918269499012377,1065.236950474015,False
345.2741829909569,5.281021669073467,16.55076739331196,165.04391606999943,False
429.6800221822779,18.3524520039485,15.57700789148416,581.8891047743847,False
201.62995295936275,9.214578301663598,14.072046784877372,216.14785152309324,False
25.279736180029488,8.302745731958563,10.03476603992848,612.1449107418097,False
484.4147796782137,12.709709232588756,6.614414037221513,734.9251789426039,False
8448.77398368598,0.5438571608688499,2.625704258848148,14.472900168738136,True
15.939179575507705,6.963683453785519,7.71246614737661,166.52029754314177,False
45.653873118454825,8.324726190001524,11.599005657131425,618.6296428985003,False
424.79202595823625,18.83116100606894,19.82063396744005,344.97676887065086,False
186.0243510058852,2.679313992705856,18.95965989893556,657.0829377163777,False
297.4381469559823,6.96363443772694,21.60963070650644,421.0356513651991,False
404.7783749455261,19.95493765064097,13.095025645376705,1063.761449600472,False
35.19864860728267,1.2169416856273991,9.295680574031389,911.7400765907578,False
167.18223183615055,13.048700627619,9.844785975205868,463.88939364274,False
449.08473696251167,10.598928697956126,14.40752491769429,151.03303121200616,False
19.40421564329777,13.606948284355592,16.788697179200394,212.40618235954517,False
432.07129821808365,12.6431208751937,19.6253024002758,871.6267976979038,False
335.13331228818816,15.331034493593432,21.258121725275032,207.80194067170967,False
361.6229051725064,4.73196510156833,16.25737765731455,108.9976483079425,False
,7.734074027068043,9.276838544899352,895.5605430844836,False
296.3140128423192,9.790836496242475,9.361715086597629,237.5051236129628,False
194.4670497702443,1.363205794165517,14.34203234357986,930.276424108494,False
399.93840802368953,2.347712106541695,12.267879208996453,237.61404895322025,False
407.1711320830981,10.060025898038525,20.345194535504163,804.4283923732474,False
447.40913842771766,2.0380539800184736,8.58711285238379,85.74974502934845,False
304.54635575417234,2.24195699372332,16.875155469333524,697.5770432020466,False
259.0966679889772,17.707274097891005,16.708292668013357,442.20826271065465,False
481.5991745216345,16.562206763371464,11.483694806846517,526.6889431473442,False
211.09444522493413,17.914085050087312,12.524448550498605,170.27065499476817,False
98.76318127199336,5.872798159318553,8.328247724597746,870.3282434751802,False
99.14478394268284,15.416748821389175,8.376108506298893,221.32854712243912,False
498.2036188678035,4.704528798105495,10.851516541508008,582.1950183134861,False
5284.038570786852,1.344388098677911,4.488979031960129,13.795660403659786,True
15.405319570037134,2.056504911928752,21.86598948737965,350.81132895551224,False
387.0515372640491,10.364427104501486,14.708117392244011,608.8109164409104,False
27.90933724556649,5.1962028762971695,8.3363363087514,698.7760531401968,False
457.4878707526709,13.392260931363976,13.63865903168566,615.1236011449273,False
495.126386551089,12.4365451892875,20.132377622819583,936.8870880712908,False
448.8063819631382,12.509805739601116,16.949027982805518,976.3582336655674,False
167.81879113575735,3.001933522766273,11.006712768461162,875.75330824487,False
409.5760999428687,17.678771484888777,15.650401921967152,520.6165231125677,False
122.111101090895,6.26118526017837,20.246149133684256,238.71889670737644,False
30.370700934692128,15.48374986551824,21.59846836496376,445.75091504000585,False
387.4996347258187,16.92025912218427,12.03522851932222,225.5123031332305,False
,4.901325835429196,9.160894490855652,965.338878134949,False
439.6151620132573,5.595972588144894,7.557870300659538,277.38848161272205,False
59.696205940116094,2.9185840295374605,13.3338156708209,805.9751419843074,False
61.41578742490569,16.606378895113192,9.63970565909664,961.8842652273282,False
99.23777868746264,16.257039367198907,7.321154528564435,258.51153339888504,False
267.13065149979656,18.096833568058177,20.331039108265863,612.4650221896773,False
,13.530613651375216,16.77471566258292,949.6183947429016,False
6258.43491078533,0.8178139654278818,3.85661571608425,23.856633855935485,True
387.2968410183193,5.162307372935298,8.29551131228832,402.94864841353854,False
333.4967145916883,12.550199067723373,16.756010996707115,611.223408965099,False
123.226650328155,7.299729282276681,9.265402578492164,847.1035647795725,False
162.38133764067447,11.23533416110157,9.499422222504627,289.2924019310995,False
186.87720950061316,3.5025855430027777,7.095051347882018,1018.8607558201242,False
332.85388041400205,13.324140178607497,21.274661710065104,303.807335205794,False
486.7751718286983,6.724039954440007,11.83715952332478,159.26109964427994,False
448.3305911781048,16.518809863607085,15.55886788117472,253.94412946548235,False
154.76794096393593,7.824966192671116,7.926050392088541,299.9708472189077,False
297.55214783023075,8.026451863756357,13.60761144372374,371.4602004759915,False
181.94835615051852,6.965367630169704,8.86450619906534,315.7258684555779,False
218.82883809562676,4.04694271627512,21.162978833028475,515.9774138867749,False
404.9034460576344,3.120266999187702,11.026593021391554,592.1198953348361,False
3875.87205426536,0.8314215730113586,4.9051474455753805,16.3949119943658,True
266.95123197051424,19.05872424093062,7.104590990581999,1050.021490957677,False
21.95638296270363,7.583959191101647,14.45850566382841,51.6632522045192,False
351.05460037073675,9.178120796098812,13.2278316157031,736.6172175620762,False
72.57960698126507,10.258041727900965,6.425733857242946,578.0182388252075,False
76.3235003160659,1.974583130643096,13.983487107532689,365.3058305103032,False
190.20208192987192,15.323493571488347,6.62410273220509,738.51557059231,False
42.19723331989266,4.32921367001072,20.19950304340612,705.0922768515507,False
2806.0227516766104,0.1421853446769156,3.3470603212682173,22.83659959813637,True
67.01953496388329,1.4744615802239425,6.899422487358056,957.580493853608,False
44.01768294558575,5.1554862061480815,6.636754037370441,370.9929433112871,False
325.51308423515405,4.972128100430075,8.783419294453418,510.9955302275624,False
360.91383036936486,7.198824442781789,17.06629443157309,269.18023752640465,False
236.1239576661197,1.2054105890687303,15.536697527642357,966.3526195284325,False
117.88976895540756,11.340825356160256,6.25645050328197,202.72529161438945,False
347.31717424959066,1.9817057115012608,17.649862997378662,487.3620103888183,False
344.79153386192644,2.013611942789056,8.010295878597024,153.8314695119179,False
268.2503173167093,9.487576017911886,16.493132277238285,30.840829314278007,False
354.2172011536836,14.35004168862481,6.9831406420926,133.70621650002448,False
69.0777740308666,2.926085053510024,15.609331151794176,654.9078218544896,False
376.3285962863631,4.7208285985511305,6.569443692903622,637.2493848267918,False
,1.100956037698573,21.34194997104656,727.4760861524699,False
185.6482069866936,19.714803466676628,18.29730129461123,617.5736762012648,False
115.44891728844638,18.27433001701813,18.776893410089585,762.845307054763,False
294.1920558397843,18.83206588598948,7.258027375836129,905.2185541057232,False
279.9201115984783,12.527902769631291,15.765808125090512,543.3245873855034,False
3999.671849915964,0.6474890579770658,3.7110050456056634,12.25585934906523,True
285.0258268090532,10.943262992700085,20.86175279752905,630.3800130393504,False
497.12828699837206,11.57891330763557,20.03392748259661,371.37101764891776,False
132.3373243410011,13.80637846211706,8.90908244539742,286.9252178804997,False
202.29810263709132,19.83523012972019,14.198285131713703,1035.1194381672292,False
403.2952217998981,16.3073273019035,6.271506069047463,254.72212666851524,False
82.25173808607913,12.446539397365168,6.113469004389936,806.2470926053545,False
469.1093332852208,4.884519076821189,8.077712214686096,832.2782724514088,False
28.07460420372107,16.61110105649896,16.396608748228793,209.04577394157724,False
98.90336319400068,1.0002210603519566,7.971959330120823,70.24049952439884,False
108.07361967995696,2.2647298303702343,8.1509348379128,1071.85271865889,False
221.65305913463672,1.4146445387343003,10.756595268501224,611.7536941393563,False
143.58576035943153,6.688284100401617,18.720184590855524,562.7108013317663,False
92.13341598127566,2.8034407996117245,21.46774764056173,765.5053076917677,False
216.41154611409527,8.972920273329397,11.899602487533537,915.626231094632,False
320.4043277148121,15.330716933959534,17.90248299683443,773.4451319196227,False
72.46944454267138,16.332344326795877,9.75607074759954,707.4525008954538,False
315.83296484607564,14.857551087671933,14.55294750650094,243.60136246129449,False
65.64322017781822,2.475337358760496,6.221794174605762,625.4805391330614,False
55.62035622489061,5.945450293754057,18.055553770553548,772.76467235761,False
282.04839768373654,15.555230754170749,15.25588013166928,346.53303124502725,False
329.84559284741863,10.631488321274858,11.486874604147134,250.3185473247365,False
79.01993998610193,3.2515498483648795,16.328549702568356,574.7748074621101,False
104.01498911218404,3.68324732408984,10.290291673790732,741.4407169258762,False
401.92907541418447,4.450665387375451,20.09432256871604,632.6713644333734,False
44.882437745512206,13.786365825494215,14.187319153835212,252.9560453440652,False
272.52959519663165,16.987503508610438,12.079665263446314,426.5070599802959,False
295.6903648751492,8.914750741163552,10.922865431647176,715.188757199295,False
399.6809828113462,5.336471906380283,19.502070579694863,125.53147875081076,False
349.38671659082064,16.283867133871993,11.565157558928735,623.6573530737013,False
12.42059065786071,11.704511663540163,21.733452294627625,137.16027574205845,False
22.83638718071175,8.55600387422804,19.208557464326653,983.2815309555502,False
413.0432490323528,9.343846516041218,6.383140244327736,1004.6228437312144,False
434.09849168805033,10.801376151534235,16.102015642294027,591.8722978829982,False
299.2130267658527,8.534519957809302,16.375432910403795,118.79869226372892,False
278.32026431533075,14.46654744935393,20.830520994333824,352.9942927596992,False
180.6451788414172,18.655333019005223,19.745788122350664,477.5658259250321,False
357.43965453094904,5.1821151921903095,12.925438736914757,73.22378342345027,False
356.3600984853324,17.712055244079053,16.920519352603545,357.04844667866485,False
192.92156497707893,17.987791748131762,12.11397591135957,565.7723192892637,False
279.2694725885583,6.044431741152375,10.675983307830206,325.2802134118832,False
383.6047560129384,11.063534754966778,19.720489724030777,1068.4678357386806,False
485.0120379442909,1.5918327630744302,10.173587935393424,1081.2615915091842,False
76.85547875279923,7.236429007888448,6.8816245625412975,749.013328424307,False
95.20867211754876,9.253663061125586,7.705977902985566,101.3455155315777,False
401.9588818328628,2.31114425964351,7.757809819852527,1034.503579923525,False
22.42186427357418,10.377385026462257,7.989533462893926,744.3246015963699,False
142.17730964332492,1.4260918940790472,17.783570793905163,300.6668533361224,False
475.8500101408589,5.692597182367996,18.88691726879978,213.591475642002,False
384.79279815564286,2.1854873033672675,13.423766679046093,1020.927759580458,False
262.2605034255482,4.56672570815279,11.473110954520886,458.96659375951714,False
422.5963142444464,18.26025648570813,19.11193096617684,384.3150413726936,False
487.4534557564216,19.63404752808516,10.18132828616614,266.1951589092269,False
196.29585320507,18.049951450027702,10.963764539915276,623.0115536963975,False
387.7517038755855,11.277195072923536,14.031126482109467,157.54436425029002,False
470.3544813664527,4.149716263102239,19.172371402880483,600.5087535356718,False
464.0279363291323,12.466368824824194,9.355044438883214,318.27803858134365,False
423.943781777275,14.232166333686038,20.558882530555497,596.5086210937229,False
343.93633388972535,6.572863604830729,16.37995382232029,991.9864076844436,False
264.68923479244864,7.180521748873208,15.329692116478368,601.4557723804807,False
196.0492800019608,6.774907732845519,14.746836238356988,544.4655511308673,False
348.293466028389,2.191102810815452,12.0268230468714,358.3950095851517,False
170.24624916598697,16.92494452478421,6.1572408411166055,454.1365001295347,False
449.4150580669484,8.507487244618563,20.068472898512105,890.2030230319207,False
313.11957532544034,9.408364781480168,16.822373902560095,317.9212488777973,False
359.90259674488965,8.078132201431465,13.63173428188246,917.1387575589456,False
285.12744810016665,4.442482301951573,11.294636252483125,849.2518455922898,False
300.2831387424008,5.874071186440708,17.807215158361473,796.7965947982302,False
,4.6120453458908255,16.158506546450603,591.0602818436903,False
44.91579660497671,4.277953661980879,21.429651744575786,278.76316244681254,False
436.6674516235306,15.78247961974841,18.704231204255404,113.8130240831,False
408.2717879561762,9.368385655936056,12.554765908680306,663.9698357758181,False
212.92357873917425,11.97993114118768,13.28906851184174,113.81398419349756,False
116.94440505388144,3.941743639356677,13.73596936170886,622.8953582287894,False
130.87264361559528,13.072872780376288,20.668096049899948,449.699085663184,False
2249.39927289537,1.8500320239692047,2.9543596148712927,1.951939465757964,True
73.74225766400966,8.461884122156908,10.524247312961576,1038.8818476873646,False
25.01972608084497,13.4285220035296,6.098941162254347,598.3020318443096,False
366.69026041714494,2.8118575041870675,15.069734932705517,864.9094317742006,False
270.96882195027706,10.90462490542864,9.999566253901277,638.3417574053658,False
238.14302888490548,19.459121127119964,19.950608980488088,954.1251577374234,False
184.1915751162651,6.052640562010257,16.368485088883425,114.76137695122522,False
351.7359309509516,6.429408167261414,16.67083915933889,616.4854300999563,False
390.801988804444,6.134706150484882,12.720176068730606,925.767421706148,False
48.91549080460344,11.500583087758216,16.920187681859204,42.54556824527374,False
45.86600264653738,17.77538151385572,10.394653916606488,636.4987433654703,False
381.5368530950048,1.1720290700270486,7.591914701967434,290.6535098133276,False
296.82363855440855,5.588433219880489,11.135952730254363,217.13673681621952,False
164.91649143860775,15.52271434229212,9.07612669548947,238.98950999756624,False
58.06046458427985,11.0976433695968,21.052013747751374,446.9870110757351,False
67.2800399470984,8.375148416412916,11.45991119612353,336.0836985454389,False
199.1902925223794,1.83104237387,16.664351627088557,649.9842149977003,False
134.7886048025651,13.483579466448038,19.16805719115096,985.6228979734716,False
115.3207855094708,14.954434709436237,17.316462590490673,470.2097197628197,False
2766.0335893068614,0.8388178433008212,4.684746269543477,21.551624878999704,True
30.025621970574644,3.5427388969941696,10.306585135866069,649.3921123099894,False
208.11619637110317,15.4864922148225,13.504399035486136,808.1731472777356,False
72.25965119942354,1.1046101840479956,12.341002007971529,954.524540258422,False
403.7056558885758,12.061776185288164,14.92597881056117,699.3566535889997,False
270.73560778000467,4.172108686196776,19.78268873752828,588.7760066201877,False
58.213868359564685,2.00253989933245,12.658575142498524,52.26863063702524,False
444.4360654678287,9.948244796259935,16.92273843940415,705.05005695312,False
439.82826499842304,15.91860131981976,7.906250751936771,629.770073703462,False
116.20250204448008,17.9008669098315,16.35747414996946,38.89775994332758,False
437.9282287717958,14.8982408343592,16.028842081037503,516.9503968948147,False
248.4677812981044,4.570487235491138,14.53317676575368,209.38918695548972,False
334.30120302619554,17.05729617842466,9.890879684227617,822.8065053111922,False
402.846760704198,2.3055598767552583,12.22733789797502,346.91281300946844,False
9242.574627008718,0.7017002764321594,4.207198799781224,21.41902646237747,True
444.6723478899075,11.38631618356798,13.08853930140191,252.9109707634321,False
349.2155166137477,18.21565414914395,18.42877499533809,598.2354717345621,False
480.983376273718,3.337062607351167,7.281691625753636,409.9605722219526,False
392.4575024694923,2.082595812949997,10.216823671948443,150.75725676348975,False
412.7114290522745,7.467354980835609,18.518812995404605,152.20018563017436,False
320.4295582728384,7.695123985583434,14.781964824681596,295.16039760685373,False
215.60403058961705,13.091626033484731,7.378114225018885,527.0175609598704,False
170.19649200565877,11.887801811761298,9.527527695989916,450.4357123618423,False
73.46231142857405,5.073723176870127,10.510693689556026,639.0708614187857,False
127.38532642681648,4.3014702695791325,6.000491501526119,605.3313891192288,False
138.925159256313,16.723507993206894,9.294111810853138,108.00656837437047,False
417.531551401129,11.33977458757034,9.21458143496836,708.4556444813633,False
493.46467070090176,10.216798539611265,11.323671624166066,130.70250718472346,False
354.7923510962116,8.012007413457415,20.4384524177708,232.28050199898632,False
180.4265118720746,18.49456556080379,8.017845158006569,171.19139252097372,False
437.74345957944007,5.7588900770574805,19.672758291234885,915.2767824207888,False
343.7477484428416,7.751075221003866,20.034040990376027,403.7890394812873,False
88.43510112774077,17.837453670457556,13.682936244190206,141.4635751119095,False
391.9963920477092,1.1580789023166482,12.747401880414662,282.01428501555944,False
27.97476941639297,10.382466768681644,16.331600693616856,622.0024171218917,False
256.2573774670868,10.969977115567213,8.508166858426229,968.3769829997426,False
474.1518029180908,6.744331737678381,21.65153069642493,604.2413907455898,False
282.16153574528744,1.2719902756741397,10.902647189616582,39.68956306402644,False
228.49232612460668,15.218761219649055,12.952495412871926,463.0679011324935,False
69.7241857351043,3.463900586260472,7.669009397630115,776.8774093241291,False
147.57845759601935,17.953747464653393,6.910102364442345,716.0868620289431,False
122.7043302709745,15.267856168903046,15.030665404475965,653.8538585415657,False
181.56137699169776,9.238073060019673,6.63876052102002,977.5826746645796,False
18.87399007221185,9.302921827646797,10.769059218720066,527.7675122520407,False
35.32404337261777,16.249127912016444,7.289846482713628,863.8136491843146,False
32.760702232798884,13.429317428007415,11.767592082264862,137.74138488795492,False
131.08058466497175,11.41996409687769,10.520804280298222,291.9897234267369,False
310.3403954223175,8.747213995051913,6.26674480959413,524.8942838941007,False
147.16760950351198,6.878081639392859,13.700447219507792,412.78637557482017,False
220.53183824207815,11.4475026927479,8.398548051954235,836.7045390201047,False
91.47885069047892,6.207360197501629,8.982716877663593,778.3004989063803,False
249.81823218513884,1.9848801832748515,12.885544517955209,251.7668761677484,False
397.1149137904601,12.558070500147664,21.327537063719262,581.275767243835,False
48.089972112842574,17.445965766866493,8.130914010680375,57.51850541431192,False
122.03497469669674,17.07250735387691,9.423914859173015,1060.2044385914453,False
82.68816847142354,1.7398223170656466,12.577814671917578,472.8001630539788,False
231.36616258124224,17.381856499505588,21.591028970215604,70.14772080014421,False
307.6969774317048,4.763855022435062,16.74033320366612,693.6418142414341,False
416.8077336378259,15.651333501185846,15.757004184769873,1020.4557273474924,False
372.97662269956015,12.994843508747785,13.072534734897976,563.4335852724231,False
485.0405123049308,3.1187320341042515,16.866601093113005,621.3900539745131,False
317.4776769770013,19.077041196065757,11.5520373665952,1000.027794651872,False
162.5407725864418,6.289001151590475,14.72684720338741,120.15092256762986,False
141.65190609862358,16.327176874200045,13.44058134753456,459.23627717109576,False
332.34419925548764,12.386740206649318,11.070466203529996,422.23467305333065,False
210.57366309437108,5.224864790215236,15.564928214424224,480.8762991285871,False
179.709537239321,14.848367403128991,17.05994662057583,240.06343946787288,False
94.95306169442986,13.251819476423965,11.807725446461946,398.09279444350926,False
458.0618535032303,9.772606732449264,16.780099676545436,37.55780710705484,False
170.81444926856267,4.0973631624828375,16.884011013285985,1022.4870602162904,False
173.41459412866064,13.052910088562056,12.03286289602718,1068.635430077416,False
465.991655175519,4.052912109525058,19.351332045697543,767.8332765408528,False
249.83185253600587,16.693586041453557,11.70553881577929,96.99646195919549,False
249.5348243258909,15.377873174302792,16.829956413241224,236.0212978327134,False
107.77580095528111,18.25634128530613,11.35805264219176,83.01676662204162,False
373.14911815212895,9.701919421067858,12.699122293242947,485.46757640274006,False
168.45206543660518,11.846670919950048,11.050695698625056,218.16666459776505,False
136.36496586226912,8.470708819530524,20.707328496859603,709.6189961798268,False
450.0466018259497,18.446542646833304,11.48145732497811,862.0745394870622,False
86.4373149647393,15.42856698594131,10.290789883918611,1054.890031217485,False
67.48101259157329,12.507119897144818,17.154660068645605,312.52861987664585,False
339.9818923292095,18.653650880293792,19.501005818532896,165.6895963556319,False
204.67077237458,9.733632537650564,19.101908328327543,205.43840432633075,False
142.66488984034137,18.982673749857703,8.116299441575707,118.30402918512245,False
264.2696755885904,14.850640171460512,11.711718871498622,605.9153973350782,False
252.9791101885977,16.63669229579358,14.235875100108478,520.8252030621793,False
8355.073800742852,1.3947751637826251,0.4845866353349742,23.78844604308615,True
24.33116868693398,6.5552790978316695,9.612632834410066,648.731544762646,False
465.46928068143467,6.696210023739482,11.133672683997498,472.0891433505032,False
377.8012283040206,14.406131390232668,7.568122956491857,327.9517813946985,False
255.74298439672785,12.412370264418762,15.307786358738989,725.1554518227437,False
137.05541184422913,8.119717439640151,6.797762342386628,1011.6389029660194,False
351.027360985912,3.498293278061651,8.834456371562009,1024.0849802799794,False
136.37238525202054,16.874124289101694,9.980668619826831,278.3447454590214,False
290.9845651804102,1.5231976775198444,16.269112268822965,451.79801846877206,False
300.5405680724345,4.786136392869215,10.563292842886623,580.7305963626193,False
,18.703320669223512,19.255018735023853,437.2169475806337,False
155.30243483095106,19.6877769237596,19.055292630643308,365.7058253068096,False
350.9168576024624,17.66472103934559,13.547837400295023,543.855109461961,False
48.44362685771032,17.61022796901834,21.05408271294727,588.3312773726896,False
371.3790961349134,18.827998844375006,7.602479960108271,161.05051162369602,False
,2.2624330427597226,16.010412630836424,517.98811759361,False
235.7815963360356,10.711453645507364,20.351924629830577,154.33651644876727,False
462.9541357344999,14.023433781216127,21.249921830306207,1051.965637203834,False
129.1543735897325,16.880692630299805,17.040750214551196,573.1341094688744,False
271.1493154101543,8.116416624212043,19.14015072596553,990.5406548473452,False
421.50311996145246,1.5443961239754358,12.503403487233156,167.362536942431,False
421.0600623585077,13.17168848742886,19.66308611426965,85.45711262565227,False
436.66919066525696,16.90997451563286,19.517825366568136,684.0898255896207,False
47.75855677582227,8.944750975093193,10.500553016848546,536.257407080125,False
366.3128441854909,3.973057604068411,8.583162976526737,551.1287260610043,False
142.70780311841636,7.55923971323215,18.53551296078828,891.3714083937255,False
205.26731985471295,18.892788520759577,15.408007414874056,474.8596238262193,False
440.5286933140274,8.000529478415,20.07740396706349,796.7569094284958,False
319.2579267386588,6.698463118632709,9.038978183320976,445.6040553069548,False
329.1041587503311,3.9679248050458176,9.866542733106964,421.15075186395535,False
219.2828164268656,13.690479977268916,16.821777085963586,867.860010691221,False
392.12424362406034,13.620168314790398,20.16382205932104,1086.145739518263,False
224.056844281438,7.411631300320351,16.655154657287426,873.682284263136,False
312.9268510249679,19.69625010099882,13.60143796586829,968.9416468718124,False
354.4792898586372,14.898433316466884,11.176486599767864,1023.8504566572044,False
260.9887411982105,12.30210021053628,21.44717815360994,486.7651143879743,False
281.57099192468814,9.194732420479278,16.104710058818565,644.5267278004446,False
279.2691523386304,18.10158047731313,12.290354071904243,197.1012947156179,False
97.48688440662347,18.87490588955905,20.13894348300784,1022.2939673628232,False
251.21614965953705,13.577409951083505,18.50847721485962,673.4452441538102,False
22.919817503653483,18.601269527871647,12.517848387405316,278.040458161698,False
187.4953664096213,1.76490205717541,7.398668925937342,64.93186610489425,False
482.1737887737339,12.380591655367,15.35268981215133,796.9185701934172,False
470.7128182982292,11.145381978407512,15.145722391727102,1036.443205374646,False
432.2749542966235,6.367425253484193,15.5434732066167,645.6467886432193,False
321.850822276382,8.133909640863507,12.85362880910154,417.7889255362033,False
411.4025411191272,12.033282606531415,21.087724545138173,734.9978790149254,False
76.23148168586316,13.689490227315456,12.487546821286696,764.3539324842671,False
317.6711908505448,5.689653514836143,13.778778465678128,293.92025169585577,False
91.85053487146544,2.277862365379989,9.903924837639556,99.86481466645644,False
329.46101715627424,1.3421245564086357,14.709518202149138,457.0333979230946,False
162.07735987255114,8.966161562154419,14.923019058967244,743.5004677650672,False
145.91677966075503,15.474165636176249,15.078255106497174,467.5194612793106,False
400.6747292319813,11.384965698613604,11.397289741532248,487.7702892513477,False
389.5705525125161,7.235410173154628,17.709963796584013,804.8719780737154,False
493.7653033643228,14.066718806180653,9.140708836977073,1074.510650724127,False
388.3999369553621,15.378278608084065,11.189270037624288,1040.9844479201226,False
5982.953444114553,0.6509760460238695,4.3563849406057855,4.797006311676547,True
30.556099481501768,9.86716929680376,16.196834504608383,1035.4609470158382,False
67.98473355245979,11.905047455311198,12.40570602943729,966.0084203971876,False
337.36171691961664,3.880306421201888,12.18891587283008,553.7009093152237,False
277.888036878207,11.327226129510276,19.609192448241856,897.5756846676018,False
173.7767761610698,18.061328290107983,9.749201050408429,712.6714510465468,False
232.11152902653356,6.367096135563506,18.93229137946045,998.0909521100236,False
287.9829876181627,3.7915165480916446,19.88799347032144,659.3256388609965,False
248.0771620012996,4.182330692788046,14.459317118144842,407.91069545365104,False
152.9146635675586,14.084000956849636,10.878449990161016,408.06979834184807,False
450.2915523782688,1.7984688282567003,21.41567915958924,722.5216507147495,False
356.1731059785816,16.27247635867549,6.43370643737973,710.9465388486143,False
426.1058692670064,1.2309786580703492,19.56076212887578,30.256669989668296,False
141.35118400320937,1.028002619639917,14.863892088050097,1071.4141835793976,False
39.46974787438475,5.189581005277296,20.577928022271323,632.6441733409948,False
455.42593512616406,6.1207253835531805,11.935579401474705,646.7732412973273,False
132.15319228294874,7.018471864283007,16.6211915976436,220.12357557531763,False
465.394234672517,7.40956538861276,18.40808474750399,769.2502114846923,False
275.92108074754174,15.93928578829663,7.645481474519627,875.562165222104,False
479.4560052584963,10.767813408473934,13.149987123207024,168.82453889625324,False
108.45750744293768,1.0124144244646915,13.00870521448614,977.5170943888232,False
350.8528917834354,18.988368649152573,7.751717857103904,719.9464461177612,False
275.69623069100567,8.964474642140306,10.132806866041475,608.9292872805261,False
7548.078696370563,1.5103894665140762,1.5270674927137566,13.135035418088284,True
181.80719629249856,16.267215529789464,6.802805605119584,331.93515763855044,False
434.9741584703032,9.632563038285449,8.100607552077188,687.97105223759,False
493.453393465576,11.292391435790076,19.28996416690866,52.4043011203991,False
181.7879038152325,8.654592370020104,9.69729364599194,194.9060852995395,False
126.709562712896,8.778829364523348,16.94192199854451,411.5032789238725,False
394.96929285931367,1.7484448401635686,18.974963082761768,71.10001346411255,False
202.19958209886883,5.415302138064909,10.09906423102968,772.3188598399901,False
461.2274762605885,2.935955373254257,11.071081948276502,805.8460395475238,False
39.572521155376265,15.68338189251641,15.2772732167636,1040.5957723709816,False
474.7421204114568,17.12008220271997,11.953316079406337,1000.0384517440878,False
453.6218145584712,11.61420553255808,13.069339276831274,204.9480286705634,False
319.5886282381676,4.030352988285808,6.336146511781772,432.94017449201897,False
157.43037181021714,6.97265215049122,19.304293329795577,962.8686686283082,False
264.01993075315,19.63079631415375,9.38290012798258,649.2175130355778,False
331.6745175924363,6.762431926136376,15.526636825921734,515.278774954043,False
3405.378383748676,1.665223324849022,4.89252983466345,2.4289359539003725,True
13.406543960283445,17.756627407788237,10.733185559944577,191.09646295274985,False
475.92314550270106,10.78373364835193,10.79887035956906,1037.5705332433054,False
327.26260993575545,2.6169662362759216,18.927317249744306,333.78522455670634,False
342.0065373027184,14.040216737035852,8.830351213183743,86.25957701266165,False
216.4649311157644,13.321591582255074,17.794118623306225,169.53056886274587,False
375.7807885078319,6.348902769883669,13.97007909676868,420.3770145588759,False
183.09319016601145,16.556064360196963,10.347481582370875,1080.4626679355326,False
408.75955965640486,19.16489572862673,6.103429724635369,40.6172349922622,False
264.2074046542494,2.508725108217561,17.66044887121036,467.181130087709,False
329.31674443418365,8.429624513420574,14.074196607638958,390.56003922045966,False
350.54112420200585,5.812175286931587,9.082822343787203,371.558455708273,False
2118.8489800600305,0.7900593350608275,0.0697450934595572,23.1447039088106,True
170.47370256717818,13.238835208042405,8.106990454979313,982.9061629353356,False
226.34994567295476,3.2066402438099866,9.790783902347576,1039.156859535106,False
485.9835960804034,5.1555966469606185,12.152253019300264,748.0091005035388,False
211.8020479321616,8.063046603220275,18.0338293231516,907.2878519365992,False
95.31357431370132,1.956641012417712,16.074937524147245,303.65419897652043,False
277.8817322298943,10.358812344312652,13.026090572877608,781.3539343103744,False
261.2173703980892,16.956230526624108,7.887559738048985,165.3642836658385,False
332.23031722716826,14.37003357175512,10.924334484690386,880.3529828795179,False
136.39139758042626,13.410093020094378,8.131358786186059,53.410632772248405,False
317.57694600499474,5.938194605613824,16.80938837707902,354.0875852892205,False
293.35726908812524,3.660457853513036,14.837858205075747,250.99974258489613,False
58.597268797735794,15.295559763771973,17.499188255564736,190.2777054473036,False
20.26303090514728,12.66543582017942,10.50363683921471,489.5561476377391,False
73.14623506198815,1.41635324672517,6.645341634215232,467.6435437853376,False
218.49173387955693,14.61154512720388,14.60064229824554,315.1796450533851,False
204.61992951304288,13.438363050453136,9.852861057170772,438.49927142276607,False
4666.942704932502,1.4025233790689842,1.8254696011590288,23.906074010030625,True
396.9128899693314,1.4436898302355323,21.3075269422296,525.5205708088583,False
448.6076929462028,2.9846358439028764,20.55303083808482,551.0153048528166,False
488.167518936642,8.543285783506642,7.282988108993813,501.930622768904,False
399.072342742445,6.519585607756987,19.856570800732104,508.80627086007934,False
110.86219291801643,8.812638841897133,17.004307301851757,481.7570843694647,False
410.4759072816219,1.1589099556602849,21.392935983061623,416.1511214133311,False
99.12124135558096,11.497518380749892,14.071295066709686,438.98031377268046,False
469.32015258358825,7.743055986244527,13.083099231478974,1066.3991176696577,False
328.3201205331352,17.58232295175643,17.028966593643045,427.62111649890073,False
181.35458257546628,5.933745940057865,12.053049714644152,152.79566121108755,False
86.44913381679389,6.167044796443989,8.387991515863582,197.42213598815627,False
406.9555633927986,8.305715225251438,21.27305486174097,1018.7167678595432,False
68.60118050976783,15.736625167581222,17.746420144666338,476.1636215529025,False
62.42051302520962,17.752121625026653,7.3873050815302435,850.5162599738388,False
97.2376237661782,18.450102210762765,11.637232868040629,159.03056624294948,False
193.39268992049892,15.47613443949253,9.594518362268266,799.8237521537261,False
434.4263114297182,15.757500582148444,12.53528930253572,107.63685124331258,False
429.17568616539353,9.668493670155298,15.591378234539466,209.17195675054384,False
105.6690640210418,13.688288981301724,6.334945885227732,433.3190736939347,False
258.729085555383,1.188552601428877,11.505465885591072,751.0452728493409,False
422.57929091613016,8.660947366531792,6.31956692124845,175.23522685637317,False
467.0369568434665,9.51806205201902,7.462751869074211,930.4690135451968,False
225.360727430126,18.996067795104707,20.644639046068384,82.35628305012628,False
443.0550836320786,18.37642461312262,15.134512860034317,1051.3607474112086,False
245.44840415633615,16.886236360937726,13.546021843124189,488.1373424931936,False
481.9264046786952,18.73089666742682,21.745431423464225,396.3383126769343,False
75.03071948109957,17.669658609523935,8.948822351201585,113.06346772602068,False
435.4529274514968,1.7666657103342944,14.417504212024673,665.9292003165111,False
19.658163499638437,4.934440375006249,18.815019544662885,372.5959826668945,False
78.64116746589677,17.957942509142075,12.637210488341632,196.79264786067213,False
37.62399335895429,1.168402417155909,15.1539674195553,419.11568625144525,False
328.48232608110493,10.619055130408851,11.409350549860182,418.26324530865566,False
435.5493081899773,7.180607546437591,21.23299914622405,1025.1474962183438,False
357.28490189405846,19.991596361758333,15.292095984890546,660.2754216614421,False
436.7748706355819,7.659890151437074,14.568679569564772,1003.1197811168792,False
439.961286628256,9.188719189752629,15.056294798205135,292.6891158896884,False
408.8454320579492,4.093028794918358,8.669577251289242,1024.3680350315758,False
62.233144035548186,14.392549190824251,16.61297135206403,1025.5854730726485,False
285.5254397801758,5.145943156491272,19.128120067713745,197.45598332535863,False
492.572187491544,5.699466000562583,8.700960092553027,854.3047679681196,False
100.71513513092364,13.781356889969064,12.298168324439072,71.32141928626515,False
356.32083627386845,11.95734557829737,19.87296291806316,296.1453335432877,False
432.38709631358506,11.74984954197893,18.14362930966449,848.0151880158799,False
258.5450562573123,12.851118612416172,10.951512785417616,764.9302522110696,False
235.1289165189335,11.387217959370473,16.130858798332355,566.6415685827063,False
339.0708658404718,8.743317589616186,16.39006112378596,565.4643655667148,False
406.6628766151903,9.719869815339589,13.770148774613446,966.6277685901654,False
322.3406517341212,6.576287640954311,15.385982692538605,858.4735181871918,False
79.0528702376337,4.825911860583513,8.015283142069732,548.1041455050304,False
27.71858645713344,15.619528987558894,17.86694606386917,106.9242559101889,False
371.56948918092655,19.14614971821479,21.20852513527054,235.9062837968356,False
9808.626659780151,0.4938367928444975,0.946804378959314,21.754216910097032,True
174.24664840649146,7.783557535430232,9.187514973393224,785.9210784885307,False
51.57047990174404,11.520518221802211,19.98891734619329,316.33754540264204,False
335.2642185346845,15.21549432892808,11.568831287637128,417.246193387418,False
295.8506948976082,11.818169862463373,8.163477019405676,315.4702545582492,False
460.5020668750645,1.9546171866366608,19.005615544588125,858.4397563967742,False
193.686583966615,4.824930048626232,12.336015462169843,88.95820503940614,False
81.72325615950207,5.454086400218779,15.498953918539732,661.5287563596011,False
120.9829298469896,17.25900791920994,14.509948264080265,920.8083203055712,False
5785.70549507519,1.4890956677067682,2.8141511860730146,26.141290242084857,True
351.76101621794896,14.40375577538624,20.5412239634698,1054.919062024073,False
405.9789859865643,17.985804490149537,7.438029627778571,610.2382795922048,False
33.01332371977698,17.37212717195956,16.155906257664473,751.3252309474773,False
,2.60907849563083,11.779456943612988,942.4173930287808,False
423.8292052821845,13.192953548672604,6.845226981835552,1078.302907436954,False
488.8153502684455,9.648267842939472,18.44364656108469,921.000524041556,False
432.770567996182,19.79957148833607,16.3409589385181,824.8242103860669,False
303.3426572565479,5.741377797140616,8.462398475100379,682.9687946087422,False
463.3716755336762,7.346949347706615,9.387933792838712,951.9119637369596,False
351.0501028463582,12.199625800209246,18.265535115392822,968.7823978621896,False
406.114700577066,7.640621069649557,21.81473590341569,281.0018993233175,False
,13.571677932954591,17.445156968466172,329.34368799904547,False
356.95556312006227,10.263852679794304,6.906886914653367,299.6568359686429,False
264.8333303771273,14.448866847365604,15.027709066952577,569.0389431197963,False
260.7219466366764,1.0829021233558729,18.83833648885812,739.0399808826162,False
414.7731388237389,9.169719068300134,17.763656289625537,243.16423498057569,False
216.64325416799315,8.273176524291369,21.63930501094148,1037.250073614011,False
22.99054216539469,18.146612838430997,9.527802230635988,605.6885992892043,False
200.7548508805685,19.59198389939367,17.977739337309316,713.84740030218,False
100.39336403548327,6.82222363136406,20.524179898402856,322.7638760437984,False
193.5601811669709,12.27955503296223,19.214916936800257,665.0153826228277,False
174.20823858697952,6.719875478851948,11.218724066052056,700.1184405538311,False
481.86608189090737,3.09820540481095,12.207564070366182,278.81037328572336,False
230.6817587665107,12.91924976672288,7.461651883576893,829.4625002099625,False
123.65407709682796,10.1804364029597,6.639167572577509,745.4449228214322,False
49.65044869511357,4.296424956745419,15.27668550132728,828.0208532266927,False
120.06164980348744,13.99346258487152,16.080298889901236,955.590508191836,False
488.1739753513744,15.857239566001224,6.879460909437153,102.43089702932784,False
356.0586913066832,11.286744539604118,21.880233922591543,164.33660578720196,False
439.9558226888864,1.2611655262155597,13.71227743643092,100.10878318175878,False
318.18199492214313,18.41606948098294,15.18185359483354,59.6507195946544,False
303.130394091232,19.51912132492248,18.64133199954301,672.2097644832864,False
313.59877535532195,15.882661676164906,8.796559806133855,220.0499679147692,False
171.08828904087903,9.5376450987532,18.253738302155877,122.25004531024912,False
100.57868320750823,2.5527815691887867,9.224454048101006,1027.0136392518111,False
286.77215529868204,1.684357547537101,20.682356446470934,998.7098302322728,False
12.56251063602724,8.201769222277665,14.687047111829244,265.52220476788847,False
332.7668099954293,3.666165845676785,13.03300706836638,231.4327115879782,False
254.1452843090923,4.247791645996117,9.82396288338482,412.6960248993134,False
96.8033968292191,13.3406696644415,9.18549471897481,783.9644354367664,False
147.18975589353926,8.85921082345407,6.171444763125743,404.57095612613085,False
485.2580549291556,6.688516179061944,20.25053528738948,874.0548525167236,False
435.38970464497766,19.641240249490775,7.162649401298507,391.7385608127365,False
431.7579857956083,4.153143010619915,21.134794304513385,349.57144329429354,False
469.241958745861,11.17552248271378,21.061350284590425,1012.167833834926,False
4146.208163628453,1.4367038463449078,3.3867092304075817,17.080184315313954,True
363.9037585126025,4.149245816582963,10.925106400417906,512.8882856148455,False
363.910796609273,7.311629629196488,11.057620984751528,520.5204164898199,False
7054.198749222043,1.9292911351633912,0.4279977641138416,24.568098257897688,True
394.5995187846191,2.598425582928274,6.314423723949565,989.84105630334,False
8609.739006201762,0.3411785095809351,1.797715722600017,4.652278590377517,True
173.91053148354675,12.178692198679911,20.98389330096361,477.6571894932064,False
137.30847228506678,8.81275228876837,21.679287157732453,819.8442768277663,False
310.5715807132468,8.754882126467265,18.299954101800207,726.5038458125645,False
341.4915590308508,14.126795554465634,12.254678829458596,461.0117561605662,False
,15.315130522882413,7.305198809781855,519.8381781280704,False
449.4263208539458,3.714643265448823,12.839464450667023,827.6839535362791,False
31.15513054053572,8.850277826946671,17.715507300995554,236.3086590767572,False
100.7458282550593,7.602857110961338,21.70213334786048,940.1156271947624,False
162.78990521177718,7.03344430489418,15.033505300645144,716.6267759116358,False
2317.689660577977,1.563782395430423,0.7883051339845398,15.74762785343353,True
307.02557088093124,15.556202723116138,14.289239968645516,887.2896780839949,False
236.16316246569704,18.75177816918232,13.774169699033813,906.1200424614922,False
464.5986187656544,9.246398481466418,11.318827074789844,683.2729665461122,False
258.0095127917196,17.11407546529697,10.037163908219924,408.3834700285745,False
281.36309794906435,7.467819566170934,16.819131941704626,792.8864908019699,False
353.96376985627467,13.047976596150296,8.0291843608067,928.5197640932012,False
229.2320597434928,13.661322857985922,21.238188038379597,389.9687017953419,False
30.625662921817323,6.945240490059316,13.76028780038466,693.6786321267795,False
369.2253809834877,18.84230110955554,14.24267245418542,541.3437107148675,False
422.5474477279863,9.096303521092384,15.212679537956957,785.2774495410409,False
113.22447261277662,6.166974748950526,9.636176856954595,513.3465904543608,False
236.38284378562503,19.07716639687481,13.88731154649376,935.8679101315284,False
109.21547448096634,10.196390877678676,15.967264706934108,1086.5781791856934,False
274.5928360607692,4.5272873931236175,19.066483891225975,537.0003877908807,False
270.98246056296136,19.354902597444863,11.26116188557775,995.8129048669252,False
126.44239655627584,9.55666859920284,21.322106340361408,174.89988966969975,False
123.51913367788728,5.808929244412567,7.907367085449174,121.3709134179563,False
102.17936826464305,8.34426962963753,18.739897751302195,261.8502857829526,False
6414.629868273348,1.5882511756338462,3.9676870111441542,5.597548596497783,True
444.1290966357317,15.019814711857515,15.974073055358511,1023.2702270777396,False
119.89196163567428,19.293396784406493,9.739852672587908,403.5059242115698,False
242.3649661621573,8.104499893243458,14.44140757235465,555.4087912757852,False
483.1596962065341,12.562018181232864,8.499224126889589,710.7499483003072,False
242.0011676824772,2.349145626131854,6.773803376780494,717.1780914492982,False
205.664798746561,18.494053356510072,15.404775189946957,377.8523296216293,False
,13.808475615185197,13.106934510053865,624.1413305104481,False
169.04705665113244,12.080625281264854,17.086723667596615,459.8837296355538,False
401.16463769371984,15.128284407354636,12.423388465424692,302.2845278483824,False
304.2532616124902,16.722620077591202,12.320853405708736,831.6544017846644,False
148.10883963896595,16.169226469848695,14.091147900501984,977.675759704051,False
6678.054466698438,0.2251951135607481,4.142651297907543,28.748234358748828,True
432.4008989847636,18.944523071191764,10.142468396690234,72.673576960904,False
118.03824244438592,19.563132134339927,19.5038955510724,919.8838659215407,False
252.2659493042649,9.711937168755924,17.658500547785643,309.3221527329589,False
40.0613172842274,14.604949491600744,21.49323136158808,420.59096139362623,False
485.2406250867432,19.31654809614476,21.864524413238183,907.4496464302674,True
328.5985352750952,19.30384608847472,20.511768295011898,925.436101615157,False
15.387956042655434,2.9478033172630145,21.055877161190992,842.9090812771049,False
306.8296614848747,5.099072904352628,13.37437341130531,399.2554807162454,False
128.6070830406352,5.55760814236295,6.206359516632407,64.5813718517119,False
345.926990742196,7.40692493574929,19.807353973008297,371.5058337943003,False
110.786758475822,7.665563077365296,19.487127719299156,407.4615514665663,False
42.65949987473808,3.2554728146731176,21.989604807555203,55.976407662253024,True
136.2646153704947,17.89343055486019,18.97093712540147,1035.4039613691878,False
408.3630119708858,7.370301951487619,8.13254812931477,921.3281419795244,False
230.91129198802477,10.06110202289143,9.95137867187028,385.39498106804587,False
379.9705450856764,7.738657894716574,8.302018486236483,467.2067653342707,False
332.6413989826285,13.662797903009878,20.38798269262724,263.29801930877574,False
15.93315286509485,11.79151164900553,8.619663326066735,310.5992196639484,False
472.91869092279103,14.321652293932,9.119332343978089,720.228765533041,False
90.1756723839179,4.405811859046334,11.219528111694904,314.57853869266893,False
,19.393250428964414,18.39176964991665,201.1597168883997,False
326.4994482524846,5.027887039274503,9.027132678245678,173.75208766629882,False
128.78076888338933,9.817808029616574,14.328701396877737,885.4209112549593,False
478.7411643308944,7.353622400786224,14.051526637738151,253.1379738928467,False
417.0035098159873,13.28271609112068,15.536801852175204,125.14699594083818,False
312.8828378243689,2.683489565423902,12.405005378767903,556.9896384545818,False
374.3190455828878,10.549993609972478,13.496911913458154,774.7682610303984,False
78.65545612556174,6.755687207168156,11.421175718764918,468.7230742720608,False
446.229254106549,8.131268250472434,15.022286736886436,791.1513347920526,False
35.39353304298918,19.544262642305057,7.173825079353643,823.8485921857396,False
444.9750495515669,19.162457750151063,7.551450735446796,846.6940761759283,False
18.75822801937277,6.1508288215172495,7.366448482603547,109.2662656370192,False
,3.399030089725552,7.519444403654024,1080.6965076799827,False
187.57301056715025,1.8533146809167012,12.616264484639348,689.3642910497315,False
182.29511674742085,6.102681181619209,16.342518003649424,626.7713381830945,False
24.94512247013422,12.604821350439597,14.644462290998735,182.0667030512972,False
115.8587094297038,6.271828914774127,7.655601018345354,841.5648479065894,False
74.54709899273533,13.505036661653897,19.010272071707607,411.1008339532329,False
37.5886050841003,10.289058804056577,12.653097088294576,73.75271867766638,False
275.8958710067125,7.295593134957964,15.23170579868291,490.2037921940548,False
44.57868622621062,14.755488053855782,14.657821198061516,1010.6209548624204,False
293.5509502004728,9.072166014493652,21.9267442068073,74.94349903908284,False
484.7501490899888,17.65006922970392,7.020712900057566,845.9573131856586,False
5592.987311442006,0.9288073925280862,3.057474263595996,18.932042904318266,True
197.73787884225376,14.197313117812422,17.98341041376638,413.2135191779433,False
149.5877219613422,19.48845916033367,16.22340835157255,653.4248252723685,False
235.66435366432864,11.46260420937618,6.1379040414684845,276.3863795581603,False
382.54201332984616,8.645718926686923,21.76961174324481,352.3119627782075,False
295.861979435399,19.251912534750797,20.014478799998315,1029.736056606424,False
347.55379800454443,10.546118456161151,9.268103486982342,87.5607231274588,False
460.2740014833817,13.573776916961132,12.508379977152083,557.8714257406582,False
257.8678195463962,3.979441401019308,16.04848743311259,1031.291523986642,False
234.5115745015674,5.262052618216999,21.365868393954084,763.0320433250266,False
203.2933764993173,3.215078416558238,20.59533178850441,795.7593037617851,False
415.4935688277684,18.182835724883287,20.25558215505126,672.9992281870578,False
74.30999006436991,10.502142289455913,18.76487490145716,742.0022302963944,False
113.60952342830689,15.854653403553776,19.73610327282487,556.7458611934031,False
177.21143553681662,1.5704941012584634,13.872027670913324,168.218858494581,False
304.9219789217978,16.359709038980128,13.592537001959052,470.3410415463205,False
321.7827634498316,19.204242169469243,11.739880168686218,615.3477506779273,False
307.2903727275994,19.2425764837035,9.04206026109929,524.5330161244809,False
253.65176788726887,14.494613173842918,7.510702362567695,145.4463969432032,False
108.257116083165,14.14939929346301,7.100062502759799,83.79045643638047,False
69.53567438744986,19.45186723999743,9.384107988508289,916.2530132215112,False
27.302563920717144,5.772216083419624,12.013139504127055,885.3367397171019,False
254.20020864234507,8.55889588454098,14.752725529849243,992.881048410673,False
95.4395502124458,16.90378137961586,21.929102407851005,591.2631201793334,False
353.4748744149688,8.400156003145987,10.489613011806656,628.684162826378,False
396.42133268947913,2.904665710734656,21.449757302094145,436.20038254682646,False
462.1510233515632,18.65374962702206,14.009912517342896,825.794247019345,False
483.6608613313981,16.796096773328486,7.927157439945047,879.2528899478725,False
130.519286908409,3.59541716937228,7.686422038343396,383.58074775532833,False
175.4314339877777,11.020592820330853,16.139385596248466,112.52006228158906,False
237.11208146228049,17.835775270950954,20.22400977303465,935.5883591878428,False
21.85396430676407,19.50220785378584,18.66097142900267,1076.5248182406513,True
450.0349689854936,8.326354257753334,18.2842338834294,284.75980875644296,False
400.7387505873948,18.011575693910217,16.378927253717833,832.8116043219629,False
218.46385492204425,12.307501823207948,11.715077343888716,261.9365538824605,False
194.70277041820472,2.4364957717182647,15.941289986491316,1029.4467370370842,False
424.76162294991394,6.219372485909948,12.455695504431992,956.5765456789763,False
162.73842728381138,2.28569887610003,11.28455468003335,142.67329409053087,False
214.93908778240325,17.78583049673515,13.546391852009526,863.7337781557902,False
444.7342438624,16.619960051404284,19.59114249961177,785.400375404918,False
177.62005687079466,10.511467851939445,17.30195194895994,968.5818860790076,False
82.84473659902535,11.965329134728094,8.865519029250905,998.557502199012,False
19.0114315082587,15.832002631085588,20.55277556819421,367.881020690064,False
164.49226553699907,10.855318893231306,20.761660113503325,736.7603276171741,False
101.18969474467588,16.814907253558903,16.322401332814454,243.3619094677111,False
236.64201090524247,2.6965009659858854,11.305869585725343,890.3404961953528,False
11.576949166096554,8.604033241143767,21.45338670092133,788.356671744046,False
395.5826592650946,13.514565743855572,6.44994410044678,385.9393341820221,False
396.69390691759577,9.221853584374388,19.968690352243254,760.2840987982852,False
427.0913878838967,15.11474837969084,15.651408993592067,953.2008018738252,False
298.21911080471136,12.467047323521298,18.429141875844497,938.8140199532908,False
85.40899410652898,12.652542012860202,21.460388763970972,472.9480418268476,False
84.9009782003227,6.610728073864823,17.35022114919018,835.9805223910529,False
96.49873568269904,13.776749462475548,13.006398194286596,660.9943885052002,False
47.70706879831248,6.2792027457045325,8.66008528559521,504.7022592615557,False
319.6002339632016,10.60364724029855,12.572620959993788,242.10209594087635,False
320.2441740410709,11.704758925193229,8.170583474566044,779.6925503917589,False
451.2048480100319,13.743913926210848,13.999343871436617,863.6241430777269,False
32.157148352032806,12.905257710770996,14.80850688953961,571.5301726030477,False
4827.81980102703,1.5789066186364331,1.014967795955986,22.586677924815728,True
284.72344626392373,12.83231466155698,9.972599674093535,665.5099844631212,False
168.36943669017006,17.91490300733824,6.259895091351259,138.98377120377725,False
383.1402095415614,16.707439835088262,14.75086201576763,1032.46205928574,False
222.6694894251989,5.442443828768218,19.20703833197806,326.99860146792764,False
180.31004687710123,3.888922781065344,15.318961230212734,672.4315744757313,False
331.9080265708984,9.40003365891468,16.95096577710892,320.9149956939916,False
397.87373142566577,4.040473792800687,7.5747870256219,1082.6146535584733,False
145.64562064517528,16.614787985121826,19.653074986665377,239.9179313471896,False
253.6156343641294,9.64052250850056,10.635647739811434,601.2770579802324,False
447.1028120367855,6.647518346463727,13.458905458040912,861.4264095425734,False
493.957323918357,6.465021851829886,17.305666063907484,888.2897222981151,False
435.763442394572,13.873100663790009,9.416685671845462,315.28536570057446,False
235.30220764696688,12.831101278046152,21.13144173505639,506.34571108733496,False
73.28811342423253,15.609532860045178,7.404611792930559,676.4263688320926,False
246.6547473218241,5.2955023492006905,6.713409483746304,264.0047288675727,False
111.8642650215534,3.429469223225934,6.096752690943655,274.6478421226418,False
490.1854613858368,8.238834199699598,21.93959188871422,243.49953587117236,False
8666.170256286783,1.3123761790132595,2.6032767686705576,17.841377054123203,True
12.82174364407957,18.504842732046534,17.63229643222614,558.5837514178635,False
492.488172367009,3.011612046049457,17.489090579213773,366.9398088678823,False
147.6579097468166,1.9871749735311,19.848998130755252,283.82912931881674,False
371.30496792002185,12.325557149527814,10.045398411044628,330.9060198005024,False
211.08763228745855,17.286405882976307,21.4448435780864,555.0770832941245,False
409.0895564685785,9.48197081163006,8.325227078728066,1060.7757627381934,False
481.4645487525256,12.792549116667097,16.80729672538281,894.211225196541,False
252.6366859545224,11.663232977367974,10.631032345911809,165.37267277338054,False
192.36184168038156,11.099870901047892,12.678127068807571,635.2598958979906,False
86.06772050604913,10.817269319299088,11.695324375530248,448.3736164526935,False
245.75864990886055,15.685508155646186,21.723832654566174,343.8569589280873,False
434.8654361042508,10.265674303804024,8.422917029919413,99.8917839093757,False
431.4599746227103,1.189596756510538,8.065139950894103,1056.5705528579456,False
14.506555292148526,18.44345449178386,13.655857121715028,1039.467244125149,False
410.5503571606839,9.531736590672391,17.960330187944077,394.5857978209551,False
230.39447792244803,13.57635902010322,16.059744240959887,1004.066524058679,False
452.2509242729877,2.362525888105369,14.296987018651745,969.7998687851745,False
454.1136486964206,7.598263741579643,18.866649039742143,371.1181607590308,False
118.1771102664926,3.2334747028541795,15.731382028263146,681.413294563005,False
404.93634938982746,2.571999876745608,7.798352434816207,860.2012411424886,False
217.82402893816916,10.907733135707966,19.140002472955267,491.4122429091147,False
471.9385693262116,9.554830676714916,6.583376813209895,126.8462541573888,False
299.7249635150153,10.479017626182896,20.547234179303796,280.87772034314384,False
349.9042906329294,5.362365054325404,12.300082265046507,187.03842205883367,False
115.68082467488142,14.245580311944376,21.623304470966563,269.8455617302547,False
271.46524789617047,9.835180833002124,11.164956695165603,378.1933367712501,False
206.41719421418355,4.74158838461514,20.48478398416825,887.4244462914954,False
14.572493715275716,18.41199034610926,15.05362859857075,253.70041421605413,False
277.0631902594998,5.851391101501639,12.762985914518811,698.0301966773169,False
245.1700290113905,11.65288760384005,13.51050947182813,441.3417609935304,False
458.0064152146445,12.09168282976812,15.103287732509612,846.1138357416286,False
56.90013220487925,8.057877989863158,8.053598825835117,209.55798658224924,False
96.42962338804942,6.488813839274148,8.492372169282723,1008.2254299219242,False
412.4160792892863,13.912786321967047,11.529273373933009,379.591670080364,False
,17.958606322243014,9.147011157005169,690.30142015344,False
175.07893796784236,15.283192855520968,15.256669091256503,236.3854234748729,False
16.370942520260655,9.079335523316184,7.436152008962514,370.8634358555154,False
102.13211996155393,16.825664595910332,11.366509015941553,552.3339450735707,False
482.9081612536623,12.770997800689765,15.22471983921824,421.6095611558335,False
4957.90248698151,0.1766179554698063,1.9904358911811544,17.68952953560271,True
208.02875760900616,14.293151822820311,17.225044249647077,576.0786432805351,False
4771.754296629338,1.124063661455229,3.1455878931713337,14.415958886078156,True
51.228582847573925,3.1036912731999977,9.13993146729865,458.6905685970013,False
493.9482862306683,6.962709356263895,13.199098788301754,782.5742856626147,False
475.5303638548944,3.670506383988855,6.066999098047326,405.12598845034375,False
137.30375472143828,4.048789671153302,6.550900937173033,828.4579203244737,False
168.24867174121053,12.724263806238223,16.081490029786615,421.21764877030313,False
233.05787305008255,1.344356779868865,6.873764851415505,30.42764438698697,False
440.7679707054607,12.164131551078636,9.837119235305444,545.6564907135656,False
179.50814634801182,6.147911268010943,6.227146151547579,514.5225773367297,False
324.85694777224387,18.602812161167517,10.942683565500255,742.8559935623779,False
461.21544542968655,17.5400123591183,13.31020914779627,203.49132701842467,False
469.7868238423085,18.072651488821947,11.520269438793058,852.4649480319437,False
396.4126335000201,2.1818612971293523,21.821448660858607,335.491677614268,False
105.9312129849376,17.19840100367344,7.699421241415299,679.0831679854524,False
307.15023923319904,15.058178294571675,7.728712950022514,126.2962113481187,False
50.57134728331197,4.709571456173348,14.731135501008414,595.8770501969886,False
347.86810800546493,10.506829478095652,11.866862075247704,677.2673487117471,False
485.2123120884869,1.7406070925614778,15.13918694340662,334.8658726830901,False
3018.4950299738,1.11501877886937,4.607288681082652,25.07094782521417,True
43.789428014646376,8.496873991059552,18.242381597780224,514.9251185461612,False
257.57366249945,8.782949003009408,9.933559079894405,246.73933037345907,False
4909.804169085473,1.2483233662573354,1.2754361121069908,6.832959735120941,True
142.961025569209,10.737550326636304,9.3650969005727,384.9643507621091,False
5607.89202118675,1.9067885685450847,1.6647512348118665,29.07410258438067,True
192.89337789837663,12.530092155262643,18.02877061739093,453.1152269873896,False
247.41626274360044,18.28891973323345,17.045165550411664,605.9808231296897,False
253.5121066238568,1.6633195004682524,15.260103621759988,562.8816538093755,False
329.19599029241346,6.634638331912683,19.575548390500234,746.753697097441,False
56.01135073681501,11.025871858212204,9.481407038906312,110.0272451341297,False
59.55011130016722,6.479703318556169,20.75894853849799,578.6797208371976,False
219.81023267548403,2.2091772764462045,10.014065598251204,207.62851197061295,False
40.52298108373072,18.643980680192488,16.29486319227729,178.8024038325861,False
7640.506273643033,0.8104835558471717,2.058738337951216,14.564988697769806,True
234.97652055674803,3.335492890842364,20.95270209144825,969.0200526650927,False
416.15284928247866,19.9269957964768,11.952697084995318,95.61250433647974,False
380.5200311586706,15.255049514838005,18.10634478963838,550.3642460600538,False
91.84663358511686,1.292502942134861,6.991144297263807,688.7931837618029,False
386.9193424406855,16.64749230562456,15.292297337830746,1031.672225674639,False
22.45537210460664,16.160369032701986,10.137465458156544,241.07915153907655,False
490.2159618898838,17.884522525042573,10.85416869806613,1033.1294504323475,False
274.27769853866886,17.765910999739436,17.435501336032576,745.7433703347482,False
283.61808237054447,19.36193033146174,15.25375620986464,1091.6444877597337,False
331.519300463725,12.624789381961207,14.288245582536316,241.00924004210955,False
395.3090570636205,14.99416933836106,7.19833347203174,387.4238451165599,False
98.9047903708572,13.805889954768878,14.4510281881017,460.95623485570593,False
291.9823471591807,3.700605352075696,8.9574143671524,747.3944710764803,False
204.1585892623028,14.74550853915002,11.868773130340294,60.02377757629159,False
49.99869119498889,16.285398206204626,8.285028871565878,501.5137630073781,False
187.9103252353312,17.15661202127801,14.782554106241149,371.4044791075715,False
63.92544301856161,8.937458606226894,20.404225779233126,1094.425625328552,False
194.8692399212651,14.348269529161332,18.99113975420613,509.0412501002165,False
9073.961391431632,0.793154382984928,2.551963606743533,3.615675305807087,True
191.6146520627765,16.839349276814126,12.38932128318756,64.59822547502569,False
166.35923188919526,13.758103824676931,17.617357623741608,438.40739554242026,False
101.41932885415756,12.69066247632624,12.505448597751556,1083.418464850801,False
495.71543691407226,4.33434092024579,14.405092231211542,924.5981077547992,False
423.9889023750328,6.819956476786041,12.124545606448647,819.4937743935618,False
405.2149624521104,11.863173679731226,19.91439495699474,403.4344664018614,False
460.7292520422527,17.112799702428195,8.558076213863062,893.8263631151638,False
41.053735531656194,15.633006023384825,12.642330463883932,519.2035008340563,False
43.98703742883107,14.854296263439512,8.951344816958134,914.1660718282366,False
5888.460335221447,0.2800600949657285,0.1322345129883373,13.27972534209398,True
249.43516329828623,13.86187487693991,21.62588219704015,1024.6966007159374,False
455.05028412366033,7.368952900046581,7.8914979566574175,647.4565854770408,False
490.7812272334375,5.944495361719357,15.046655036040608,974.4755895344416,False
126.24112795063728,13.87845080589084,19.259343741088102,824.9715172328264,False
313.5502695447111,17.396939795818568,15.269014444615374,107.29215991761698,False
475.79750199940247,10.22620429352856,16.72694934075068,942.2491679477524,False
12.480176084647155,6.552146378776057,7.376514512527091,458.40734057297226,False
299.50829767881527,4.725856542029466,18.84819010442113,511.60908160832975,False
493.14052127320673,5.927363049024795,8.894270422062373,1061.7876454653615,False
122.33318366399432,1.8340989102170973,6.009567021356725,814.6862156763598,False
168.92353902653406,16.15691300361607,9.914480873675409,453.0040339277422,False
370.83698738216384,7.206145739092308,9.96210628914302,460.8132935480203,False
169.3431314701005,17.704529679423704,14.177501143558368,376.5704689269773,False
229.85987508504,9.043367738910751,20.64157527184048,889.9640014692831,False
343.3118387913327,15.415591102114494,15.133662980460183,315.9525811503326,False
323.1687695295952,17.424231690498917,16.90051376851894,736.8770941390444,False
300.27981448316365,2.300715667337983,20.921067339295377,164.49189830256594,False
143.80469688667807,6.229544439703157,18.88190734007464,202.14414388059024,False
46.817513050546296,16.525434698296117,19.425595180793785,919.2289654305044,False
198.320057108244,18.987940849544515,15.826979909104182,641.2835614088051,False
467.8398372368173,15.38889393555434,7.245704313740314,817.5405063865808,False
496.3169160576039,6.537757356382084,6.279971423798218,89.9949408561904,False
319.46450784533505,6.017177709180657,17.11952212994361,934.824186356318,False
466.1648607984191,4.179783612498839,9.479246915475777,1093.8335052476766,False
384.5426044886506,9.70065089424653,21.77882875653912,90.18921069854656,False
432.9206786790408,1.5161810032856369,17.077668898470627,506.37743540901965,False
61.77569528825452,17.81224723622408,10.250969037860216,63.07557297744073,False
77.18375580720954,17.807150876362662,16.98685778758607,735.4260308070825,False
53.67097173684815,15.450937206650364,15.541543959948417,205.42440049427464,False
174.1037511819722,7.55865196139,14.142305121118085,122.07724508296222,False
224.42553078714204,11.765499919203796,8.337545048661124,885.5193707967057,False
264.2306479917753,15.660911308593546,20.956728279884533,169.38841255955842,False
125.66472703976734,7.137519569327783,8.231203779282563,722.1050766132424,False
474.9539132541333,19.468101262999205,21.88130872780421,278.88032799901225,True
414.0936733033231,8.051145830172429,15.210644047958716,1037.2519695673598,False
324.78544632109464,3.290609911670115,15.681432296648614,1061.3663739829344,False
496.5527500984572,17.529414033306015,13.740840637770356,1014.7614192050928,False
20.422011316689694,6.021249000014146,14.30900308227685,548.7429097046106,False
439.9128052446982,12.534701995656327,16.55504436688759,927.3032143095484,False
437.6378227374549,1.9608889726603485,14.601298208824227,809.2661154501565,False
474.1688364097895,19.90156658535307,11.28249520504967,616.3307451602952,False
427.1982292950969,9.325393651718546,18.503393420075348,325.4594725630428,False
21.009961076857525,18.13686373823385,10.11300307502734,72.12874448918299,False
496.1574272634232,11.472039276411069,15.892560336219518,410.7516947750073,False
466.0710895457467,7.571671754019291,19.4746460264061,325.9540491769601,False
137.11748238133333,6.779775673089336,17.86505773546927,936.835978453572,False
433.0334882901944,15.011095629642869,16.107558693225343,742.2222159890516,False
497.5048330967533,5.915521200953378,11.048530890610168,308.6800054689444,False
69.47862031699016,16.856864014856924,12.767096699864924,1021.337000347235,False
454.171334372628,16.411351628735947,12.268974313874748,1087.3662202413038,False
,16.93134484301747,19.632774652875085,1036.5554079133046,False
331.8009656252332,1.6398516736148163,16.372760436780823,762.1202569020237,False
,17.912681610524277,18.448740903731185,639.5156726960315,False
245.85863430130857,5.036498266713986,17.068442226271717,668.393527259417,False
52.944945914280886,1.5788100398702425,8.017762266858,831.3158333707898,False
451.0091345055715,10.668920556230065,17.86603659923022,273.5343502246026,False
382.5116513459464,15.68969560445476,12.70351638047239,134.95239675478365,False
26.430893020531897,3.551222167143236,14.614319668591325,874.3746482163064,False
88.99843075446216,4.83829769964731,14.004456563324164,430.7161857368994,False
239.02674051243616,13.92212582349248,14.078583220002228,49.55167895917352,False
464.2304742829047,4.943277787908366,6.784074319540377,55.43666375488705,False
410.1337253410728,11.345164323204996,11.581310519338082,34.079259382843546,False
201.8475921071364,13.750769984633544,10.56646509541476,151.15648612684515,False
9604.850972638982,0.5578928901922441,2.2063716837503438,29.290292541606156,True
371.4153277785568,6.080638529293285,6.587407095729066,670.0194126723345,False
253.2194611286058,14.370295812951968,6.015094644282097,851.3738738453346,False
286.8607765009179,5.396232091160113,13.80640312446883,77.6783339532385,False
328.3268580062605,19.194039286592528,6.843903234595478,1013.2332905392684,False
282.1281399594393,12.78900191598744,10.140678533832384,259.2346688335157,False
485.0964676046337,9.707712189044472,20.950928620055063,576.896528079985,False
254.23667747523805,9.696292498026583,8.70173541392632,944.8142826851644,False
30.41972129516829,1.6164254748965523,14.046008321049358,804.3947246792528,False
47.720155816108566,19.68690798158922,15.230099220979335,1035.1111970557954,False
316.6713586999758,1.1924924965271242,16.10334068132833,785.8699953130866,False
299.2703683247987,4.195869459563846,19.872185710569607,726.2734879483065,False
5650.607390579189,0.4262489790500074,1.4755443009214264,25.875200902800824,True
186.15066409768,5.511235899121319,19.01957349955564,352.76503565148323,False
71.34103817924972,3.226874207924435,7.331569059329157,992.710014427232,False
13.129077141248455,15.524373833434582,9.256557982190342,309.4731270064684,False
482.8631862265912,19.509694432510784,21.93175123282117,496.2372733240952,True
190.21373503243407,13.371804112751809,14.231381243838308,194.84712711110924,False
307.791029490641,8.58167103520626,19.34662573133506,764.0824771055165,False
394.0579743978447,17.04865227271426,14.52888464151538,972.4469853898896,False
274.1890255708747,9.355069243650265,10.682481562678523,306.3133671875013,False
295.99149480692734,11.968301555429491,13.810842804973024,426.0061755632367,False
183.14259173276588,10.354184120022456,15.761726752579754,169.12561635858813,False
274.35073326391523,4.407928958231999,18.19539293302683,864.9300207884528,False
304.0100685784588,12.940102675677156,19.725724536279824,546.3745577976504,False
70.90563950791692,17.09415571269409,12.96419647450486,275.7323385705123,False
140.84385238301644,6.108216773261677,12.5026645851843,1024.2766980418328,False
105.93765604675524,7.520179710280506,8.613868134374723,566.4611978383034,False
200.45187194784617,2.1831890117558266,10.705079394828443,459.7487919488249,False
309.06355382235,16.167570746974548,8.134661368371313,157.02433072232674,False
53.81139113300716,17.776882671765687,7.698565656759476,844.8385200892844,False
430.6222484030758,3.934735197243152,10.74579971451349,560.5716036202878,False
295.2635254863739,18.361980433591928,17.212934688027843,548.0213628460298,False
414.2742109882304,4.04428641855362,9.393299799638044,653.3028324179866,False
100.4152994846249,15.989716963744137,19.715694997916657,150.59125277096854,False
82.9551446628979,7.179012729248015,8.633056934869359,554.2102352011522,False
7762.143391579165,1.6508329185393205,0.9564457834825718,23.85998103695406,True
3134.755180935881,0.3905920543033097,4.880100787622471,5.949645623764776,True
403.4826899380051,19.38746784012168,12.960233509443574,712.114707196456,False
378.8311533832442,13.337124166960752,10.815461114105949,906.2396588294336,False
168.6028258380794,11.087815889829782,11.906179100947272,871.4899130183054,False
78.28447629568383,12.222118845898118,12.780321918894774,371.3998339443846,False
205.51132489636385,1.229959218746041,19.11399791276232,1023.1167100487124,False
51.21233499634874,19.261574222744265,7.163759164458694,855.0050400795637,False
262.64205400383264,19.82290398424955,7.417253434186305,520.0092972839377,False
351.1815001802885,6.250063060851218,12.07579847714638,920.4663255554703,False
20.0864022049432,1.63865840348237,6.554763267617062,885.9335262493271,False
328.6595863099991,15.249578170589343,21.11531810675971,279.27153039363657,False
169.44585209804117,16.758498632318094,6.6652633575455,193.38471974437877,False
324.595506615601,19.55920624170253,19.59934928805129,778.9932575549967,False
6565.316631846313,0.4701082250234608,3.4801570349455684,4.279892443290851,True
260.9255985666477,4.322747306343228,13.105656910505898,88.05238044561136,False
38.34291151606422,2.7598841779759766,13.185256226158014,39.76131094576456,False
198.69788701494335,18.282909569295256,6.992588218060504,215.2859304907208,False
478.68568516674526,6.630794656752479,10.790769996849706,70.2784454279176,False
313.864972922753,4.861238730635658,17.119249909488765,348.3563498547249,False
499.861659910204,16.740916689533222,9.178313230358492,990.2372594029736,False
12.2696912722554,5.344858812468567,10.623496398736936,584.1446618938257,False
279.12106570599906,18.244609048574542,15.290323614554143,688.2796583232072,False
262.68291957128395,10.52423724788886,7.690405527182891,691.8596101294756,False
136.5397502664896,13.30853147382004,16.329641232934584,635.9012972246228,False
400.3032725783264,11.117577261903657,12.176814970429373,938.8664562168428,False
350.62083148332096,9.62580831279428,12.830315645172842,474.58242234973255,False
146.5367674759396,16.73673579630715,18.47713414416109,1037.689042100693,False
414.6502077767337,9.43446963562118,15.8659516506444,807.3319103543316,False
173.7795065003108,9.315565234815866,21.636541170830867,236.7471405249604,False
236.685248802265,11.99732833572687,21.173912844622706,452.03528455366114,False
339.57503793031185,5.021082072827363,8.140450319903488,172.92558403756303,False
204.49240533878208,2.272498628480159,10.509200052727552,799.3277856289304,False
248.6603402212786,8.359127841530967,20.588561798108344,361.9640373898448,False
215.66638529379992,4.149215362339193,12.399728292697096,983.2657089961252,False
185.8269372205162,18.91176206278813,12.888573134608592,201.4484197470541,False
374.5336833606117,9.505795082797947,9.9776781538129,333.7237247507009,False
464.24692695019024,5.005068929450544,16.302527313084234,90.04667435369163,False
183.94818985764928,6.294218199185692,16.4881595495378,992.7972605741056,False
275.5314642153955,16.136946546636075,13.574970550000344,228.91274256615276,False
101.65143679318643,8.681505197842512,21.612461096782923,107.46411879271427,False
31.27214109886139,6.745970714292191,10.119667463879509,913.5706527008688,False
90.7592597074242,13.840635576977398,9.728303430349357,398.3074273797175,False
94.43673688879862,10.437213033540983,9.71559505442149,298.3781060509364,False
399.1566923257713,19.81631377207932,9.927271400622889,1031.5228411520047,False
131.14322645755675,16.483854842270247,13.74676851461452,158.82310528399432,False
,8.368695708421694,21.739385331346423,610.298995621304,False
284.2237623410268,12.021687858719638,16.170325151241812,353.08296055809154,False
400.8039593122222,10.648296215216805,19.22343375187493,232.79037326652937,False
390.0085321805552,17.468636735614005,16.006935202665495,106.58065394201456,False
231.5867910360055,1.554225509260025,14.053522089698465,461.3261699957391,False
5546.562566181589,0.8504815140431616,3.466047711094338,3.5993214258339195,True
41.143591640151584,18.275183911369645,17.95325227406446,305.0115561218819,False
89.68230027899673,3.076019995882807,10.57001581699589,890.1215510845685,False
256.5367667042429,13.085824881781305,18.55048757140476,37.83608855106648,False
336.76348619759113,9.40358230357157,7.025515376578808,254.0462668292751,False
20.84054024920865,4.683398290800961,16.284438615678845,582.0956023642144,False
487.0095948969245,18.8812954381398,17.816736854351415,169.60005271550878,False
214.70572326199357,12.849326787515055,11.246143904292136,859.1194122656716,False
94.86891625590744,2.523420267556165,19.1278013516844,723.28490865775,False
311.77296220932925,14.38653413252146,15.639506727316263,437.9576288383688,False
67.36283804952687,17.879669773864943,18.76022472474377,659.2068281965803,False
232.72512173620888,18.93679978268256,14.855548419357598,693.0427986919125,False
3528.4149496694627,0.6502071388743814,3.222115848149083,14.047470651479657,True
375.56199084005743,12.844713205029365,21.944420940777903,1040.461880041893,False
364.0015364781376,12.271209832040302,11.052370419991936,927.9492812566788,False
311.4575247331953,12.30904384841062,20.779702334028418,607.6416866028172,False
62.36969231642448,16.37144916554185,16.392896108111387,95.1957409229042,False
83.45953940089915,9.223504041979917,19.240379103261077,335.92944504407706,False
225.67472193240465,5.768366565465662,15.244912804017355,952.9244083542112,False
168.56900738327522,17.317518652194938,17.482818524695993,149.92882925692004,False
27.96899919743605,19.97895962863252,21.330209916871937,639.6142281556698,False
186.4934142915188,10.814879940473602,20.5282967267466,370.5027045469448,False
472.10716049490674,4.063157427527329,19.976548227923438,904.0836704687528,False
350.52603356220624,8.449777961186882,8.814244534698593,86.90785154643328,False
175.13155645133028,18.11825701811889,17.488226850032024,326.3013042282956,False
9784.362796113288,0.6469710563362047,0.7632908227039187,23.76708398534187,True
233.27180886499931,6.4298875549915335,10.178598920173764,673.0392865097157,False
128.81054678101754,15.459718014764878,16.597019819691518,655.5489100329894,False
366.8124905397656,11.3821760054791,14.810567347785028,927.2992513946688,False
375.2653423503217,1.9947453835619755,19.58556831933882,219.9230607360504,False
304.29122334670245,10.687226181458696,8.945621173775312,70.85505584919301,False
360.7542326942234,7.1657242033315,15.78146649996362,555.3085800726749,False
67.69803061616915,19.0922139282543,18.194793394906316,560.315251100111,False
312.4010434359747,5.731165986072709,12.31167025342172,760.6157984917239,False
233.4742922663476,8.957073062409066,16.769474094579472,126.61774012643986,False
95.67092735760215,16.71031265848231,9.72606633842904,107.06047949451283,False
142.21215286282504,8.926674952726954,16.955602622096073,572.8912762494281,False
92.77818090536064,12.961596240942995,9.178105821789906,598.1564223131937,False
272.3019644117699,18.01569411450493,9.897836671715108,198.5714489948329,False
443.26116704071984,10.604666447407414,15.766016956507071,525.0703415661333,False
15.694064554969312,16.062404157883442,21.549524821207758,888.2740951946497,False
324.16234011379566,4.974523842750628,9.737077777097776,88.3034061064688,False
266.3179436433729,16.0900025884387,15.209494858241312,165.11956188719438,False
108.79738682339482,5.685469064582468,17.876675703791154,1054.0440648683816,False
387.77391817773486,6.455621203606936,11.311544075773527,248.302882959595,False
289.2459455869451,19.20074830007864,21.874170231657324,994.630982027817,False
259.1996386707044,14.222083245207246,8.794354974341273,994.7959298648996,False
450.7915409045385,15.845115259198796,6.861288398535345,1089.210933369019,False
441.62667200747495,2.216120585563797,18.10321740782259,521.8239028635498,False
405.8445115512167,19.257482791647668,11.270068308833212,740.7975400185301,False
8840.875375979522,1.9312535562575428,3.963517028903757,15.10479092392928,True
354.2078355666109,4.485401731665256,13.7636872922457,87.05903598188944,False
175.61762685725253,7.875208770897635,17.749850823875494,629.2280253914206,False
77.04112915029108,6.885969324972885,11.245485406173092,1000.829384935151,False
280.4343509994979,16.356468990175223,8.460539288211459,653.7218672316711,False
486.1732205332708,17.305364009986114,14.905254856034452,883.9445833674235,False
342.7601363807999,10.507621768493824,10.037035778162448,984.5134030422316,False
176.33059434597496,8.02190978910869,20.198792565925764,870.5945472311165,False
46.28187934970428,9.573547539438774,10.41476311008875,609.475684495534,False
59.38122067493906,13.393541323246854,9.236703186531258,737.1730228919964,False
380.0825060434359,3.9353518760935904,10.387406225986352,763.9376751840597,False
73.15106373621812,13.969727203244643,8.091477177436117,82.34303571761355,False
309.8079184139659,19.30449425005746,12.5808635530597,475.15305106486295,False
370.47492597720304,3.573731199099125,15.860651973666316,90.84634610064644,False
213.16582062624164,7.785302026709553,12.275484694936642,236.20935743216572,False
472.37180088212347,1.3634503623084533,11.67675663450222,351.92468602871764,False
369.2049350545407,16.664958834486434,9.933097392361194,933.9374783245996,False
301.1240505225462,14.158116199205052,19.786638155185614,270.33278095043863,False
61.01320517244118,2.3520074182952238,8.882538363721908,525.7436256482799,False
8410.972283709094,1.6106384742442117,2.0641969887945324,6.722105146705738,True
339.1333353588698,12.65847817051171,10.532550455881236,316.0578635540463,False
224.36271179162725,6.339085479265559,9.530416953947976,626.523521904956,False
373.92619538799073,10.004503182205951,21.371940844341687,575.8936699592854,False
171.04562723125883,1.7409242389233202,6.384080717518222,1004.9182545620392,False
181.11269156020384,9.494055332322084,8.986239036762921,195.9818864272873,False
249.2381571406713,6.470961510843857,8.796500557998941,789.687641918855,False
205.1026598595622,5.219441543173091,12.29313072616302,1058.545522736766,False
348.1023965021262,6.001699583842212,19.49966068336412,722.8959472634901,False
83.52384570005229,10.363572106123668,19.99589839450505,732.2857578951608,False
333.5483326536557,14.14821386298644,8.66461621595632,267.59086964430395,False
405.34902224095936,14.0796953513506,6.705053785126102,631.6745271498839,False
157.67515834042962,5.282244092128551,7.769657581970573,150.60427599640815,False
166.29805884394304,6.232242310852952,13.732708559461203,71.97972815318657,False
207.70660444407451,19.147188938542328,15.033450222935416,789.360220832754,False
99.86820982818256,8.810816449413425,10.157250207044791,832.4515198005018,False
266.1390863971771,11.974273951741992,6.218918636170898,85.677244981229,False
356.5469308135653,16.059307209479282,7.981536427293079,90.81051854411282,False
325.21122703675303,9.018650942425142,15.669749115436336,525.997740215885,False
465.5518496478608,4.500271945522496,7.110305374466934,1013.2996123798416,False
394.6581064801578,18.145847632435967,17.53687457436595,784.8353984481222,False
401.7137806947998,4.405856626248011,21.60656588295592,1038.4515879254504,False
111.10352201883832,1.8901862620244596,19.537987368483705,167.45435794295204,False
385.1013205056438,2.586973378920357,6.212499255337281,727.3361751177372,False
250.88132790330408,4.9187901628869,14.795476082612977,76.73335911271194,False
326.28142499451224,2.500414081625744,17.23371926582068,953.1648822582408,False
45.377220399796165,12.345950813815737,20.55352625777511,726.7611056417636,False
180.9454506060677,1.0257188885938948,14.205995876884284,942.7359151720656,False
261.8548496883073,8.696951196023761,14.000932147057387,628.6480899937394,False
201.5439379937022,16.92637800055421,11.796695840003276,449.9733208634575,False
252.6217982368474,15.020430473726485,7.27544117099656,696.9661275154845,False
290.09021784025094,3.362999581009694,8.228065132555264,426.8798433372668,False
310.573446008537,2.1866942787623573,8.790548273783992,85.73449302520592,False
110.51842383618352,2.934269976041201,16.042702034540937,50.66232658339944,False
339.3464182288805,3.697467805458884,14.644790508183997,821.6708337820631,False
269.1791956733339,10.17775425361891,18.882790357766027,591.5267346974712,False
368.6770314875885,18.218837029899696,18.162574876642545,959.100209972878,False
319.8095010805699,8.06275726164452,10.38380959151955,1060.9436132287117,False
337.10329187530334,6.156778228487573,17.92343588305335,155.1394598261776,False
239.65964829953543,6.296437575876507,12.874773813682369,1093.4672590136945,False
221.71767264265603,1.6205221549054216,8.308992698999704,498.0757861766427,False
150.74710591050004,13.844499472998402,6.192048436362921,224.8129161496202,False
256.3329911453148,3.675256028960845,21.90928484297144,947.8636718089938,False
309.61257536297745,5.9312938803457165,10.762404441092489,367.5123597167497,False
24.889659251450063,18.89214774650258,17.26450324146651,957.9702758424008,False
221.92396038176463,13.891499397560118,11.672771341257718,829.5915962064739,False
362.33249354028027,14.814078470692412,21.47633904592476,927.320544060418,False
123.78422062194048,12.825859189753936,9.72365358264883,538.1219558440314,False
492.3570685447405,2.490660510025355,21.38481171420106,484.8747554365908,False
342.22791475394115,12.104529285391097,15.307544439575627,855.0266780986152,False
159.70691222243153,10.701034391731636,19.73760171171997,742.8954762084107,False
355.2935737409569,12.340185660867428,19.465952120684385,272.3235789373334,False
26.269523307769617,18.133706542378345,7.547112956601074,1040.07279065169,False
344.8147345371875,17.31652130763997,18.829442695244893,299.1956408479897,False
357.432668243992,4.999631853641516,7.707389105637668,234.3449413907941,False
106.76054003136927,11.681587410225978,17.776566406817047,556.1224291882605,False
438.101785951306,6.648525015839339,20.92588304202613,1034.6252691459697,False
184.48739568994463,9.973354279096652,14.177818215832009,639.4822624872312,False
181.848789571338,19.40220930229795,16.53291903209699,157.53032975306644,False
421.53203840469297,2.563174161264176,10.401582104945993,592.9421745308761,False
165.29178252657604,16.756449187018355,14.094906469112937,49.25636319905499,False
455.1407750534779,5.597565476023863,12.029870085555016,961.605633265758,False
408.321494473738,13.859604678290516,10.30076184048317,620.6708231398694,False
435.3477781526507,14.76736745010495,16.247156383892047,970.2208625721544,False
426.3272214319316,15.069046507116864,12.823995955869778,742.8209184271293,False
121.68822964555144,19.69809606169346,18.675059116826816,884.4214874620639,False
281.3885993566472,16.019686091222816,11.724979989369489,154.6735998256837,False
300.5459172031144,14.280027741260326,9.812634728849464,125.0216089809591,False
179.4826979069488,19.10348532304761,18.24506079240618,567.7534363552111,False
6941.8153924943545,0.5601485466281586,1.566838472286391,22.655555926146636,True
56.27705077040491,14.15736370671528,6.818403289926362,1026.332019238183,False
8410.816466161989,0.3240834822610436,0.4880938026757447,6.976139618178082,True
52.623512356590965,13.784561703363517,14.742513187394112,105.04062171531058,False
471.3177563004973,11.966797847956466,9.628362005114331,515.0708341867753,False
61.23824176385613,2.4080030289224745,15.694349042871728,549.1532447691322,False
94.91421683471442,8.496945436355283,6.644568300447975,644.7038101778239,False
357.004323436188,15.996564118074026,10.409068420946856,674.4008849111971,False
213.91545910808316,1.130681282173337,8.61785926621242,523.5114243769483,False
232.64489393438083,3.2779307759815297,18.1940739272052,683.7459314332264,False
381.34459412754086,2.1309693066076623,8.114874524061948,793.798241104797,False
110.44230475375228,17.641778586824085,7.2892929965842175,984.4916053406316,False
121.94282325233638,4.2277391149639705,7.391472324094929,1033.427509031465,False
100.90750269452936,11.58069042026982,11.89200171832213,492.26204492926246,False
449.5840273767628,17.42670858093073,10.55266217083094,926.936323379867,False
371.3756115737767,9.145338398742238,10.96493571367276,750.0390813852742,False
,17.342654173639264,12.579047613911856,775.8705016428966,False
448.46016146965854,13.47786020971055,15.841116064235168,590.8236138581257,False
204.8212550017692,5.589199992331953,15.332915970947273,945.181072890057,False
8715.264300874176,1.0492749827976475,0.870052240080621,14.825862389741516,True
3840.6759348598,0.6382634031956341,1.7494773182369934,2.8850228795177664,True
370.8576754561142,19.56885025183857,14.714093937714171,881.6718330329726,False
169.0912041761294,6.69889932576343,17.798903062833954,695.3062129180374,False
210.1420744046424,2.541834392188544,9.995906867669683,326.22297707809,False
126.25205287343204,6.790270812336533,19.12108003289039,885.3765948888587,False
493.5745989342535,7.274086232558453,19.550195590863247,284.3700958298414,False
472.93520764238974,16.84874734301284,15.407866071421324,296.6320469929611,False
96.78423290945398,5.550693228281224,11.301635499781073,982.0813061975674,False
,5.749181981554804,20.96631183468478,851.35442828428,False
38.460969962417735,9.54505700656026,11.777195621456595,582.0592184521165,False
23.27703632670691,12.231475761911812,11.80003175250421,848.7338524680358,False
472.5890764464405,6.828755390920683,14.565564288986508,327.852657221962,False
150.40521354285937,10.158780104129567,11.527693659575132,1059.4191702878322,False
467.873653134702,9.913037009903997,15.237654419514683,568.6868220608312,False
179.5888660035149,15.26462333501006,9.76613219037372,1028.4911093388157,False
382.9036722259937,16.468388026232077,14.613809633616365,254.2128401892529,False
251.3828660565061,10.558595064816892,18.51025460795024,817.6348592385004,False
8961.573523937937,0.7097773328069367,4.566029809070862,14.567924416390635,True
221.84405251087492,2.587532412703105,8.688320835082857,170.11705157091268,False
122.67775688663222,12.5473009788174,12.709354886708612,501.1493338968262,False
429.29126937208,14.17874309200211,6.891853657399068,989.30957301003,False
206.94614766852865,2.462609874234359,10.428066111220938,293.01816427742153,False
68.73402999350458,11.635357989129268,16.58935336182397,604.7398051818574,False
114.04616423235532,3.645662051234308,9.09496548730372,564.4910505410965,False
29.31913757056789,7.706211565594775,16.165173547333136,233.9702079834078,False
316.6867744541345,8.668419044870234,16.66697043028021,190.40066501797287,False
7137.677096021579,1.2562860270305511,2.259345223261389,18.963907140726445,True
112.58116843498804,17.94557075140396,18.234415206157976,462.7802216204965,False
344.6733189740149,9.168690470412814,12.364695054865573,1001.501063380379,False
114.35243913936624,14.434643068067263,10.595539347282411,374.5537136299454,False
438.05352581232086,7.009132844856829,9.976637134838816,138.4673373766376,False
74.12809375199141,11.589406221887153,21.47149623389305,1069.3024688644666,False
365.7301558927948,2.332054653183882,15.414899847255237,39.00084330652047,False
310.8274565324303,9.81565226517086,19.114832044487343,1014.292633107433,False
366.9604318091905,16.839236199028274,15.385627798472967,239.473314516242,False
54.82855032489989,15.03573986380476,13.29039279103804,886.6587510566511,False
106.03160258538117,8.823545290105661,6.642221745365864,552.1828012214671,False
25.255700613410568,2.096911025277227,12.571704695856193,609.2299860365902,False
478.206611017918,19.53151953610234,19.883233566707823,54.0355411105316,True
84.68384653190454,1.7611232619631951,19.445570841416128,693.8298719533963,False
77.38526263153669,10.740440309756004,10.891903319156658,369.54044885975,False
254.45519519116448,16.039605849236032,11.48842740144039,675.4047310119265,False
190.18074349912243,5.595982736917941,18.958790724846388,420.558832652396,False
162.74381321981863,1.1489902246664196,21.79033512621276,200.1331751491506,False
473.59657644548,7.707957440405745,19.030142730705304,1050.2480112100684,False
366.8260108198112,15.227700402302824,15.051919209812628,920.4240293469742,False
92.06646530694418,13.318042141589816,13.483529855538414,198.82404923919103,False
311.35354108259315,15.703713458872972,7.842338854323218,158.31314089696835,False
333.39218255674774,18.82779155052117,16.118340103448137,884.8727366828631,False
225.9737459997318,12.050823566794678,11.356624670250866,112.76372558718764,False
464.7609837597644,18.74123903702793,15.668870717143662,437.96887875872966,False
3965.052592390516,1.944718951754752,3.984737520078229,24.2891936277946,True
145.67004759212983,6.137472441305985,20.007818406334344,425.4035303382444,False
85.1421875268793,14.522733309174926,7.708811264037818,909.5709611445576,False
468.9367892245312,11.757433133276349,12.180603282328724,608.7272325911513,False
2416.366710049052,1.0883044237463515,0.3725523090932003,18.256344002789078,True
166.18872643671426,3.15276658982182,9.072373906181513,718.0399954628748,False
367.4590320396744,17.543080653691348,19.16251949568684,923.1322129509304,False
131.20056985416687,3.7141554587159336,15.846732477133369,976.009889284754,False
437.01568919198166,3.8899813812231847,11.455337142968933,778.0546379508376,False
175.75107793730422,3.2542315490900258,12.575080837601758,766.8350621912994,False
316.8479575993936,4.2621842464035415,15.313122097987575,80.12017573894899,False
464.3171315449318,2.781753998883313,8.947978425162788,740.7289886486717,False
287.83796788346723,1.363752491939897,16.995749495370926,901.067948326548,False
,1.806023665930942,18.98890749361418,360.1862355732593,False
153.86000368960174,10.734911773370024,21.04806324607044,709.7090020182512,False
37.956813364114616,11.068871151674426,13.764650144987446,997.4859884839622,False
3358.067985657087,1.0137890553601767,0.109932610196618,14.147747562520562,True
320.36641861519564,12.131430980616864,17.066490429864665,742.6491756446161,False
169.96604103955602,9.859885366663232,13.36568597015723,251.33239115366013,False
241.31280310389965,1.7396693031876815,21.0090262330901,323.0775755387516,False
258.6591895428097,3.0024711440482994,8.085650080692249,518.039780224776,False
128.18871422377532,14.130060442045972,18.491188866746057,483.0046685275325,False
416.1685823338319,13.013360919115158,7.940847968088546,192.1230478214632,False
9837.874678190878,0.328514829944353,3.5508663329508035,24.8257530610643,True
422.63827233649727,7.815594982923256,15.55112357461076,229.05627071937585,False
441.23875290511455,11.853948928804847,7.231506928128278,363.5388839993714,False
299.05966655877023,6.610519386910922,20.35817147941944,409.3465497863691,False
32.26872636731436,10.184741283489783,6.403185517137114,1042.2862930924289,False
484.9582424533585,3.3715954653701177,15.500490111095235,592.5092733155133,False
433.5355424214222,5.171524541366237,17.067521826155023,683.0264341914196,False
402.7531848226649,4.6215868284145465,12.125334316294964,827.0196406410145,False
216.498029790324,10.92769344062618,20.816952957092248,309.5734593645714,False
24.103511393536092,6.691747881123604,16.865065671930196,86.37677138079144,False
5484.713264101672,1.65046365437393,1.7123760959315208,5.533611713392319,True
64.89906206234565,7.987933767366905,6.755147227158064,704.9791982558613,False
312.89630981587834,9.574588147555843,21.809985215274168,637.3828208352267,False
166.82430450499976,13.86529215496518,21.83208533414916,93.6468219999794,False
493.39247190856,17.722978020508215,15.669007715845115,500.5741991169831,False
41.4623791668157,8.445328090572493,12.674628463611231,797.1974715597961,False
248.84128714226168,14.539805328871743,17.806844303980803,81.61440758675077,False
135.71576401366826,7.510257783927909,19.250973909175247,1083.515767842924,False
319.98472763563456,6.886330631126911,8.13913047039098,860.7894852777375,False
32.198964788301815,7.876479825919434,14.874992396613877,1073.70581830461,False
383.1936115110716,7.610886820061166,19.618411766815708,800.3467737535708,False
288.4712156343811,11.273271056253297,15.81820644783014,783.1981696772258,False
380.0172552800733,2.460379430247107,20.90784645306413,834.0031548710787,False
396.9522684998148,10.842153261687873,8.472333279848304,816.1305539063995,False
479.2363894076363,17.60736369279852,18.160558428850784,765.5132203166288,False
453.6371684454392,19.772683356956247,12.114231597321108,575.374334184077,False
174.93609631502108,3.385454080490414,16.61033998360334,433.5880439503206,False
448.6513504667277,14.373284741052291,10.99302471443233,177.39342905605267,False
227.43760745923987,19.916991080478784,21.25291468131796,716.6659138184489,False
,11.879537424758428,10.70266816807894,177.2315274002708,False
343.02716851960423,3.012210283671395,9.785756523320115,708.8359120581604,False
324.00489419820104,15.042272542848078,20.333051704963115,620.2030370529708,False
56.05115052202581,1.867326164545291,6.937044884552542,789.9918450705972,False
66.87559384838895,14.04520835635953,16.30330527116182,571.771873190324,False
272.68721950861897,15.526028098439635,14.219325683444875,115.26752369334837,False
371.6364720489215,16.334347173467357,17.98991098631931,1048.118762649767,False
437.0530350146644,10.607048915017218,18.767968563507583,606.9747407371814,False
5248.657060478168,0.1004615754255742,2.7565869533140708,24.93394367026649,True
5585.366776170547,0.6799076072448323,3.80379654193475,8.849563572993391,True
84.32069106904808,3.7987578413004366,13.731713214006962,328.68464396945893,False
251.1369836089737,7.798467598157428,21.62497637316647,424.5733804683827,False
498.2038254373512,1.121201824725223,17.366749040198588,602.4308476619947,False
419.11581603165655,13.559270830699086,11.47412160179032,129.5989316317736,False
7464.556601520993,0.6487389429127701,2.938977025331861,8.480245696820116,True
345.51827455140085,4.809015795039652,13.939827550413025,120.27595446404484,False
231.69536290501975,13.586246222320293,17.831507731819634,124.7953676642494,False
68.22077897135524,8.63379721243216,14.777414640875016,399.8622251355681,False
245.48742289005756,10.907531459170722,16.929828571568745,742.5419938125495,False
213.26155614545596,5.003394313476861,17.9977589006123,56.43033018908384,False
270.3637694683925,11.868924224016716,21.03309742440265,501.4274133973613,False
229.12924484736948,18.30150862707401,16.05355388079111,714.0262441350775,False
392.5731771735355,14.418677088549982,13.246133766648189,282.47996660049967,False
223.0653959158357,10.591116367786034,15.604022561593329,531.3018338914733,False
191.5313303677772,9.24253097195406,8.347121824242905,546.6026482369706,False
291.4918254581568,8.562100566135554,9.514158857513104,664.8080866221337,False
43.40443159889185,1.5719735720150598,10.951401223138918,752.2004641365285,False
83.7042766407288,14.73143219626634,6.361032187285556,195.81261661006852,False
26.85037534645701,10.944427316112964,13.482899399758033,485.3320759580933,False
58.726282452079126,16.40669303915045,6.405577668223016,189.11034870326756,False
173.170937398517,7.980423845244339,12.740814106133834,291.2224597977012,False
84.43231982102424,14.565100017625204,17.668956807635297,871.8969920233349,False
123.02820774170176,4.582271509235771,6.722421830596671,409.9101753139853,False
16.41628372828348,8.45670553836012,21.290391476263828,1004.2080350949584,False
379.1553107768814,4.697852897392567,18.786527537676516,545.6869934052384,False
223.4358242583372,8.635856797923871,10.86551417554054,505.7775944566334,False
127.6713532013146,12.870893392998646,21.450223604268807,466.9734637943851,False
392.1390174702357,8.227610430437784,15.8736951108585,107.2362675565227,False
,15.2242594483978,20.54804311099188,419.82010302003874,False
417.8968939922066,18.22231161354381,17.154619074207687,1072.578933985215,False
399.7704807869673,7.673168359626837,9.01171519630473,1077.5311242217945,False
231.179641921541,13.799262932023248,9.500347334574077,211.86819690355375,False
309.01032324404423,15.296898414143392,13.35300764008835,321.82254611060813,False
206.73221477203128,11.094586348667706,15.379767980492186,566.302129239786,False
405.6456760303906,16.26846717338917,10.693654743056156,85.40529910636094,False
36.83320302279535,1.1717309125065514,20.211061594580865,945.3706690405164,False
279.61100565656824,10.206221906520206,6.788943793757195,299.0040971192313,False
337.6351777629712,8.202786924766787,10.772359267745964,359.4775186152137,False
144.36544915084832,7.731155217127098,20.1494948475406,147.16887300083394,False
27.611714160403626,6.25947184803481,15.523675723510426,635.7855643020746,False
86.51477270943327,10.050378932720877,16.284721128100948,492.9322279570408,False
351.3589036996772,19.6423788984836,7.9599657914558275,134.41743308815091,False
449.2045510753487,6.36697610103007,10.7676357679335,33.89397158205148,False
154.28822217553966,15.096030212215586,11.245411181600543,434.0243620874587,False
256.07555506230887,11.717406547836838,18.216253498691398,667.9467620874494,False
325.3530706462972,13.572001479597274,13.245196884549228,1083.6572324547717,False
46.0134061917062,18.06046455219565,15.107303410070845,56.30262203570853,False
407.7671961641674,9.723356442446937,18.742251561915342,198.57486270293944,False
,17.09240822993415,15.357244980892654,940.0589392449482,False
413.01547618083686,5.501733173226325,9.387429954367532,543.7811356983863,False
315.6910690915208,15.763936427383369,19.38205723856639,903.98326177752,False
87.86500215798324,5.01139290860271,14.672244775675615,273.2735327084675,False
59.51244739521688,4.528928368098526,8.262136867461443,826.8743285826586,False
280.5031186174703,5.2615761824158565,8.65966979282654,340.8385435437657,False
210.27974383806725,8.969511885188957,9.799732882710144,392.3374890905888,False
403.7993176805661,9.366144948998633,20.67628906524289,731.7304240022229,False
313.9516801631977,10.511861093337938,21.951190678586716,1047.261545909211,False
29.413224420695,11.177475387603993,18.480769392640696,54.956097466268446,False
205.42316263948123,12.829980138374504,8.908217564179107,1037.893265826665,False
105.36503079217488,15.272365602126811,10.257621896596936,252.21428751372903,False
277.3522267648081,10.234009382154458,14.374421934752132,530.3416023428458,False
290.2174129013214,1.214748195191427,13.742036233028143,667.19597061626,False
295.3871025215508,16.648848604230494,19.056908113829177,249.60589243539448,False
266.3020581368685,19.198006218775877,20.860927371006163,396.9953744492249,False
169.33982779310605,10.458437652651517,6.9590928137809325,517.5193125299029,False
32.54129459065885,3.1752651232521973,12.0952295203756,288.9276249001421,False
75.86319170009737,1.3220056329020389,15.525861922509964,352.4475021125577,False
368.9603276330226,15.9379073929601,14.400789443926154,94.62746843247666,False
157.47214780393998,16.742556360215545,21.01089876039556,564.5613935316165,False
380.22005788609385,18.21672184054956,6.806668377635347,117.26443757562562,False
241.872854278863,19.23739325155565,16.58148286311559,955.2731670459788,False
318.40533268627865,6.239583796775782,8.583325345027841,661.0055553228714,False
95.9319265254903,14.572206078964951,12.430020339787832,505.8123491641813,False
321.8411015192524,11.12754847767666,12.82237370882596,799.6580068153282,False
485.8185401310302,7.316666985825528,17.50792320921331,874.1855377404721,False
292.68290346691595,18.15500490864776,11.737945311257462,620.1157336215548,False
98.67870682765,12.310762052622293,11.551343206041372,704.4313969644257,False
298.0069868224772,15.960067204836186,20.360517224353345,62.98369264497328,False
225.17610519940703,19.29259865481092,11.997198789599963,283.6029580655087,False
437.9773866600137,2.4624617182366078,12.4903241511558,839.8948056840111,False
302.4529959692757,19.434885084795084,6.628240826378564,71.33578941956925,False
470.93283010651686,18.180622536743737,21.236161253797174,193.74301738960776,False
64.48676633001415,12.028884418880224,19.8627709366352,995.5857612538788,False
393.1937629584891,12.341303120386469,16.01039860706325,370.3627389668982,False
273.1174672177726,2.736438240303752,17.213851155902077,233.71040015482788,False
200.3934696224694,1.6031315420867838,15.754910532412438,668.2305564821253,False
74.4681657123573,13.091111349134112,21.844562729359065,427.4658480969601,False
101.35474845068472,2.935968916585799,10.198534023828833,76.49888907935409,False
265.26940886330067,9.893312030451511,11.227822249098136,496.7880175553217,False
458.5892658181405,2.298710805889214,14.9559145813388,409.5710436798929,False
343.2689781625472,9.124425340363407,18.166401076599723,978.0850141406022,False
177.49050233195922,5.296381293743766,9.292710031830747,884.0383597704748,False
368.0187500172306,4.327339662476712,9.079890410173231,496.5058443829938,False
265.89919742685413,1.145616620335281,10.7412128303968,968.5319759912128,False
117.41485380544172,12.090558166895915,21.980686973050474,778.5527629133579,False
332.75987949328305,12.638895898551564,12.62625709145066,69.96802027137034,False
343.31161181209313,15.03846686552762,20.653029571051903,724.6611663301153,False
264.8801155448768,7.627590145420107,20.924047024965013,385.8214544721899,False
25.400300986499783,18.386711299733825,16.102005216772014,405.4436419850509,False
387.7469798354528,5.464494694923102,9.877659122188197,601.4869973659197,False
211.4039502052853,10.268852052336236,17.77472650198318,570.9107480436006,False
322.2287236360574,16.70447040963782,7.71920884206253,43.85587729855445,False
149.99892227811176,8.507617122022054,8.12815678251726,603.0988756924011,False
261.9748748226697,19.644644719447687,8.501071531341774,167.28125310327638,False
254.1159010620381,13.751991994214086,14.16736210154306,640.7687285438901,False
225.6975089981904,13.572654970235176,11.416110070807566,695.565115484341,False
60.530695729606975,7.471479165044542,7.97254046878315,758.6826650757382,False
299.24452183225577,5.377916580229648,20.151659641548147,473.1152639852508,False
416.5734838165288,14.574059117353602,11.812085626812964,80.01710986416566,False
410.547345251836,19.488485096474324,21.45331711549332,275.9929657123878,False
307.4760776835026,15.091187584884803,20.58909711263115,1006.2249043690208,False
17.052809428580375,12.472113606038366,13.037690235421358,603.0708172889836,False
288.0950156481635,8.39869384059863,6.629790077115672,143.0284705641057,False
152.70227869704053,13.612004037336192,9.679900063411848,125.2888757930624,False
488.1781399059264,6.161030444213023,20.56313798631514,293.27446853190384,False
156.3755310584988,6.158348048311515,10.626405351266415,579.8039317080644,False
308.68652365014947,9.726038746291064,7.654945837767734,575.5575005282175,False
334.07159942450306,9.1934435260396,11.475608396462473,796.22486556852,False
275.220623551294,14.017551887615198,20.61167498046833,564.0351694882748,False
121.75908825497692,3.737496934250792,19.3595805709274,701.5769626335988,False
274.6058381562102,19.428603981558627,13.34885901140918,254.9367953961685,False
,11.91146392671401,17.147023805971152,1009.662544849028,False
302.9709896174317,17.14953205813258,18.47226722278501,933.3363319088336,False
437.20332859516367,16.670121509593145,13.586527134065276,364.8723226891468,False
121.06163709122411,4.52013675228315,8.004019697539327,647.9433867920859,False
360.15200212303057,14.566620244870272,20.974995971976952,572.626949983775,False
51.54808786244358,13.51563513581342,18.721764520427595,30.763454522507462,False
184.1384386560123,11.265634104015838,21.23622423253396,304.44586532147633,False
326.13466730063044,5.316411583446783,19.97789645979545,575.2146416762531,False
243.2488833906956,9.24303453424964,7.076553806744233,432.5965711476381,False
382.885472413766,18.386153917827222,8.070089871467214,316.61253655948104,False
144.6549574185867,8.95353822344827,10.466087532388316,797.4563495568565,False
196.50541380352425,5.512092578292892,19.613644117153527,849.8075073656486,False
334.6359193334512,14.73347176096119,12.839783265444288,838.1945631551164,False
88.79594519457434,18.304633071234388,6.91243062405791,84.55387567059361,False
386.80383343845017,15.019520852669071,14.882140588051016,110.3139674323195,False
409.7582312454027,13.116076691022776,21.521191306667312,797.1550381617825,False
133.38153886440685,19.6426580541182,14.888793118169918,565.8372358069605,False
413.0810160717024,9.710197058497322,20.890756088998373,562.8249915175583,False
130.22106374384725,7.3765986311270115,10.670578775964916,1045.694362213669,False
196.63651974920052,3.5542674587543157,15.233873318206504,255.5650296238004,False
263.981529658231,9.424220273204568,12.19639058279746,1068.119486623048,False
458.2835512080198,12.073329866586302,18.10006066275895,609.4941920907024,False
5849.005534534765,0.1993104683670334,3.2855941953063668,13.972640373319445,True
38.68995532954981,15.388376587234514,12.578036452150068,417.142897098269,False
158.6048223081218,18.77420575702242,18.72925402012138,35.69667295934733,False
126.39662412842046,2.606742183847519,8.501794266318,146.46403681159495,False
245.13905394891532,2.4360886632272725,14.930738942247052,988.0873011815156,False
495.0805138710732,16.33595520993277,12.755075742090847,901.1311214818486,False
49.71264579474749,18.721499654522464,7.593275416640463,744.939211095958,False
446.6601257120548,14.720721473662213,11.687029397824988,1061.92578299062,False
371.84011253315,15.80294914151995,11.00534716038752,70.85751234382171,False
22.647834405248624,19.26835416690813,13.16754650211504,471.367750277394,False
427.0569690432599,13.71480499582349,11.42888427695308,389.4130536843151,False
319.82985699085395,12.797642782090191,7.360902167827858,350.7520001521871,False
312.15865411516165,12.996959503149151,13.601733838909366,895.220545369454,False
484.8602887689976,15.219302643848396,15.24180929019414,244.49004447549007,False
64.13231543438337,19.335292019634966,11.381174308325336,559.907878808993,False
315.5569871213523,9.859688845856557,11.593830380923556,309.7683750222055,False
455.5669970186032,3.180608565515132,15.91023950986403,201.31621256162924,False
231.5775238588833,5.408345425867403,13.85631620270256,121.49456343600382,False
50.2641170634494,5.804304246752112,7.121099131539031,274.8630649676387,False
273.18220549108844,8.00543624643111,17.479439849790595,951.2196496612818,False
427.9746331790065,3.1837269441317697,21.509148996546863,121.73459669972364,False
393.9899762431601,18.216109040517445,16.798291248866477,36.24593519982679,False
472.6905796655826,2.0751274667875967,20.8826432458008,673.0502789685974,False
,12.966592434259448,18.813089597756004,367.1815930911948,False
376.5558579204707,8.307610443596596,12.913076561065884,963.5369226899842,False
219.4950989956893,13.057065933455773,7.305579520077414,937.957916792408,False
74.04808460269774,5.686513700302723,16.83398821572102,123.26690958034372,False
15.563285936035344,9.436831234841856,17.072808848635916,685.4317945100669,False
176.5387322463524,9.208359624295614,15.875107633871467,312.18992055654684,False
118.83282713065782,1.239542879539422,9.486262074027904,835.4702532840132,False
331.0685705131206,14.921936020937135,20.604812806525786,466.6753328799563,False
25.93782795071344,8.827203805647937,19.82986026329557,948.8508779940752,False
451.3439133655167,14.22696675762058,8.706590301478723,1078.9495004901885,False
275.23520429752455,7.102080900083116,20.292871900609963,975.4553737753478,False
131.75967850908822,12.987514014354105,18.073109779291784,204.727721502582,False
241.38531332935517,8.227980142643684,6.71994913976679,52.52456186712834,False
79.70219065672613,7.52434734137524,7.674567045543698,620.0721783851244,False
176.99373472397875,17.91184366849236,21.13553423752959,1085.0345150883709,False
109.97746096816044,9.140700173127112,9.077052364549608,500.2337210535253,False
268.5735434522869,11.134345946541888,16.707504478797865,790.3652144759817,False
69.83385786491313,13.432498104361674,11.050131445874436,223.6260159353015,False
42.867473920329466,13.475990400449646,21.70012123826043,271.4979275315495,False
167.95338403761426,3.2839373532909484,18.5610227367429,1020.366677750133,False
38.50025979768314,19.81206807565045,16.82912069808075,107.08085875174044,False
405.0386270986001,17.011526141050542,10.839461079383517,564.3096117968424,False
292.38129648173845,18.9303302635842,20.550872058974026,263.64969949400233,False
141.80676817319787,4.882011284580436,9.263913657750198,302.9513797682167,False
420.1365308981993,5.719288566120943,9.22871917203931,140.7167353466949,False
204.9492435324134,2.103747089526646,21.382665914272792,299.65923898902514,False
153.67327813205162,8.299927546730204,12.647088009473434,440.6134140886278,False
3821.060286555139,1.8738692178866787,0.6290116817302566,27.18982770442998,True
378.1737921542324,10.358172233571496,7.155410965363007,154.39637473665888,False
127.93942879792743,13.47178246651248,9.783598595819113,684.486184405701,False
151.97821192774634,3.67351903292641,15.02271306808998,1069.9614891225,False
356.7636580230487,8.468974243628619,20.070288908915128,204.5750790799963,False
260.5577754418595,19.060089999137865,15.628907743127156,659.2725747757969,False
155.58964065535577,11.67938309364885,17.442000317070207,415.7234069757714,False
7416.589701267583,0.8756512867579674,1.897306902967324,12.476600065573276,True
7285.819144873212,0.3836092240715698,4.23648372767747,15.25391254912297,True
119.67063126308533,14.567001744184408,15.612674389433906,464.5630916069997,False
130.73699628716236,14.650624999128452,17.700009429558,197.60073626765455,False
251.95984221855147,16.064233961642948,13.445390943031777,820.2250915493735,False
155.79874114622208,11.583769752225669,13.169367796529224,719.2917318187161,False
404.4446098435772,11.382712292834364,17.72180318784638,159.8120108655823,False
17.126886177262143,2.3851348719901666,6.787534632652186,644.4369713622542,False
488.0489984213583,3.384239639183863,13.90993297673213,594.3175411768894,False
64.20955110805154,2.448545141497725,6.11171619008557,150.17517991048192,False
499.7127256276266,4.407764195495579,10.268712790941294,427.7184895698888,False
426.1194711421472,3.1390274178268034,10.036990833114992,191.2521227919306,False
364.4758557074066,16.29671605141759,14.94749010829533,331.04073897633435,False
169.41186207399952,11.363205518731204,21.87140395581829,916.0177418977756,False
370.18481146390405,7.0584695481016375,20.04853620551131,519.4897105955666,False
128.60205777263846,17.02319718796978,8.658959993755987,351.0508385273613,False
352.0992398696751,16.72285952001976,15.58878859210222,244.25162238765665,False
282.8138175768256,1.3672249874344198,12.289948771313266,47.172748386408855,False
409.8140000946224,3.2108112181254214,21.355931543391502,773.359852145149,False
470.1431722713192,6.102141365284539,8.972431275179325,1020.3120636429812,False
225.3084449502816,10.036327644618158,7.496950510597369,101.611275265419,False
54.730471625205446,9.626030802726184,14.875708852517668,1031.835049925242,False
159.29277815804,6.339945253170894,6.53477715896806,645.4390917345681,False
421.944483725488,16.718740845007673,19.27903349139909,980.059183914706,False
402.17468883295714,6.428443785556916,20.253314372634136,695.4070996354424,False
328.11304803687113,17.725980480829612,14.31378681284812,760.6870789498136,False
312.29419000411366,13.448300575962422,12.808090548349483,544.4100301788072,False
481.6977231921833,14.34291655460162,20.002137897938432,316.9530103133926,False
19.83488691108592,6.66299196414942,21.13199523561488,835.5191983019705,False
403.3981898130256,18.59768730020386,10.54694873138766,543.5698703092528,False
104.22161921624868,6.401207765622818,12.485205770351254,1010.6056203732912,False
155.19097902343515,14.425967527695482,14.845038011493584,418.77565852762064,False
371.3425466735279,2.277449421720662,16.60575660215465,263.5762272901219,False
289.6813692877668,13.489716161232442,17.526143977383132,345.42825532033345,False
131.38818485556715,1.9715722473999135,19.03018846830018,86.13592619391252,False
98.48191911239344,14.921281961215328,6.663957208158502,287.03743458693737,False
309.20382079639995,10.861613322461425,20.078634027632237,819.0406151589145,False
454.7075722237856,16.07196565832683,10.734912470985858,164.8685386770687,False
377.9268232178337,13.2706253394432,8.718193171504916,499.2423164730211,False
132.6190201006517,8.809400430045368,14.260532787162784,61.20390690514056,False
435.6253522982493,8.899726966943117,21.66450945266668,902.6906641589388,False
13.70580873928964,18.82133939724399,18.41403607151509,903.91390789055,False
309.7431656548326,1.0297369986379852,21.72034035609662,465.2650338185447,False
48.50346360596016,4.865982107454321,17.527307863404097,927.2242737798877,False
401.40378552909607,6.461771633047752,7.359460638231463,545.2436948606781,False
108.9081915402447,18.63545986416508,6.485660888528068,327.7755257670654,False
38.31247488821965,7.459465412071715,9.012840398673704,267.7670021388694,False
129.30632532238664,2.3496628918360405,7.823454193907859,868.1292263409789,False
,0.8991974500697568,3.792018365171016,7.768491814285682,False
495.6726268071185,12.075595079281,15.228926714212092,359.9871793422431,False
131.86999356793865,17.05255560734935,13.326404722033145,983.2110596789104,False
493.44876024983495,16.90527292878239,13.115404429733372,529.6740333388018,False
75.40518648381246,16.5288009320515,8.288991243574438,497.185357095247,False
50.36671235176292,4.140405312716191,13.113176017110856,632.5208814769704,False
54.24198732666007,9.954456180565126,15.714164494137233,301.2169106728094,False
184.42661253911817,5.894537186340715,10.4853560408226,70.00803446433932,False
253.26596465409688,9.55111414909828,20.91627014273556,512.7237877400405,False
183.7648572439805,5.766967868130948,20.728574161640875,194.9074559255422,False
190.0918669228504,7.556591164751441,18.0772393337973,1026.833800636893,False
153.48279798347272,5.203535232475216,14.55679146049908,131.23521172668111,False
50.06192565494723,15.077177066889355,7.744217850254859,68.70289695679821,False
284.2278549085879,17.244506371668013,8.866622692642414,179.63144543222597,False
24.6870590376122,8.395378962143981,17.833298835547883,985.035075651748,False
42.58317100972097,15.827146347848627,9.267873701894862,911.3739966169478,False
53.414210543012445,1.4504473192458494,8.34573280576005,1041.974934246683,False
84.49217803303758,1.1954054227781483,8.699991014371673,65.59925774428103,False
99.09423393147932,11.115992963229123,16.264071700100025,514.52907691004,False
274.5789938374742,5.52478641964823,15.164324426991133,509.2758150971097,False
192.61737333603384,19.07832349335896,11.492407825031172,375.5995813649289,False
84.74413102798806,18.25007708181277,7.128570201487305,147.72847211863825,False
200.70882257973992,7.92728083575326,21.18369067275202,380.4635751256752,False
487.64864945192375,17.917780827167242,21.464935030088704,405.2089616827749,False
416.0813794844454,16.32166872742395,18.245813821728653,553.9033456016726,False
354.99908636861954,16.095795345324227,17.522519374895044,285.7614497634451,False
22.564612245153487,19.94752009816845,9.725736910017508,163.21968897576977,False
282.8326186045916,11.863674688918122,16.52963548890387,615.6189210313642,False
401.7110954654309,1.072578530513079,6.998901236444485,843.7617997065065,False
224.9215554028993,18.248931763787148,10.600179190140144,558.5543086581813,False
214.5313915429017,4.082434709867108,10.35127295037118,430.4093513545332,False
283.3138745113122,16.122601355726545,14.809130152661828,1064.3492061580516,False
179.37696882869298,10.883227953904273,10.99503578510607,939.9354816918494,False
126.0665738974962,16.625243012521732,21.962756212234545,736.938079497638,False
88.73387289718228,13.381155449068254,19.4216617904651,822.8309087469946,False
349.0286468694197,16.293228759987336,15.3694029419618,161.33419299518624,False
29.278334927569727,6.942781794996727,11.65557107297153,354.5703721291519,False
217.8687845310184,11.596467698750834,19.321788373218094,488.3154799788622,False
376.6472482879926,6.95361043411772,19.739169939913182,802.6235993994234,False
198.0781464471916,12.08179545393858,18.34937656368176,528.9112174977472,False
437.1739476301788,15.563785941119107,12.479497398019015,543.7093621406319,False
218.78085810628204,10.528841246653162,14.59641077868861,892.7991966439162,False
311.8328706274877,3.7822888754535056,20.63747439762648,781.9518920895028,False
477.4250027312678,1.6587350678031831,12.334995619135196,131.01439081461126,False
160.06427418543973,3.858973149113952,19.14354004441905,591.7411338636448,False
434.3713058552001,10.698217291080413,16.010910596181642,881.0224852471315,False
79.82281602174149,7.338939520900447,21.038789966171343,837.6797817432624,False
51.89918011868936,1.7138507175792403,20.573220234981044,479.1895676619741,False
411.36013566035786,17.3901689518344,18.3159459657134,63.08755871034597,False
135.82051818304888,3.798235707489728,6.550029733627603,682.5088270784566,False
21.582907162704835,4.708163827154358,16.402994663130453,648.5486237939516,False
29.95711313629537,8.29293877785461,6.873046532523183,823.1595291858672,False
409.1416129133772,10.002386739560986,7.08167599155813,268.1367139647097,False
93.05144587618533,17.70059910536308,8.59076810611542,456.3513098574575,False
335.1988710276976,8.229836487527997,13.601605451067527,241.86021548171584,False
68.6834445914331,1.9155342354726284,17.280654501657484,315.0668856119269,False
365.71828264641726,9.7468071528366,6.411034317910531,289.26638685516235,False
14.787715235399991,17.7686376586746,20.25824146869615,693.0151069669662,False
300.86030224148385,19.17919649420144,16.84357185922113,987.0057097559531,False
127.00080142646814,1.2871030000750256,13.59630409669842,66.52726488802693,False
3710.409685301863,0.2310810165498729,4.367777881135444,20.224281317992407,True
287.2086623579376,11.228306921858556,18.26155540967444,312.02938269390955,False
72.91320183252137,11.786819040690036,7.056884925154561,802.0320751550281,False
177.12251201462666,6.800902857237895,12.443259535912963,662.0736828502718,False
86.65415090883216,9.014735392237796,12.48676520222648,719.8218579579518,False
389.8150834469461,10.209229455470892,17.025402459971673,1042.0473731461484,False
8177.922207146213,0.6328801259888396,2.532749999542736,9.66149256423894,True
39.92820032888324,7.844444457208129,18.941221175866943,242.64827101328876,False
382.7846738222797,4.871562723426093,13.65645391871236,390.7505978997695,False
305.68981075687515,13.521862792512415,13.590958626354784,947.0858988654182,False
107.84015325759628,14.885598334633864,12.351874595319586,961.6258566200032,False
315.70895978290287,19.393451247563934,11.665032997681504,180.29931598877775,False
432.55821728590513,5.2945509585039945,18.160088719393578,112.94112338222466,False
251.33366997124327,17.19301361343245,20.58142704125809,215.84088801382225,False
190.4716699483557,19.58874095408028,12.7027779966867,82.50414046576599,False
263.4618376563886,1.3152571320193598,11.465126192505087,180.0250632076673,False
368.790194340685,12.87260789253298,11.440070176958274,846.6082995003276,False
115.75230347345315,1.6977058875156017,8.423128350965717,118.6694058239232,False
365.1357180490931,19.62700607790152,21.517101834140558,507.7937100728869,False
406.5869661844717,2.9802712533586058,16.380246178550173,402.7573149239354,False
300.5917237515242,7.570315869798074,16.662516875118705,159.14711142748058,False
494.0149049052948,8.729291218082746,13.349498489503302,599.3005901651817,False
210.85339595118123,8.465007068970401,21.154446976101674,365.4038872437631,False
234.54391634084317,6.6057734454289685,18.21907630960513,285.86094466448367,False
417.74574719929353,18.61510194831012,9.345557833433828,945.6314130545962,False
164.54937891652622,18.69954337188014,12.00514153236822,57.41566638078525,False
312.7451476985948,13.8209397411808,9.820028337376383,495.5627318729619,False
382.9017555620695,14.34077582745476,17.476190013852104,333.005237125703,False
467.59875858867343,1.2732474753696157,11.13173731698514,790.5368850850355,False
384.1668391382828,9.029954743258571,18.15717853485421,685.3454502694316,False
5318.77480241276,1.624865421488093,0.5398122405541778,13.673978038043352,True
95.02701234338925,16.227469748236118,17.39552328283454,108.34497223979042,False
219.60883553057252,17.45581703862214,14.288166902017569,224.49576371955268,False
138.5093817069143,1.4786748652253578,13.147623499242249,494.3900274362867,False
388.4360119504632,2.25418703866459,18.778492485706185,500.8005169707499,False
484.5595010212481,10.160509879476995,7.131145730949859,387.78265334856457,False
28.133741010591383,4.780850640229299,10.844402052351477,740.0449309972264,False
220.8498885007367,3.7139973314723056,13.68895905338029,618.2399843301105,False
,11.987669588986853,9.03800526553472,753.3178600079624,False
119.97588019996373,5.598419519636667,19.8411375900063,1007.9735626796552,False
69.47934489810915,7.8886361346227964,13.134185917756923,435.9214293669934,False
451.5674251405846,19.638760185091016,17.87634227603659,553.2669099864194,False
134.77392083424428,1.3334949039659492,19.12405310311824,734.4615086696892,False
7861.787323306452,1.024144093368898,0.3482293387413282,12.509792399582148,True
206.3738998289097,9.295669605606555,11.0192499961145,596.9636501273004,False
367.21351234008375,17.54099007587413,15.205746770065575,67.44460153882177,False
185.49973183609185,10.264928383677006,18.98985798416608,121.7136576892881,False
242.24120372880745,15.731576857659576,16.32349721351462,320.0158979978532,False
219.81781131355123,3.3940385294158912,20.85688852630617,585.7833445287704,False
191.8089938624553,4.842829429966164,10.122111980216468,531.3860218185332,False
220.207073413759,1.4835074382092666,7.235000483623487,380.9498906693065,False
210.38694276299225,6.219898984870871,17.553057027260564,800.5643205976094,False
53.46424154095725,7.034149109961216,11.923714970953228,889.5689766402811,False
80.06592420588957,12.455914653109769,16.840732882940415,798.3433523216942,False
284.85960605233925,19.006072493324943,20.178740704895887,39.04779121667813,False
144.0770664780163,9.345001423744629,19.91253874903968,438.07015901546896,False
413.0742747232325,4.932858990330109,15.053608965011946,1043.563062805922,False
38.2037924081557,6.495650667480436,11.04581989225788,494.4150614335679,False
439.5602653025891,2.374013029900833,13.336296994992246,840.4713718412764,False
111.14642316269556,15.421100367916688,18.70296213522962,633.1338673773566,False
,1.4528151262765092,1.2590735100456585,9.17595700079526,True
221.5131776525429,15.583784941840449,12.134354256932143,284.92887570427933,False
,8.554635192504541,11.351080433889663,248.52430719361945,False
361.8803073509823,2.273314217272989,20.84393172920652,1090.190045430879,False
35.224588112494786,10.390036497755698,17.663027201682517,695.722503611153,False
498.3520501662136,6.59776853057767,9.949712441531728,1016.3955305315774,False
267.33005799685947,2.18873200216958,13.47617593612004,449.2712085800027,False
287.5382737454796,18.994722675061865,21.31415732063674,733.4002532531192,False
6195.490766861994,1.74797381431918,2.9466582247386404,26.06268746558516,True
18.9339655114172,16.5225042381649,17.321929371848565,150.19392411909178,False
394.7362210825767,5.942998028278972,19.18960715598959,309.7706830070611,False
400.9286879407309,10.281417020538202,18.259927564166063,958.202727128034,False
446.35836756254855,7.840958852118589,17.871643672223776,467.2876125587539,False
264.9507734428587,8.735023293386925,16.702024496650964,183.8248556251576,False
121.36211735894422,17.738487107153492,15.092297860300294,388.7428020412176,False
447.3539092600891,2.5858176147982825,8.292503339242257,312.2753610908867,False
314.822483111658,10.05230274053204,18.128646736179466,968.5398421676074,False
480.924455560033,19.067643295548415,6.689601743173185,120.96003419080256,False
468.997694481,14.188860896686789,11.231056389386804,240.54017281692924,False
67.5878609207814,19.883119389094265,12.443831755949292,312.46837646534846,False
477.8839875249651,16.652017300204598,18.95480058025423,116.76970106428313,False
2791.7489872696547,0.2207178726054453,2.740107486145676,14.41124769488929,True
223.7019992763052,13.597896644265026,20.663826417848227,213.986543969358,False
,2.187999619114069,6.899588717615556,598.7484605629593,False
301.73865848682146,7.81299076897259,7.738920629995073,106.3981410910076,False
499.1902805825453,5.398029061540664,6.717768922043472,981.8695099664712,False
53.36132600544055,9.783615659011536,19.094086796472563,532.5761737512171,False
67.90076553461157,16.62602509969729,6.992662671304869,669.5695281398318,False
253.415760840993,17.336098821421267,17.22398562344266,157.96961055343735,False
295.1659869380554,18.0178207747568,20.043990477802,503.3711765463474,False
46.5298154030877,4.129420715213622,16.781422372320073,143.76435750665,False
386.4539727936139,12.38184715585725,14.037949119553527,751.1048807945813,False
5526.039547530543,1.1966795182028669,0.1416872519169232,25.89282801307081,True
96.94009704015636,8.0957009575214,6.119410246675511,39.79895597102912,False
335.8679705276652,14.246978256283098,6.820215346815971,534.5685565278604,False
52.59094116283761,4.968771756098111,6.858156664333293,124.5435293083878,False
22.04758906481274,10.55951697847926,21.72715007287521,174.32547034220306,False
76.82202303751718,1.9542942178155016,20.076038436709496,225.7607272981329,False
250.89177880724785,15.272382908359944,13.081237534925046,293.5480750133009,False
457.0580393521786,16.128587560286,15.651926762944475,780.2857227784442,False
426.7850472561785,15.960353508294324,15.976084979957395,501.8375751164463,False
15.310449225346195,5.139958530844812,8.28090488052985,365.0358295859808,False
435.27996431481085,12.151793624619234,17.455755096667588,739.0603875643476,False
293.40958933314045,13.250159722959554,13.645877678610171,1084.5869993650538,False
221.1348865942849,16.682897618355014,7.479192272593066,203.06081248028013,False
98.98288123269856,17.221913512388674,12.678316517266367,806.6408652889099,False
218.3546171899244,8.047879154997538,6.793694533591724,685.5635437007357,False
45.321324639349946,2.96203516862592,21.6390109472642,205.2195215983452,False
410.43887809859575,17.55288516299799,8.053213795020232,869.2574342973985,False
204.52094336639888,12.687453670282796,21.403721341778223,537.9963898777564,False
335.94663814113807,2.0990445394960515,17.584467020366738,1024.1296870910926,False
464.8760956679855,10.9074680918282,20.955678647812817,676.1527550980542,False
243.2646970775588,10.428916304764869,12.833680725765491,531.4194866246814,False
350.7789312780325,1.9877976875764425,16.59708661663332,1053.9097204066006,False
302.73242006345106,18.72557238882377,19.52063438234628,51.42963377352385,False
140.14402086846596,5.719148947026204,18.12442496600253,767.5900320826246,False
410.7148116299031,8.509926993191998,9.3722095908785,923.7564699870238,False
262.9871706675857,2.6547625691196584,13.62942204372999,430.6428492396476,False
289.3299733437888,7.021985168031266,11.675656907683402,920.6502484541198,False
440.47262503766046,12.584251077899705,6.974488691762923,957.3989885400904,False
495.3475195803299,8.116504853382306,8.96442960533664,123.87148921119362,False
49.31453537420468,14.550930782369736,17.605945603757718,292.3608833130515,False
25.4772109645646,9.235972422357056,18.53602404140654,167.42377546723753,False
222.5873081266068,7.7406545448837,19.221452975202983,908.1106793369246,False
403.0765205694794,5.913795862872737,21.66642488160985,385.75850906725697,False
267.0105808894248,4.785090222987009,7.801447464467111,97.36488047709376,False
422.02707391870206,18.06934286509666,9.760500780990698,581.9025061522627,False
468.7158393387827,10.831480683345784,21.96399022416321,689.8554613608475,False
7093.543314863534,1.9501109058731376,0.079190354724371,1.8459493886481595,True
351.4012110284338,17.293684415564393,7.138490862046556,594.5057412611856,False
46.16031672034544,3.4823945326457952,12.694232534053336,580.7454649913295,False
313.8356504049716,9.929777095000794,6.158571127858458,921.2595446713208,False
,14.5869030643903,15.923757583377927,302.6625493105114,False
301.5881860431249,16.940949226642203,7.975197852965682,827.3358666423053,False
228.54282874939832,17.55686664962623,15.55699805329139,691.9052863620595,False
144.33872661430487,5.36670779015475,11.684543587790762,253.01815035667929,False
18.928694569259367,17.06648289680823,12.187312912703646,390.3617772103549,False
43.24015896153424,7.721994015992284,11.814462911990832,434.61936987454544,False
328.9299108331251,3.7170213306488016,16.73224040708857,220.4657379608063,False
21.403248510554675,15.990718038495071,19.42634572913204,911.4049283368482,False
189.56615208698497,12.263963429654092,21.7978955569952,752.7729999256454,False
475.7016271975138,12.185898920495076,18.483402376570137,481.9562077471209,False
307.87349546878784,17.100370680856102,10.129722290774636,676.1241292057484,False
301.8629828978437,10.841250026539,13.328457865341898,277.1636854274658,False
434.8454330999998,5.083340103691521,17.73056605018879,380.72716051886704,False
402.0347746625882,13.871323353337594,13.877872779219985,883.7493581704061,False
18.12803617464952,2.323181815085709,21.79737853727273,696.5208726562302,False
321.1958889251455,13.894729176778732,18.796533831132532,321.45469994135243,False
420.7810653084575,16.284306945910593,18.96257743935524,100.992718761821,False
491.36552228521714,6.460782332846015,20.18208579136227,944.5633914840028,False
42.02460699148176,2.282548386992617,17.64209820319502,602.6421169493847,False
189.51730321390892,1.992899706434452,19.21703495277257,135.68811313946026,False
481.8341688664141,17.42851951530466,16.01687534369282,207.6736357720299,False
,15.891437007198038,19.72695862395726,826.2491931617013,False
387.92246987611344,5.537128016249246,12.864997908842655,374.14965640257935,False
71.08471378960076,13.665409101885766,6.211661006484704,43.6550567287952,False
481.9790443258996,11.3174670951956,20.073623947388192,846.1641137936206,False
477.485003356774,13.512269797731044,8.749271365722535,230.7523432272726,False
274.9112095889522,10.740686793171912,18.08213787912313,546.809080594892,False
475.6163033721932,6.510865107286301,19.051926090017936,398.0854798793408,False
288.29316297078844,8.686020325903524,11.153080563131676,113.6410985743306,False
228.1995749513061,15.456175287684852,15.223822450237854,591.5861038591489,False
468.744000659408,19.94646472415606,6.168211592666456,488.2869958651463,False
90.1914120041952,10.197464324493833,8.685033530336458,889.7336565324567,False
57.37146032689262,16.05930145097356,14.743621776406023,989.7541687264836,False
215.19755719711583,18.498895900834945,13.205606172492685,902.6591159793148,False
256.2921756215442,1.9147138835887156,14.903434197581152,1000.5790342704752,False
498.3814583879586,2.754850034116192,7.561760609743866,482.16982665304266,False
72.766915719438,18.71854268996693,20.18552706403837,675.0696910897676,False
476.3877748573871,12.8676669141761,9.865620422972208,359.7578776530308,False
485.2558275593772,2.190410865651736,12.270569007102544,900.980508347993,False
179.39103681692052,16.06971460593805,10.661777165403912,366.4716508407032,False
397.45435077109215,19.442854362785138,15.467471502278409,450.4697562653427,False
51.82025784694632,7.43835233743628,15.530877186584473,361.7605984498951,False
143.3511172426817,11.50143443865236,11.46625780304963,285.54558246566734,False
,10.640826835638368,10.433107995414394,415.2832521975327,False
37.97255948376428,7.848109715688236,6.8265177138342565,908.7686425794112,False
320.36784069010747,13.431558494174276,15.614592090545376,317.2757261555619,False
498.4683834045142,5.769026281983705,8.259185016594959,508.0267044193832,False
377.3293975540331,2.948791289088206,12.195570259363311,1023.0528369718786,False
492.9687225141943,2.912112091947133,10.071701305892164,229.52433276303017,False
2327.825777999124,1.325226482516481,0.1221344147031661,6.214136591357186,True
399.45753873540775,15.120670775900464,17.227812382036113,646.1705878775125,False
399.6412354366648,3.1629294760554267,19.258446497892628,590.1331044000543,False
244.79912003856816,16.250165934705663,6.818648103127615,917.0316785548994,False
17.57374209914504,17.25822578291325,12.596475645306649,836.1270900602697,False
85.63773048435914,15.705836184902488,8.213945515528906,891.4343440707471,False
389.5802302787791,19.424749023161564,7.414351474348134,143.94569315097385,False
161.6685319803006,11.897050077655893,10.610952415352472,535.2926365344173,False
350.56726214069107,2.499848655984556,10.85976073960159,1012.2577808900178,False
39.531021241884815,5.357949763715775,19.34919673199037,423.3925196754531,False
427.5689351560847,3.1089638770349817,6.322205583188637,585.7498822000266,False
63.77073735197672,9.169194775816612,13.004240879810055,979.7885251480428,False
313.5980978999365,6.350704800007003,16.505003238394437,602.3088378227056,False
358.96781846029256,14.806748849336142,16.204386269529465,853.074688849226,False
264.35007471674686,6.443871429615336,14.299965553835351,608.1652109642575,False
302.172240456206,8.948343417943322,14.519534526142358,332.7670278866642,False
72.51434836982625,8.9135842061737,8.692457416123405,475.13646103478976,False
335.80674499873686,9.708148297163934,8.98544154997068,376.7439061327472,False
322.40316096405445,13.478821989761586,15.695951476336408,249.37741616072395,False
339.5340434777488,1.5881600274675272,11.3659456994794,841.4601101663984,False
,2.3005585987543187,14.096715078589384,44.52643581521334,False
151.42897108772533,13.87330308172011,14.088332667575845,734.8812325089809,False
476.187637681262,16.27229291918603,10.160768644038942,1037.142316959107,False
475.4809801356104,18.949988916878517,12.86639187133315,816.2847186593976,False
49.860902514530885,3.928755820391255,9.850728236114447,593.9532999989171,False
410.7387659257606,3.9201298140398864,18.98603223111765,395.25934348058325,False
88.77234906367102,2.0673454696013414,8.367333345750493,787.3447351212794,False
349.29371414894115,19.077451687598742,10.986446666474382,234.4973072808655,False
202.3218426392756,10.010845398562118,10.65402966770532,233.9364398771472,False
423.64351999490657,17.302442149137356,21.46595553433772,743.1359882124563,False
381.5489660052211,11.514052605245665,10.871846789664486,423.003885017899,False
103.43698312519662,10.613200246963702,9.072257355840588,378.2622084483488,False
386.9593978842565,15.383914179273884,19.31825666723053,813.7905419486646,False
472.0257549171344,14.667718825014012,15.49538212327558,49.20089454124154,False
315.41608214550337,2.238887233949349,9.733325162389226,1058.2765829200262,False
324.0286249535752,16.275211643497883,9.30908629013434,351.2702873371736,False
194.36719691014872,2.095304061781473,11.34708342676976,97.7355297423542,False
,0.1128975306448205,1.677786008483286,15.93289775695949,True
410.80384181834046,10.330818858280136,21.754471641453435,85.34389450970696,False
281.5472212327388,12.429523706696656,12.93910930112608,953.5170408161948,False
332.8038496882515,16.82377715897715,7.410150895627064,431.30331857953627,False
349.1590574301246,8.077669699515852,8.085126930757374,991.7489455541788,False
257.8854526533884,11.82125581177497,6.963631118404759,454.3798816463133,False
28.82891099153925,8.59085690715176,16.43649780509514,515.1093054084695,False
316.0851487385892,16.593227054568807,20.86021473928788,994.8303258414716,False
59.72105600435573,6.3207092614593,15.36901966069283,305.36348577686186,False
196.09503228782265,4.736418114106216,15.108879750595232,256.68534163085064,False
83.58281040035041,5.079221861803753,10.24273185893369,614.6131385917945,False
245.94595224114957,3.19249820139943,21.46729824029537,1003.7725714398048,False
148.19694055994017,8.052276045314924,21.356656326477605,623.4732024841073,False
369.471046475087,16.53074909881608,15.111956136297216,204.58728281516093,False
4058.923667213072,1.0401740675806983,0.2926830004002506,10.79469190531057,True
5181.079885862024,0.4443754855479487,4.299272451675609,10.2004012770413,True
438.20613800563245,8.01633463409528,18.88155699265816,969.8572868975654,False
5845.184226499272,0.8643598883450054,3.0685398477187364,2.498884717422823,True
263.85859545701953,14.47933842804552,19.602123754960587,994.7296003492606,False
492.1490475003158,3.0015642051453306,8.427886607248839,1039.0108179336798,False
72.7424610893085,5.596701925995062,16.747341747904972,233.48117840387147,False
9682.130867936532,0.295978845668886,0.0533506350308138,25.72072768361432,True
229.81920916772583,19.3491969865752,14.276354716068967,32.50005966883761,False
493.9839709706554,12.35569737135136,21.559382240446435,566.4317257178785,False
317.5034592411911,3.827123418697197,15.124591019702248,40.70003482339565,False
498.59100507727845,12.600388345293066,8.890520660980851,876.3159804037518,False
62.514285556490265,14.547874962052056,8.196800523449124,710.934162578056,False
383.5197160405417,11.182766498190244,17.09404061630164,43.595179241560686,False
7487.010200691717,0.6670562561807449,2.944680112812739,22.56278381948154,True
188.49223191355696,6.24722159859709,8.925014216627615,601.7549910252885,False
207.46028759492916,8.215278935467031,8.664056752792241,1057.3953599523109,False
9380.5792392464,0.1900897086661613,1.886259928578477,7.230783586324945,True
22.439314273568986,15.826944557130751,10.79836148791258,941.5603269147322,False
7660.182551824342,0.677075318100469,1.0806790615546036,24.523715512494835,True
362.40887135340927,15.102810556782655,11.06331409399066,947.630571839437,False
180.00706892915156,2.812586268951002,8.681064628872104,257.41741394640826,False
90.49024098618654,15.201443725337183,7.925817219359777,519.5088833896301,False
78.48846454688186,2.248202320132949,20.640024603960438,389.2874184505028,False
436.2492174104429,11.73662093660237,18.311081270744907,538.1608904283376,False
78.24331560505976,18.43223101950781,19.783130976341187,31.521185379323207,False
143.89716822912257,14.915619932109204,6.935327795790032,1001.5511075727308,False
8052.308667962453,0.4772314318495831,0.6351678798661586,6.180237425874686,True
433.7139643649761,19.958596257957584,8.892562408998073,926.3204646420731,False
371.0681350226493,16.962053490344797,19.14942916404644,187.72735053789071,False
270.2730687205057,15.891026770429493,6.788711884230663,546.7972184168118,False
493.2432647950054,8.74409996290252,12.705591566673364,861.201762374865,False
101.41784178513984,15.033351704514285,16.736207688526555,191.85889433486452,False
4056.948031989556,0.3406461584096685,0.9172894237943252,4.845515731657521,True
314.24860370606376,7.208108298570775,20.87045574158646,217.8786846056988,False
202.99355877053765,6.230476055585343,18.802201324033213,540.6195517295005,False
