total_spend,num_orders,avg_order_value,days_since_last_order,num_support_tickets,segment,PCA1,PCA2,segment_name
502.3499894257829,5,36.20410778110266,135,1,3,-1.2707609187865412,-0.7530533408444346,Low Value Inactive Customers
14744.49348570822,33,384.3809915346993,1,2,0,2.613344190265634,0.7229033747449243,High Value Active Customers
6354.346550816124,84,258.865533001633,6,1,0,2.3738305383445564,0.15330274921983858,High Value Active Customers
2783.610825506993,18,61.76490284735586,22,2,1,-0.3395853320242589,-0.5653279185094486,Regular Engaged Customers
3785.155103512559,19,81.71957167653986,20,1,1,-0.007015266366084891,-0.8916613463254639,Regular Engaged Customers
671.1241757952733,5,56.37818443748968,74,0,3,-0.8016739473937197,-1.3774963011563268,Low Value Inactive Customers
18456.653899288656,47,422.3459546964574,8,2,0,3.3955177793619487,1.1146710998877882,High Value Active Customers
101.40859467232562,5,25.022008590506136,87,0,3,-1.045186385989497,-1.4187934090691883,Low Value Inactive Customers
446.0601948803313,6,58.271992619371446,76,0,3,-0.8035601464306005,-1.3641144920117236,Low Value Inactive Customers
8564.563159885995,65,374.86620216133247,14,2,0,2.5565713434611466,0.799507849463808,High Value Active Customers
1895.2704592904925,26,114.660591342286,5,0,1,0.2704083820754605,-1.3030128757165942,Regular Engaged Customers
11155.743845534444,62,407.567096526159,11,0,0,3.1437842799478912,0.11233586455236698,High Value Active Customers
966.5293213666232,6,29.67726721262118,95,0,3,-0.952159383443368,-1.3299684150267859,Low Value Inactive Customers
1955.1085830732093,18,104.94142384304531,19,3,1,-0.3427527314791752,-0.09273830998366046,Regular Engaged Customers
579.725980521526,2,25.22609375293852,127,0,3,-1.2187299325739485,-1.2519078172194944,Low Value Inactive Customers
2041.959019631353,15,45.98569641559784,240,5,2,-1.7784227146661586,1.5327045083033726,At Risk Customers
2966.378186965748,21,62.2035052124395,23,3,1,-0.3832888473783898,-0.1122584039358185,Regular Engaged Customers
871.4613312988777,2,55.08362324072756,133,1,3,-1.2054252540975317,-0.7284399816606588,Low Value Inactive Customers
1000.7050446690648,17,115.39067632018217,303,7,2,-2.034855279781489,2.7796090875407917,At Risk Customers
1252.6151945857823,5,52.478469095914654,309,7,2,-2.5469733163191917,2.5570521147571283,At Risk Customers
857.1049120358297,7,101.80130288635232,286,6,2,-2.120460362660261,2.1643411716139296,At Risk Customers
4474.492671822443,10,107.5163350496625,11,4,1,-0.3327190421067639,0.31980647003117346,Regular Engaged Customers
17529.53743383857,42,141.94766661299235,7,2,0,1.999088439436028,0.3527422277731327,High Value Active Customers
1385.678318043039,17,66.99842605399185,133,2,3,-0.9215157619352996,-0.13237436433369956,Low Value Inactive Customers
1548.179152915055,15,70.0644012676869,211,7,2,-1.8462375712551693,2.2727741802018144,At Risk Customers
672.6147657864993,16,93.95197214511852,182,7,2,-1.6924430632904892,2.178682001585262,At Risk Customers
624.5261515751407,3,30.81573145538102,120,1,3,-1.2618360308311358,-0.8444534702218904,Low Value Inactive Customers
5308.767414437037,53,498.33255001174825,12,2,0,2.5352449390317,0.8548472664503326,High Value Active Customers
178.38349011619434,8,53.41920902968778,98,1,3,-1.0190369529875074,-0.8587779049972245,Low Value Inactive Customers
3159.941518863422,12,149.5480490704257,12,1,1,0.11522047161141742,-0.8494817235022845,Regular Engaged Customers
6327.387530778793,83,130.1436241409849,10,0,0,1.8999991317873586,-0.5637664889461769,High Value Active Customers
1520.3792271667453,16,76.38979542422945,297,6,2,-2.027936756549943,2.2569017149545822,At Risk Customers
4162.8926593558535,10,113.02087483291442,12,2,1,-0.10381308743405375,-0.502394357833155,Regular Engaged Customers
765.9137086902373,8,45.91269783962113,115,0,3,-0.9421705532064463,-1.1936550165987447,Low Value Inactive Customers
13968.499682166275,99,153.5408475202533,3,0,0,3.1022329044613857,-0.09680242581300448,High Value Active Customers
1231.3707062535857,27,141.77524891713773,24,2,1,0.02581315025686247,-0.34413541174486645,Regular Engaged Customers
4404.827656195075,22,113.796079331597,27,2,1,0.10444901798937843,-0.3189832480397749,Regular Engaged Customers
1838.8845371991813,11,101.21282630534132,279,6,2,-1.9177878022054122,2.2063552391911365,At Risk Customers
158.68413213444285,8,37.76174996808812,163,0,3,-1.230270117383077,-1.0278323942492582,Low Value Inactive Customers
1177.0158200924316,19,102.07292262458448,238,7,2,-1.7729526855193227,2.4887915403106042,At Risk Customers
10454.44403568941,58,136.91623449149844,8,2,0,1.599915338095059,0.2106034639866817,High Value Active Customers
8397.43662796907,78,237.1707457113041,4,2,0,2.2485234907639375,0.5325775283961642,High Value Active Customers
6793.913689074526,92,346.9054848389168,8,1,0,2.94951448701471,0.46285965930165746,High Value Active Customers
4516.473230248659,23,117.00960346109416,8,4,1,-0.013928471127137299,0.44687153287122466,Regular Engaged Customers
1124.892365994053,10,50.108518505160845,297,6,2,-2.300869267469627,2.124651047707793,At Risk Customers
2942.5173860973587,14,99.2451778607608,162,3,2,-0.9265413919647604,0.5199088781764862,At Risk Customers
640.5859598935203,6,28.35530896020655,178,1,3,-1.4440159749053376,-0.570260912682545,Low Value Inactive Customers
887.0715314942996,18,86.37809256777798,277,3,2,-1.5665979753998935,0.9453544295506151,At Risk Customers
837.1571624754905,2,57.05530426920347,81,1,3,-0.990920773141989,-0.9516972883072963,Low Value Inactive Customers
14096.43589489385,69,458.6441051896083,1,2,0,3.5943594444675666,1.196915406668908,High Value Active Customers
2096.86080939468,24,117.43038064090484,11,4,1,-0.24192205577035586,0.3752577195045459,Regular Engaged Customers
926.2688969792356,5,24.916827138615503,122,0,3,-1.1054805560265337,-1.234228076361913,Low Value Inactive Customers
841.4113457991652,5,50.9168592750446,67,1,3,-0.9002081718462146,-1.0007034706248088,Low Value Inactive Customers
4884.232980661471,18,136.64386675276455,28,0,1,0.4053611039691999,-1.103957506085075,Regular Engaged Customers
1482.2675431091152,29,140.13756495884445,23,2,1,0.08770008260160365,-0.32485637977296905,Regular Engaged Customers
15545.284383427668,73,228.6331058720116,5,0,0,3.0495481277544463,-0.07633857926877365,High Value Active Customers
1243.226975768334,7,80.32030108770608,95,2,3,-0.92636663855638,-0.3603444891722727,Low Value Inactive Customers
469.9189677389912,5,58.53996963550353,32,0,3,-0.6430218517715144,-1.5632284605918305,Low Value Inactive Customers
667.4340300631789,17,55.98730170255516,314,3,2,-1.8882989628877653,1.0158028961912684,At Risk Customers
4803.454249001641,19,107.45873823177666,23,1,1,0.19195798408637588,-0.7766390454168501,Regular Engaged Customers
7340.279606636548,47,201.1960671956965,13,1,0,1.449244343583489,-0.24582047196792864,High Value Active Customers
14779.418892539008,66,387.3829083346215,5,0,0,3.5176685267284276,0.21469464573247507,High Value Active Customers
4576.396814716538,21,64.12780492755059,13,3,1,-0.17645899173072604,-0.08825878285975715,Regular Engaged Customers
5772.1812687498405,97,494.5027983467261,8,1,0,3.585943613186133,0.8236616772016199,High Value Active Customers
14682.084438607517,92,146.67842565667252,1,2,0,2.7701212363682544,0.6712395016841413,High Value Active Customers
484.7407191285536,4,28.018980621136112,124,1,3,-1.2836110590673784,-0.8303420498436169,Low Value Inactive Customers
1634.420421172295,23,109.57507281889568,8,1,1,0.030463248520418554,-0.925250756456705,Regular Engaged Customers
12840.992440729911,80,390.5588130600913,12,0,0,3.594410133958919,0.3015657539956095,High Value Active Customers
534.3638850283631,14,88.24316440426267,178,3,2,-1.2751196306493422,0.4689468059726408,At Risk Customers
728.478715829441,19,50.01764476134652,265,7,2,-2.1501488011340166,2.463293572611547,At Risk Customers
564.9153656013812,9,49.54389832529323,158,0,3,-1.0992880588523115,-0.9964133014520424,Low Value Inactive Customers
10896.465870001406,68,228.2568768638057,1,0,0,2.506398734659873,-0.32089119830653773,High Value Active Customers
1926.6868055337736,22,89.99052068041561,24,2,1,-0.22969648177501695,-0.4864124776504271,Regular Engaged Customers
7615.496435074871,90,242.04172131172191,5,2,0,2.430161341861127,0.6248177166409608,High Value Active Customers
857.3027977762839,7,50.13711689027876,40,1,3,-0.7530360082877131,-1.1018791137506425,Low Value Inactive Customers
19595.158321286683,48,472.8057369027737,7,1,0,3.869019545462896,0.8716892442041326,High Value Active Customers
3618.044857124541,23,66.17642113521096,25,0,1,0.08985452719525916,-1.2921873889120108,Regular Engaged Customers
19260.71459614874,61,117.3603133192691,8,0,0,2.6815230044512854,-0.29330178769493853,High Value Active Customers
4010.866558230565,24,114.52898375257168,18,3,1,0.02545683754085959,0.05976606254491355,Regular Engaged Customers
3510.0218528734804,20,131.37662883195864,26,2,1,0.05603962460067198,-0.3336698413199048,Regular Engaged Customers
6650.778867915151,41,306.0944219456844,8,1,0,1.733001343589609,-0.09470087405496187,High Value Active Customers
2739.186944046947,9,81.03377318198126,260,3,2,-1.520266878128398,0.8507387047591113,At Risk Customers
2192.3519574920933,19,98.89918481070666,149,3,2,-0.8487925814568061,0.4775317326630506,At Risk Customers
929.234769263624,14,55.96042519436868,260,7,2,-2.1853041130418114,2.419236488863562,At Risk Customers
13090.133628734762,53,172.02690893971942,11,0,0,2.1374764071285397,-0.4606387128239274,High Value Active Customers
19499.82228565504,61,496.3717905829562,3,2,0,4.1190817191692775,1.4368301609345553,High Value Active Customers
1222.9686157398746,8,55.93967635266512,255,2,2,-1.6575635058179752,0.28636466873057087,At Risk Customers
17795.1418320104,90,251.69143398552015,2,2,0,3.484529033216997,1.0330216973407336,High Value Active Customers
1103.8421042542043,12,111.51881640375686,211,4,2,-1.411854713248363,1.0872997582478745,At Risk Customers
4822.605992919013,18,135.1174260852771,27,2,1,0.15691360805363083,-0.2867455844374688,Regular Engaged Customers
561.1273997912116,6,21.92744049573185,176,0,3,-1.3515638225981506,-1.0114349017529825,Low Value Inactive Customers
19576.73124081441,42,292.4581576225173,10,1,0,2.9569594937919907,0.3953495660850546,High Value Active Customers
4271.868096476249,14,114.0168223828166,9,0,1,0.2436197950036495,-1.3009076973813576,Regular Engaged Customers
7557.861855309373,86,341.11275280931943,14,1,0,2.8547166714003027,0.4515519101081415,High Value Active Customers
17111.60232746094,31,378.6005864908316,12,0,0,2.9764106383760693,0.003998324478781215,High Value Active Customers
1008.6818562439896,17,88.86165845480309,359,3,2,-1.8942379898287123,1.3046631066205223,At Risk Customers
1934.43100419964,27,93.08620915380334,11,4,1,-0.30244307163309275,0.3368151709573991,Regular Engaged Customers
638.5217358679829,7,49.945809365048,122,0,3,-0.9856219307059481,-1.1672769778922416,Low Value Inactive Customers
3203.429482436557,11,64.97039679569578,12,0,1,-0.14529268987094385,-1.4746713620574639,Regular Engaged Customers
2878.558052113915,17,115.1945433575858,362,1,2,-1.3691566472801788,0.6267470001229525,At Risk Customers
8331.617157060953,41,319.48612368296347,12,2,0,1.8199351885783992,0.43460993205129983,High Value Active Customers
12387.765407282955,90,180.69218493209436,8,1,0,2.7426777622133836,0.2625464742752724,High Value Active Customers
1073.9954018849216,18,53.2241828910369,331,2,2,-1.7886477362441977,0.6941920094771947,At Risk Customers
199.89052229213297,7,57.16912214527416,170,1,3,-1.3107938382052147,-0.5439174851356212,Low Value Inactive Customers
798.0506658327947,2,28.05248431289733,72,0,3,-0.9636274428162276,-1.4763024623585852,Low Value Inactive Customers
385.085509360774,8,31.03070273005428,119,0,3,-1.0598631284495559,-1.2270318100745035,Low Value Inactive Customers
2599.504016661067,12,106.7033560735062,156,3,2,-0.9442085583152998,0.48056476211930976,At Risk Customers
959.55446033649,4,40.85184190616556,170,1,3,-1.3668369716340178,-0.5802798849538047,Low Value Inactive Customers
1479.648432970065,15,100.83394493459774,187,7,2,-1.623704132929872,2.2397514306650246,At Risk Customers
2019.3817077391316,12,119.08173183963574,253,2,2,-1.2185303390034017,0.49676953809284535,At Risk Customers
4328.536711830968,14,77.11474365001848,9,3,1,-0.2696326809161548,-0.14627406153237318,Regular Engaged Customers
993.5351550991634,3,36.17158989019477,167,1,3,-1.391719565156616,-0.6122178429083417,Low Value Inactive Customers
2637.435048903686,9,66.8805647192087,239,2,2,-1.3868035276751889,0.30722074898012824,At Risk Customers
362.996407415708,2,37.97398968158568,166,0,3,-1.3421176141509843,-1.0596016430466115,Low Value Inactive Customers
2896.856866629855,20,125.24277626155724,13,1,1,0.14158548708280827,-0.8429507156363174,Regular Engaged Customers
1787.3333747831489,15,86.12912057037742,133,3,1,-0.9597413021661417,0.32555972188571497,Regular Engaged Customers
10495.427649405376,71,191.75789828197983,13,0,0,2.3217096193797944,-0.3456937861688548,High Value Active Customers
401.68724263378544,6,31.15039489658212,91,1,3,-1.1051472176523247,-0.95209963800493,Low Value Inactive Customers
425.6677838846248,5,52.88719547265693,145,1,3,-1.2466502640309964,-0.6721877473622546,Low Value Inactive Customers
7656.660191105734,54,289.2664804207569,13,1,0,2.000875032993661,0.041384373746826277,High Value Active Customers
10830.15934534223,89,465.26630090305713,4,0,0,3.932133988649428,0.44843662232026527,High Value Active Customers
658.8357107305881,5,49.61904527814077,106,0,3,-0.9608654794815897,-1.2548002281424928,Low Value Inactive Customers
6797.980510005242,96,313.76940149300924,12,1,0,2.8714843820338216,0.4360310472047005,High Value Active Customers
1282.2684855341204,8,84.3750167824069,147,3,2,-1.2142182907623948,0.3003691987685265,At Risk Customers
4448.510469061803,13,117.14246695306144,6,0,1,0.2664092092507515,-1.3084250638514838,Regular Engaged Customers
19308.928655038813,62,417.715779986585,14,1,0,3.8570181594886344,0.8825045078955802,High Value Active Customers
7928.644816970667,68,373.8286191519333,3,2,0,2.594261061149101,0.7508638857839512,High Value Active Customers
9675.666141341164,92,494.11442026620176,8,0,0,3.9872732599765346,0.5170480100801816,High Value Active Customers
655.3598645060212,4,20.587735546198157,124,0,3,-1.178953565891086,-1.2554427047206342,Low Value Inactive Customers
15979.909127171077,62,469.8573320894384,6,1,0,3.786736645808562,0.8433456667364676,High Value Active Customers
1873.0155514602568,13,97.91832294436,25,3,1,-0.5058948485184243,-0.13120212315932286,Regular Engaged Customers
9811.700974576035,52,394.9620824375276,3,2,0,2.5484224468619963,0.7332412952975013,High Value Active Customers
17431.06263727894,97,390.4483376287392,7,1,0,4.287541740928456,1.023940727985631,High Value Active Customers
1750.2818801915676,7,63.5159280813518,248,5,2,-1.9247653799753257,1.5273620372536336,At Risk Customers
2557.4595126044187,16,53.44945027194367,107,6,2,-1.259840848887179,1.4138329705807837,At Risk Customers
1473.5123474471882,7,85.47719188063519,202,3,2,-1.4322523887625378,0.5413687058460194,At Risk Customers
9272.607415662014,37,101.03800975345862,6,1,1,1.0343660660003111,-0.5314753452899719,Regular Engaged Customers
6830.573522671682,95,450.6645943703171,1,2,0,3.3690308066938908,1.124754107968268,High Value Active Customers
903.2709609593614,7,50.44151161003132,168,0,3,-1.1426781146184886,-0.9552088476232375,Low Value Inactive Customers
1881.9448362807016,28,68.45851295370329,22,3,1,-0.3180076520544516,-0.08167767445624237,Regular Engaged Customers
7995.106732375396,54,203.97994514170503,2,2,0,1.590884880838288,0.21462108643503455,High Value Active Customers
18160.090300714717,54,251.50905038051573,6,1,0,2.898825770394141,0.33037217592073637,High Value Active Customers
2212.8357746862102,17,119.34183047833996,298,2,2,-1.2789446155733248,0.7455781534397646,At Risk Customers
14502.94566141342,66,446.8859924298893,9,2,0,3.4910407921545876,1.1926247257544949,High Value Active Customers
901.232247716022,9,22.498303744762858,76,1,3,-0.9725546764187959,-0.9921686912231991,Low Value Inactive Customers
6262.0994749257325,36,107.29699257134442,6,1,1,0.7452751993421326,-0.6429576628335962,Regular Engaged Customers
2553.470907251736,8,62.27765831420419,201,1,3,-1.1621018301982537,-0.29554449045240044,Low Value Inactive Customers
2754.435071365572,8,95.64997218832464,176,2,3,-1.0177482456771227,0.0977254523914016,Low Value Inactive Customers
1098.347665835206,15,128.79019882922648,6,0,1,0.027541493045647902,-1.3935050502517428,Regular Engaged Customers
701.0242149037658,9,22.507584864874637,142,1,3,-1.2579442845890505,-0.7122699611871544,Low Value Inactive Customers
776.0796585277567,15,93.13613704574286,111,6,2,-1.3001177706790117,1.4485344887206297,At Risk Customers
369.9272003562862,6,20.005387720179414,96,1,3,-1.1764431801131623,-0.9584490779852688,Low Value Inactive Customers
2852.802031334184,9,49.85860605730599,103,6,2,-1.3710757133557696,1.3370370443327868,At Risk Customers
1105.055199952193,16,104.00587456614944,221,5,2,-1.523791853379754,1.5622000137179088,At Risk Customers
1146.7791053886024,7,59.70288150484252,252,4,2,-1.8967160575467625,1.0981667357313256,At Risk Customers
106.8976293843028,5,45.79330416089255,53,1,3,-0.9381278400808145,-1.102816379153757,Low Value Inactive Customers
14467.079389958944,74,247.6921926039585,14,2,0,2.769766124730695,0.8033038306417472,High Value Active Customers
533.8369523008743,7,47.11252801240177,132,1,3,-1.1683087922929547,-0.7207850901325619,Low Value Inactive Customers
129.8704191061836,5,31.982627118154955,33,1,3,-0.9148716399338871,-1.2224394416274516,Low Value Inactive Customers
687.0018335909252,3,37.309165440788185,69,1,3,-1.0223529139550434,-1.048652606092789,Low Value Inactive Customers
763.363711203333,10,98.3571015865331,234,5,2,-1.7548425621296322,1.5385272743763725,At Risk Customers
487.3846692888912,9,20.17453078601236,151,1,3,-1.3252409868020363,-0.6870220433169882,Low Value Inactive Customers
1583.956981581536,18,96.21121646865832,241,5,2,-1.5505877299745725,1.6670726986769937,At Risk Customers
4509.843450521521,29,105.66370579367172,22,3,1,0.12082703398914857,0.11976628075757277,Regular Engaged Customers
315.8867014803502,8,47.07285195429583,32,0,3,-0.6472098625671999,-1.5702581496021075,Low Value Inactive Customers
4303.26700225905,16,111.71557833956469,23,3,1,-0.13908237771132842,0.015072986839854955,Regular Engaged Customers
256.3854338221694,6,28.428198554688127,115,0,3,-1.1078829036299753,-1.2735647223456095,Low Value Inactive Customers
1046.4821596324025,25,51.76878096132573,9,2,1,-0.36020001266150525,-0.6518043901655974,Regular Engaged Customers
2899.6570067836383,15,100.13409376183354,309,6,2,-1.8584434978501274,2.411562650250204,At Risk Customers
3400.082192477215,18,106.44410906788823,26,3,1,-0.2224151152547888,-0.0021036023583846566,Regular Engaged Customers
17946.551388133903,41,487.1895061759293,11,2,0,3.492039057746202,1.2109874674922945,High Value Active Customers
1586.0082975165244,9,95.25438169184054,194,3,2,-1.3065806041097465,0.5522776465788407,At Risk Customers
1860.634915284244,17,44.41780165944228,316,1,3,-1.5890915754530865,0.21557766287886151,Low Value Inactive Customers
885.4784556095152,4,40.80679569243004,150,1,3,-1.2937832081358485,-0.6704676809167405,Low Value Inactive Customers
2670.3231031397136,19,102.30847245817849,17,2,1,-0.13569543603565903,-0.4847915553813636,Regular Engaged Customers
4756.270794051585,27,114.25759689471896,24,0,1,0.49354147723458436,-1.1004159089329977,Regular Engaged Customers
2646.9106983736806,10,109.5684865979822,286,6,2,-1.8506518518849622,2.2797391722395695,At Risk Customers
4044.095963771996,24,63.91980246175298,26,1,1,0.018192828512602857,-0.8538947809130883,Regular Engaged Customers
1973.634973711743,17,118.0949579990467,264,2,2,-1.1709328244612882,0.5850053591642033,At Risk Customers
2647.0419279203866,9,80.81187043650587,252,3,2,-1.4980696218871117,0.8117273237345464,At Risk Customers
1839.1414983689465,6,49.87206521644772,301,3,2,-1.968539075453521,0.8923790038915611,At Risk Customers
353.3690785734369,5,42.100038696315565,130,1,3,-1.2398589168467016,-0.7664412221824111,Low Value Inactive Customers
678.5937190528368,3,52.32940840036888,48,0,3,-0.7539592295600871,-1.5180979437144533,Low Value Inactive Customers
981.194444213639,3,46.3416206268022,99,1,3,-1.0752925259452248,-0.8845724237263604,Low Value Inactive Customers
1756.5781065753265,18,78.27968930047695,183,6,2,-1.4972951312552274,1.791537825669862,At Risk Customers
9563.633644393069,31,123.14555910308296,3,1,1,1.0495831528025406,-0.5331551239062423,Regular Engaged Customers
358.424162276118,6,41.720983358306526,80,1,3,-1.0195433923986799,-0.976224834897591,Low Value Inactive Customers
1635.863557669138,16,68.29573492645872,145,7,2,-1.5593654547416713,1.9931202660008982,At Risk Customers
3751.542889203253,20,132.18064439010868,13,1,1,0.25551011343015273,-0.7927879099072379,Regular Engaged Customers
2331.833686965413,8,71.6769270998084,232,7,2,-1.987702569593444,2.336608854127311,At Risk Customers
660.0158665215523,7,61.709277083120845,119,5,2,-1.5203122509532632,0.9180453590779392,At Risk Customers
7412.12077126248,95,296.29951170351376,10,0,0,2.9643941999820873,-0.013571745479769822,High Value Active Customers
475.98488134758975,2,59.22957374333718,167,1,3,-1.3633312012726841,-0.5856825592722236,Low Value Inactive Customers
13200.654190149196,51,399.8313199904288,7,2,0,2.866322953670233,0.8860367031113339,High Value Active Customers
2068.113080677685,25,94.27169667795272,5,2,1,-0.06045240025253294,-0.526699033040903,Regular Engaged Customers
614.8437790323708,3,34.71143951024612,96,0,3,-1.0294412686697978,-1.353880124892913,Low Value Inactive Customers
6618.371404899567,98,464.1885113613092,11,0,0,3.6664213178439558,0.3917035238047054,High Value Active Customers
2252.848986043684,16,53.71473413684342,299,7,2,-2.1816461204157327,2.6533531161851154,At Risk Customers
3620.967922556087,13,126.6656135200406,26,4,1,-0.33409258275631953,0.42472276153039024,Regular Engaged Customers
979.1202956595934,3,45.61904168703376,68,0,3,-0.8338718724129291,-1.435363964623798,Low Value Inactive Customers
2535.3142139779047,18,83.77900163365145,271,4,2,-1.511532961964444,1.3911984374450428,At Risk Customers
2266.574674696774,15,117.93981233158048,266,1,3,-1.0711954571586515,0.1731871223223376,Low Value Inactive Customers
3467.7076735029686,13,95.68586448803686,10,3,1,-0.2983571911979608,-0.1396316517333289,Regular Engaged Customers
1712.7366499488503,19,114.2706804509046,228,4,2,-1.2676912806429859,1.254091764088187,At Risk Customers
4186.149163904705,27,116.63068858350395,22,3,1,0.09602500451869317,0.11580243065296046,Regular Engaged Customers
788.4866054472934,19,113.961797498552,192,2,3,-0.9750897918824869,0.23261676022249714,Low Value Inactive Customers
1598.0265031242934,9,117.61882755319014,306,7,2,-2.1396347722503983,2.7502890899776196,At Risk Customers
740.8126182977027,7,58.29792076152385,107,0,3,-0.8791666155068433,-1.2085034183661894,Low Value Inactive Customers
9070.23547660844,34,334.05981293018874,14,1,0,1.9263344117808474,0.031315024382752944,High Value Active Customers
4083.687378576208,15,81.37276911940961,16,1,1,-0.04356915497141971,-0.9338281636636439,Regular Engaged Customers
764.764511009394,15,43.38738230179071,336,3,2,-2.0618826061503377,1.0673115559110842,At Risk Customers
297.161928191672,6,35.80523630446013,56,0,3,-0.8345121072129044,-1.5113524248922583,Low Value Inactive Customers
639.0806573594895,4,56.39772575417568,138,1,3,-1.2024811404804934,-0.694775015494542,Low Value Inactive Customers
5678.409333658071,37,313.73851001178525,13,0,0,1.6896385588559713,-0.5418660586451074,High Value Active Customers
1025.5434868673344,17,118.01319311034514,12,3,1,-0.36972764466585156,-0.13693156534729764,Regular Engaged Customers
499.042012941269,4,58.03090830925352,85,0,3,-0.875885325272853,-1.3411750312567188,Low Value Inactive Customers
2607.723654436969,26,134.7167361372574,11,3,1,0.042985382721133086,0.04090868720304117,Regular Engaged Customers
18458.2363692999,71,103.01374525362988,11,0,0,2.7299944416911055,-0.25731873086424095,High Value Active Customers
5953.375254290355,30,335.98235885505443,6,0,0,1.699842454652872,-0.5701724582115555,High Value Active Customers
3606.66730150354,29,52.28938249761202,17,0,1,0.18185436106856745,-1.3076810862132886,Regular Engaged Customers
1469.232755849578,26,97.82340230480722,25,1,1,-0.04449833474771052,-0.859297968636789,Regular Engaged Customers
14349.471902413368,30,135.36328934625865,10,1,0,1.5243987714254807,-0.2949302099859597,High Value Active Customers
2184.113543687269,9,62.35327073408576,109,4,2,-1.1672737316915458,0.5395448817796844,At Risk Customers
717.6944770174877,2,39.50511238668844,93,0,3,-1.0067156569250457,-1.3602559457788352,Low Value Inactive Customers
236.8938549000456,4,31.431342221034807,57,0,3,-0.9035729640549509,-1.5376901983918443,Low Value Inactive Customers
4799.844735800902,15,69.4558323185301,25,0,1,0.05914218553858952,-1.3091961381776591,Regular Engaged Customers
18388.384977349662,45,379.0670294787727,14,1,0,3.257752924541966,0.6020689084822843,High Value Active Customers
8739.383437233124,68,436.83656600748384,11,1,0,3.0332658330957756,0.555699368643982,High Value Active Customers
4081.629671231173,23,65.93040206189804,21,1,1,0.030553907181910492,-0.8782607521210519,Regular Engaged Customers
1269.4024058750867,20,97.48865435062186,22,3,1,-0.41410926581664154,-0.10667781365106084,Regular Engaged Customers
1329.5241824633708,26,144.2387019102233,24,0,1,0.2657889636340808,-1.1709076774497635,Regular Engaged Customers
4480.39549560372,11,94.44194527512016,10,1,1,-0.004588476796270821,-0.9484894709196834,Regular Engaged Customers
742.6293800201707,5,47.10169069835813,115,1,3,-1.119635974748071,-0.804536027521533,Low Value Inactive Customers
367.5140269377555,9,32.70347181044467,100,0,3,-0.9577485978468182,-1.2976134667351755,Low Value Inactive Customers
4936.33387679718,15,64.89918559701947,27,4,1,-0.43480727221553017,0.3491893044676375,Regular Engaged Customers
18870.404274178443,41,325.7834170090565,11,0,0,3.126939864209787,0.029815577092012636,High Value Active Customers
2370.889634164349,17,72.22206665863199,147,4,2,-1.098356292474219,0.8074467317119624,At Risk Customers
1168.5050696438534,12,48.80506273608922,208,2,3,-1.4239149428921225,0.09769741509763488,Low Value Inactive Customers
315.5591529185843,5,32.65080598917227,47,0,3,-0.8301904831087582,-1.566371270736282,Low Value Inactive Customers
186.88102317589676,4,39.86781691271786,39,1,3,-0.9195644786330223,-1.1839123542015257,Low Value Inactive Customers
18308.1911386449,90,422.0178670077448,8,2,0,4.245009276980884,1.490394219045781,High Value Active Customers
6405.121517421387,48,382.8920382577778,12,0,0,2.2846016752393257,-0.2530776576601058,High Value Active Customers
2892.8396267662283,19,145.73228878945872,18,1,1,0.18925177643366392,-0.7807425577425492,Regular Engaged Customers
2707.4845620744327,18,44.84839261719279,341,6,2,-2.184111843598346,2.4367587316602473,At Risk Customers
16197.37107677036,74,487.1976266016937,9,2,0,3.9923979271473895,1.4273100793967328,High Value Active Customers
2676.3174156734603,15,115.88023545745558,134,3,1,-0.7481333617873579,0.43649260933092476,Regular Engaged Customers
15082.03321108818,93,159.09563676249067,5,0,0,3.1068207784158264,-0.08448690220883927,High Value Active Customers
878.1072485704029,2,32.85982804991528,125,1,3,-1.2683573224115323,-0.8167004300082585,Low Value Inactive Customers
1643.0395841932327,12,56.99316057094342,15,3,1,-0.6847761820468253,-0.29146722052163226,Regular Engaged Customers
16922.169553124724,42,281.70718888763986,7,1,0,2.661744031400739,0.25253602545274073,High Value Active Customers
1116.9891321382363,11,84.3560474775704,19,0,3,-0.2950187515410102,-1.4789336763644991,Low Value Inactive Customers
11602.28740609402,44,133.09936801412246,1,1,0,1.562611926079114,-0.32255645332428723,High Value Active Customers
2078.5473030459407,7,115.5732585736876,353,4,2,-1.9709625291459894,1.709737643235687,At Risk Customers
9382.169728028271,68,255.30735359594888,9,0,0,2.4419296293570882,-0.2799230887308216,High Value Active Customers
1892.19610793024,16,88.02251684224296,326,3,2,-1.6982564882034925,1.184436670416161,At Risk Customers
3327.8856076575958,23,143.64491738836605,28,3,1,0.023431143089522433,0.13804865696108357,Regular Engaged Customers
671.2041459285473,4,50.58111178618871,40,0,3,-0.7098819610280492,-1.548589177802204,Low Value Inactive Customers
12661.209538663486,80,239.0476857930734,12,2,0,2.683800870106462,0.7564620281691881,High Value Active Customers
18306.29636397676,38,122.26139574279014,9,1,0,2.021940628641779,-0.10508985080903101,High Value Active Customers
1132.7538479490215,12,91.12257271319366,165,1,3,-0.9519594355496342,-0.4028239867814363,Low Value Inactive Customers
17231.92142682251,92,207.46899281012293,1,0,0,3.522656830458272,0.09000904699045052,High Value Active Customers
524.0511090395332,4,48.90827830792914,90,0,3,-0.9328830884715521,-1.3404230876120091,Low Value Inactive Customers
3779.9275445061694,27,71.17553506654784,27,0,1,0.19977583107315167,-1.229507857542687,Regular Engaged Customers
349.1328770121752,6,38.89127216651927,141,0,3,-1.1583524762174973,-1.1313434722556344,Low Value Inactive Customers
561.4009533607748,6,22.32367808321399,63,1,3,-1.0147532655732432,-1.089218779167297,Low Value Inactive Customers
2040.75121481431,8,89.87822644154372,279,7,2,-2.1271040232841774,2.5740455135289775,At Risk Customers
2512.725796239157,14,73.29744470762795,180,5,2,-1.392953830906253,1.3465989474891276,At Risk Customers
4378.197594140282,18,78.86855955306382,23,0,1,0.1267038698431699,-1.2850040288445492,Regular Engaged Customers
1218.6541622431253,10,90.64581227996104,228,6,2,-1.839085163321671,1.92539055765841,At Risk Customers
143.3285523805181,3,21.874076341104125,146,1,3,-1.452371805156907,-0.7715134241760047,Low Value Inactive Customers
2608.315419469708,11,108.23855962644733,195,7,2,-1.5935579163606213,2.301061187730118,At Risk Customers
18613.497108891395,77,283.73872317846894,10,1,0,3.529161499969288,0.6478325731497416,High Value Active Customers
16564.507699318416,55,321.92624341689026,13,0,0,3.1573738125398267,0.06354669814511459,High Value Active Customers
266.797161575843,2,29.87295476807609,119,1,3,-1.3171672858332484,-0.8739654991771064,Low Value Inactive Customers
2685.428009108281,18,97.66954750411593,26,4,1,-0.45040936707330453,0.36260725552950984,Regular Engaged Customers
656.3157393571144,9,67.80056659401448,303,7,2,-2.434873864401211,2.5801354230958804,At Risk Customers
17486.639612006325,76,253.680732551688,3,1,0,3.2968780566259044,0.49181287128411316,High Value Active Customers
670.6936282386981,7,22.094200807498897,135,0,3,-1.1548601654320452,-1.1765826056302084,Low Value Inactive Customers
4315.661896602709,21,115.05116477917156,7,4,1,-0.07834020413312992,0.41215151354208945,Regular Engaged Customers
894.1747315666048,3,40.45101848803005,119,0,3,-1.0698505702111305,-1.228843846796152,Low Value Inactive Customers
758.3468413063262,9,37.932762214776886,143,0,3,-1.0699263907925225,-1.082266725935399,Low Value Inactive Customers
769.2345245589038,4,34.74828683459181,161,1,3,-1.3756174386561126,-0.6416867061007918,Low Value Inactive Customers
2123.305811442204,6,46.118396439945045,91,4,1,-1.231139827843033,0.39283925878783965,Regular Engaged Customers
1920.035349150812,25,93.81723464119877,18,3,1,-0.249230330368942,-0.06308386317182153,Regular Engaged Customers
1647.351291492051,14,74.83149169405885,342,7,2,-2.3635381672395677,2.850316146771187,At Risk Customers
6118.259655196563,45,209.8927188103635,1,2,1,1.2547474361302435,0.0711367486297412,Regular Engaged Customers
328.95242275766225,3,36.66017727615516,172,1,3,-1.4750765901758303,-0.6152254741684007,Low Value Inactive Customers
12458.727588385782,31,162.7910730864775,10,1,0,1.4768898410758615,-0.2937511001193298,High Value Active Customers
3503.565505748036,22,106.34389273484588,9,0,1,0.2960416827413935,-1.2783384194781848,Regular Engaged Customers
5075.92375769328,56,490.026865178057,6,0,0,2.8009320763697096,-0.001452225478976962,High Value Active Customers
12341.791404163445,65,312.5063015894136,1,2,0,2.71142263097824,0.7399813720178745,High Value Active Customers
392.5936138885291,8,23.54418855878716,77,0,3,-0.9222835452130026,-1.4278945285797442,Low Value Inactive Customers
1880.7328077992452,28,81.2271786048796,9,0,1,0.14901191670216252,-1.3490688943573368,Regular Engaged Customers
904.5907390070834,3,43.54926088525279,172,0,3,-1.2688755455410488,-0.9899227992058031,Low Value Inactive Customers
2584.968075610635,28,61.23043444112192,21,3,1,-0.2760288484346215,-0.07599935253312957,Regular Engaged Customers
6396.541517088488,82,473.47672950394985,1,0,0,3.402870641274989,0.21960217280237146,High Value Active Customers
13979.87726295555,96,467.6462861114638,12,1,0,4.240786074716149,1.0882682626908406,High Value Active Customers
756.4199064589745,16,73.29162941124854,161,4,2,-1.3289523187479513,0.7990455586637839,At Risk Customers
815.1204508301712,2,24.07569552264054,145,0,3,-1.2730256308629406,-1.167017086188542,Low Value Inactive Customers
843.3803914372736,2,20.354531404538758,75,1,3,-1.1243514688343812,-1.0662026470568513,Low Value Inactive Customers
853.3370127186461,5,33.952821358779175,118,0,3,-1.0575937020922406,-1.232703615369277,Low Value Inactive Customers
632.527446075693,6,24.214596890034255,105,1,3,-1.1687230415258454,-0.898789210385706,Low Value Inactive Customers
1469.565224792328,7,55.13112800183877,92,2,3,-1.0006171779906983,-0.4253782896609262,Low Value Inactive Customers
15621.088666940685,75,217.79757873577196,14,2,0,2.774473957844278,0.7851485308897074,High Value Active Customers
2983.502940315083,19,103.53581018426608,17,4,1,-0.3394543219593793,0.3580805917893919,Regular Engaged Customers
1085.5084273158354,17,81.7562402782851,276,3,2,-1.5831152357542626,0.9287053864954147,At Risk Customers
12801.020317667162,91,250.6955879751763,3,1,0,3.1253173259347853,0.434783283667788,High Value Active Customers
19803.30404900776,42,182.89105960322257,13,1,0,2.4948557266049547,0.15279584788784897,High Value Active Customers
698.4864131283957,9,36.11493130530548,46,0,3,-0.6930769803470406,-1.5118325181215848,Low Value Inactive Customers
2920.1645301268973,6,56.86251594837506,322,3,2,-1.9166944647216275,1.0430598031168843,At Risk Customers
3147.8976915736544,29,67.47734428273772,6,3,1,-0.11323795878723891,-0.09540717367900504,Regular Engaged Customers
2121.26205029672,18,109.09131370372928,127,6,2,-1.10314612062089,1.6360610694134925,At Risk Customers
19233.2830588,74,153.2740500894999,13,2,0,2.8353295775206537,0.7573655570679494,High Value Active Customers
2148.152532699651,21,73.08291891540121,14,4,1,-0.5005061556253336,0.2566145399345372,Regular Engaged Customers
2009.0930013984375,17,79.53181365103062,152,2,3,-0.8827093198604202,0.005077664275993344,Low Value Inactive Customers
2308.6195446250026,7,87.74211359693517,270,7,2,-2.0938690410048757,2.5312382564342855,At Risk Customers
1854.4024106689085,15,92.1212546663114,340,4,2,-1.8807206325511734,1.6588227368925825,At Risk Customers
687.8465114781548,2,40.02497072281671,144,1,3,-1.332678052745071,-0.7240188503900584,Low Value Inactive Customers
848.2361629471388,4,37.35269678306118,87,0,3,-0.9387463553446206,-1.3687206408122856,Low Value Inactive Customers
1120.9590218580188,19,118.02986217171367,286,2,2,-1.3033612749962236,0.6651952063319237,At Risk Customers
14864.19338450515,99,394.4988734793953,6,0,0,4.216870562725369,0.5329537071722891,High Value Active Customers
371.1387346840003,2,22.173281392916152,118,1,3,-1.3360736912022824,-0.8928318823614849,Low Value Inactive Customers
4044.111610008112,19,108.04750067166746,6,4,1,-0.1714536273589815,0.36248694080060617,Regular Engaged Customers
7173.423081368346,50,403.98216357503424,7,0,0,2.5114270681611166,-0.17614278921797402,High Value Active Customers
1036.016207482911,11,115.26186397516008,247,3,2,-1.447551169324138,0.8278890903089045,At Risk Customers
1274.5171883061726,11,43.59691532732409,188,5,2,-1.7352957974083294,1.2346936236845545,At Risk Customers
3721.997208298853,28,137.33366617238477,24,4,1,0.031795992927618366,0.579073734254095,Regular Engaged Customers
1685.637552442384,9,101.03146684434913,95,2,1,-0.753343391040759,-0.27526983696009527,Regular Engaged Customers
19106.87876529372,85,342.44075242233544,13,0,0,4.099563807549828,0.4791997417413406,High Value Active Customers
3720.5630870412015,22,127.26227274493826,25,3,1,-0.016634419373542875,0.09188547857769495,Regular Engaged Customers
547.8224160932175,19,102.85144828233018,328,2,2,-1.59424284885863,0.7892319140212899,At Risk Customers
8593.428360004586,65,194.44661324696173,11,2,0,1.7937762885992365,0.3520353186011821,High Value Active Customers
4348.053313454688,14,83.72271327554203,9,1,1,0.0006060280864183666,-0.9572249456519308,Regular Engaged Customers
304.4616013211634,7,22.640393765609662,130,0,3,-1.1683751020782762,-1.2113782164690967,Low Value Inactive Customers
1606.363787036864,6,102.14426657119104,329,4,2,-1.9987584695232026,1.5453493779816123,At Risk Customers
793.0097642005835,17,87.1958306241447,319,4,2,-1.8814782414362612,1.5316765841273923,At Risk Customers
2137.934286310845,18,75.33971933101657,120,3,1,-0.859056471574352,0.28322642890058525,Regular Engaged Customers
1118.8994256997162,7,50.234953960942654,205,7,2,-2.1107778031446345,2.110839532345662,At Risk Customers
6465.081710095758,45,332.4650484723305,1,0,0,2.057034352054612,-0.44708566549625023,High Value Active Customers
2263.6520757087155,5,53.60923338474252,162,7,2,-1.85081643185244,1.9585149334127063,At Risk Customers
4535.143539853703,14,58.703896258765866,14,3,1,-0.34881634649788107,-0.16084357922194556,Regular Engaged Customers
732.0328894284978,4,39.71458337789787,86,0,3,-0.9359619361882804,-1.3719214454957167,Low Value Inactive Customers
2418.488630563106,21,121.54909070992744,14,2,1,-0.025178172335394752,-0.4434866558012028,Regular Engaged Customers
2033.229212218448,15,94.67630219260072,251,4,2,-1.493769809979304,1.284017841032945,At Risk Customers
813.5689771304554,4,29.109989444128384,104,1,3,-1.166053440048884,-0.9020353601473075,Low Value Inactive Customers
2039.2143242566392,20,87.8476423485869,21,2,1,-0.25604803729921216,-0.5180455980871865,Regular Engaged Customers
796.4916901571407,4,46.655416543128254,127,1,3,-1.1847106525022673,-0.7600888673510651,Low Value Inactive Customers
442.3604940733687,8,29.04115991263999,94,0,3,-0.9621465679185267,-1.3385739076008427,Low Value Inactive Customers
373.55176111665145,8,23.07448301104654,137,1,3,-1.2876876870138267,-0.7543913812648962,Low Value Inactive Customers
703.6590807152506,4,31.240179956348545,109,0,3,-1.067890051129262,-1.2932271394527957,Low Value Inactive Customers
4379.13291246755,14,110.63709444333756,15,0,1,0.21543675236157195,-1.278717633060137,Regular Engaged Customers
1798.061426950513,6,67.01194415993876,154,1,3,-1.0669642264556864,-0.5363121974057097,Low Value Inactive Customers
2203.8542677872647,10,80.08531083532552,29,0,3,-0.26697852103748804,-1.412050173015575,Low Value Inactive Customers
670.7279244661631,5,50.644637311823445,45,0,3,-0.7096594968835174,-1.5177675607701488,Low Value Inactive Customers
839.0784542952039,2,59.04055293116854,116,0,3,-1.0031835734498422,-1.2080923255085971,Low Value Inactive Customers
2370.9608741905786,14,58.463572314122544,284,2,2,-1.5298335006266086,0.5171017729460672,At Risk Customers
1441.8964525255788,27,124.68757161358226,25,1,1,0.0887423297581232,-0.7866268455578305,Regular Engaged Customers
538.9003617591379,6,40.01604582840805,100,1,3,-1.089681104319875,-0.8861015449054537,Low Value Inactive Customers
14177.793420835693,72,167.87196155822622,14,1,0,2.4769195070185943,0.1676969484314629,High Value Active Customers
2738.3652228829237,18,41.64166517834602,326,4,2,-1.8946656042420078,1.5371727535875914,At Risk Customers
162.67703334616516,6,23.105973386864203,119,1,3,-1.2760605730200303,-0.8588067653555378,Low Value Inactive Customers
2840.7015536723165,16,118.9383281200679,277,5,2,-1.514288276978196,1.9102159813504822,At Risk Customers
2166.1576188170893,16,106.1294676401991,270,5,2,-1.6076262490752167,1.822409776425344,At Risk Customers
2721.223579597851,17,57.9965394359302,22,0,3,-0.14225390503266322,-1.4134200333625864,Low Value Inactive Customers
1852.418816100333,29,131.873500407427,22,2,1,0.09249078916205981,-0.33469297124918257,Regular Engaged Customers
731.563707628418,11,45.32220865686842,94,3,1,-1.162906571527921,-0.019794218432608278,Regular Engaged Customers
442.3780067568061,7,44.826419192983366,45,0,3,-0.7169310831033034,-1.5229577997806862,Low Value Inactive Customers
2182.1791714952,9,111.351448260525,114,6,2,-1.2162220740657579,1.5072092866056233,At Risk Customers
7772.816832882905,87,257.19577959154367,3,2,0,2.4586184039861463,0.632157749710054,High Value Active Customers
870.1635330152077,3,36.28425956502511,168,0,3,-1.2874702113226597,-1.026242709139353,Low Value Inactive Customers
13863.394147823628,91,436.28399435117245,9,0,0,4.12550384739757,0.5366414311620019,High Value Active Customers
2921.3433292497307,8,75.4447489864337,204,4,2,-1.4410145487279928,1.005197938638359,At Risk Customers
1133.1809588067877,19,93.60260302460534,185,7,2,-1.6003696316401712,2.235596017532088,At Risk Customers
3712.0646102362543,17,109.70469168956916,27,2,1,-0.08192763313230654,-0.40039994217240293,Regular Engaged Customers
14563.362070328198,45,355.74454278969694,13,1,0,2.7852338496752744,0.3918658419979267,High Value Active Customers
504.9803380476757,13,72.52454270464834,338,4,2,-2.130049152840963,1.532259137258467,At Risk Customers
2062.400170354824,27,75.56449978092724,12,3,1,-0.2495004013047914,-0.10995165924012058,Regular Engaged Customers
9715.3397161449,98,379.05674859738536,4,2,0,3.3922460492470625,1.1044313229268412,High Value Active Customers
676.2298641078617,17,62.55352343237833,190,4,2,-1.4797630430985227,0.905295610566315,At Risk Customers
8978.035515225882,83,134.91607183587018,8,1,0,2.069273458077181,-0.04350093434706894,High Value Active Customers
586.71437948699,7,20.76464377719056,134,1,3,-1.284738271049229,-0.7736019160148215,Low Value Inactive Customers
2255.3652404545737,17,84.34699794722759,360,3,2,-1.7951722121284428,1.346864931083753,At Risk Customers
538.4872292282712,6,94.85604343469151,226,2,3,-1.4805858982345823,0.20934843842153258,Low Value Inactive Customers
16424.29422993076,78,153.2467714349913,10,2,0,2.6516703262592882,0.6699655088785583,High Value Active Customers
4238.064298899512,11,130.95299757684418,12,1,1,0.12092019985635062,-0.8611096502663098,Regular Engaged Customers
1769.5126598969478,10,114.81376693811949,240,3,2,-1.3693200883000989,0.8160792962124919,At Risk Customers
1427.9225553078336,25,83.35695494722003,13,0,1,0.037190049127674485,-1.3708678364163132,Regular Engaged Customers
10351.29990040384,35,402.8324808169824,11,0,0,2.500842334834553,-0.17060517853756121,High Value Active Customers
14501.056347656351,87,314.905366685628,6,0,0,3.5965443491358777,0.21992791693199418,High Value Active Customers
1088.494206115989,21,136.46861920335402,15,4,1,-0.33547174233050414,0.37255468144516807,Regular Engaged Customers
555.6394535456825,8,34.792530239487064,52,0,3,-0.7571064768727853,-1.5033457934771326,Low Value Inactive Customers
9214.017645310712,76,251.14021971031457,4,2,0,2.3487567119435457,0.5804421999001834,High Value Active Customers
893.7349824741796,7,58.24188574447732,97,0,3,-0.8241104645445115,-1.2462514454401443,Low Value Inactive Customers
3742.261148915885,24,73.25513583653802,24,2,1,-0.08310289414279697,-0.4380461105169074,Regular Engaged Customers
4195.132943094662,24,125.9344327922866,7,0,1,0.49678030852105604,-1.1949460583505134,Regular Engaged Customers
190.57373067118,8,59.91283422727913,170,0,3,-1.1598368152275462,-0.9426000138905258,Low Value Inactive Customers
4106.387411166967,17,97.93544401378516,27,4,1,-0.333732649948559,0.4142715138600753,Regular Engaged Customers
15836.78172892258,30,135.14724449706273,14,1,0,1.6535689399252083,-0.21986667734521273,High Value Active Customers
146.02184329789063,9,50.80632847028384,59,1,3,-0.8563201039625509,-1.0274660932418533,Low Value Inactive Customers
218.34020790818343,2,41.23750713648376,164,1,3,-1.4541351800447708,-0.652264905775628,Low Value Inactive Customers
12681.395874489215,48,193.28656461992048,10,2,0,1.8524884053552322,0.35355114009205213,High Value Active Customers
257.3932934583635,7,36.30172124129723,105,1,3,-1.1333695950893008,-0.8753867589381523,Low Value Inactive Customers
653.7682225628218,3,50.47192765510789,46,1,3,-0.8762714899225,-1.1184380834780485,Low Value Inactive Customers
900.913515299358,19,99.32820955614284,94,1,3,-0.5126027467245473,-0.6393415491702439,Low Value Inactive Customers
554.7833219375224,18,89.37750447023205,294,4,2,-1.7747021869940247,1.4275416968758015,At Risk Customers
3371.7597393668125,14,86.07725191105999,20,4,1,-0.4892628520879651,0.2997376644685117,Regular Engaged Customers
3832.688354581127,29,148.1236374344304,27,4,1,0.09723670107314347,0.6314163889319118,Regular Engaged Customers
281.814101562241,2,39.33629743892587,125,0,3,-1.1791395746719822,-1.2382120886720365,Low Value Inactive Customers
141.08387095214536,2,28.47976218794632,165,0,3,-1.4008314238403177,-1.0955553495909203,Low Value Inactive Customers
6738.035892876946,38,426.5542940852249,5,0,0,2.3324440029165787,-0.2540889987185879,High Value Active Customers
7797.777655997814,59,172.91355139038322,8,1,0,1.6339713857306037,-0.21130841692676264,High Value Active Customers
17270.221488837396,62,189.53962636252825,9,1,0,2.693168740416273,0.2301971481981431,High Value Active Customers
524.1584506583481,4,50.75691128430564,124,1,3,-1.1817226235406149,-0.7739127625135078,Low Value Inactive Customers
5381.286901161428,58,280.3641789664417,2,2,0,1.7437094179249901,0.33238235001920796,High Value Active Customers
671.1467983339451,15,53.28174589142886,227,5,2,-1.8293834672408464,1.4400540520149712,At Risk Customers
9569.20653760056,37,266.65562309539166,7,2,0,1.6534852852743889,0.29810477238835265,High Value Active Customers
15364.066071536989,48,359.5291361166304,10,0,0,3.0726406570231712,0.03206970397923068,High Value Active Customers
11406.616829393844,64,340.7741582163841,2,0,0,2.957024231404162,-0.06054065147708911,High Value Active Customers
137.82220765426476,6,34.31256336454196,117,0,3,-1.1022260486057744,-1.2552772686264442,Low Value Inactive Customers
7062.814162189899,81,394.72899015796514,4,0,0,3.0967120362761826,0.05974433365639129,High Value Active Customers
3833.451906860139,14,110.32194102133722,21,4,1,-0.34339495764581623,0.3806727480947475,Regular Engaged Customers
12713.516576204174,53,281.2963387315324,8,2,0,2.343711195670154,0.6029954714548635,High Value Active Customers
3536.022812398445,19,86.2944271845992,12,3,1,-0.2194096065792847,-0.09756602512971409,Regular Engaged Customers
4494.708456745355,12,60.89183418467314,9,2,1,-0.24356532538855968,-0.6105535204282859,Regular Engaged Customers
317.7044454329551,7,31.37096371710067,38,0,3,-0.7590021964634758,-1.5908268983814424,Low Value Inactive Customers
603.7801152745443,6,37.56599266534993,81,0,3,-0.8974429808595207,-1.3861356922255594,Low Value Inactive Customers
1500.7431688102015,17,100.61075548467508,19,2,1,-0.30629590574683296,-0.5436801302683767,Regular Engaged Customers
584.8316181574428,5,36.07115202617297,84,0,3,-0.9379566894805463,-1.3862986864123843,Low Value Inactive Customers
1919.8184235643448,15,71.19824909022385,19,1,1,-0.31222204870336434,-1.029910980776646,Regular Engaged Customers
1707.599243897225,17,69.71887549275473,322,4,2,-1.87898630142343,1.5383227138696958,At Risk Customers
18623.988289499808,58,469.6167036429733,6,0,0,4.085027391232808,0.49674157753294723,High Value Active Customers
8364.039641908397,67,314.0146928179642,1,2,0,2.367154486150098,0.6058890679782163,High Value Active Customers
4189.704086427712,21,122.4516851398618,23,4,1,-0.12324565577778757,0.4948378531937528,Regular Engaged Customers
1852.262509595202,19,58.56445917609248,335,5,2,-2.0448539652871593,2.0053361646818084,At Risk Customers
19543.769416468374,87,431.66568828260574,6,1,0,4.475645576614862,1.1127658769995386,High Value Active Customers
2094.2206172398387,11,70.03528877343301,229,4,2,-1.5859198810782082,1.0954543977226499,At Risk Customers
13653.558269395387,49,319.5687919555909,11,0,0,2.7483415276230274,-0.11801691621951606,High Value Active Customers
8558.736312452002,94,435.43302348104993,1,2,0,3.4531301258138143,1.1466596763087606,High Value Active Customers
884.0840340367469,8,48.283459090667925,88,1,3,-0.931537390066658,-0.8871764646129128,Low Value Inactive Customers
8881.699724000253,54,411.0409134940902,5,0,0,2.7983481359774163,-0.06546955233955366,High Value Active Customers
2308.60915588728,12,101.88421934919096,291,1,3,-1.2973182037772861,0.21837838133339307,Low Value Inactive Customers
8185.086660174142,52,394.84028233720767,5,1,0,2.499860939603393,0.264238197403406,High Value Active Customers
5364.739496471808,91,101.08435976573188,13,0,0,1.8290493607871587,-0.5873434887230569,High Value Active Customers
2190.065720131369,8,91.54053789206492,307,1,3,-1.4984941406947565,0.22295640378782092,Low Value Inactive Customers
4145.380057662209,12,66.63316077431422,22,3,1,-0.4254194454354555,-0.1398502123820475,Regular Engaged Customers
246.0100652042314,6,24.370568412384856,94,0,3,-1.0418372087337162,-1.3753073715223871,Low Value Inactive Customers
701.1279989232644,5,53.10075688425212,112,0,3,-0.9658587877090402,-1.218587193546829,Low Value Inactive Customers
116.20590004040903,4,47.304688848936095,133,0,3,-1.1530271786783248,-1.1727960049894386,Low Value Inactive Customers
688.9590346351674,14,76.8933521003128,245,7,2,-2.0582936734592265,2.3949863680248487,At Risk Customers
4683.391391262747,20,145.27975276012944,26,4,1,-0.008519882148657731,0.5734313249013097,Regular Engaged Customers
1802.0989068013469,26,127.67236304716928,19,4,1,-0.21870540731808036,0.44111268991145286,Regular Engaged Customers
17121.805693466253,48,236.625284182618,6,1,0,2.6118339593312494,0.2005034343327761,High Value Active Customers
15935.107520614809,87,299.2660746583572,4,1,0,3.5582369087738086,0.6433560225178383,High Value Active Customers
2820.880596327205,28,50.03325061204894,15,3,1,-0.2769452160380334,-0.11996033331355811,Regular Engaged Customers
286.2933205945841,9,46.065590419091066,44,0,3,-0.682650865888885,-1.5126457006767535,Low Value Inactive Customers
2391.2368316087723,12,77.45402540001254,29,1,1,-0.33956274407389403,-0.9794610699224833,Regular Engaged Customers
1168.3727585454476,29,139.67142898401224,9,4,1,-0.12863123603894747,0.4283833811679723,Regular Engaged Customers
2637.3360252601724,27,122.14220673287318,16,1,1,0.23152439475658182,-0.7852661670671288,Regular Engaged Customers
824.4160991572948,5,22.87103224906052,130,0,3,-1.1565235109000334,-1.2082754174678407,Low Value Inactive Customers
2704.2265296087703,14,67.7649894799516,280,7,2,-2.0404620208491706,2.6043108438657905,At Risk Customers
2411.101820188761,10,53.93947213163037,251,5,2,-1.8527803956276547,1.5698315409697337,At Risk Customers
1615.5836253594202,10,101.51751703337315,28,3,1,-0.5881498608983877,-0.14617452420611696,Regular Engaged Customers
1386.0623719826372,8,49.3609379886357,351,5,2,-2.416186314471035,1.9368362965229933,At Risk Customers
2784.4711096831484,11,84.76630835722736,234,3,2,-1.3547812988512473,0.7659637646540808,At Risk Customers
870.1264844537855,7,32.53391670340572,97,1,3,-1.0571653814165256,-0.8953995625714122,Low Value Inactive Customers
739.2185187609804,5,39.07373873271269,83,0,3,-0.9058105863998521,-1.377373771618509,Low Value Inactive Customers
544.1919223061068,6,36.54570699674541,130,0,3,-1.1049968494627351,-1.1773300623600989,Low Value Inactive Customers
839.4732079394245,2,47.70129726148432,151,0,3,-1.1929507148325054,-1.0828791073846178,Low Value Inactive Customers
13419.157963542444,96,354.657728648913,5,1,0,3.7268053907543277,0.7630835524861079,High Value Active Customers
2294.440876598165,29,110.84864126597913,14,1,1,0.1974437306415049,-0.8168702147180862,Regular Engaged Customers
1113.3807854155275,15,42.01898766786114,230,7,2,-2.0863748751661566,2.2708987452790548,At Risk Customers
2474.1053748950444,25,65.37911496680312,25,0,1,0.014220509681596716,-1.3210536626370661,Regular Engaged Customers
7339.91780504304,54,378.16444924265903,8,2,0,2.2531539912877756,0.6356328812799379,High Value Active Customers
3974.033025166431,11,116.96026161339618,23,3,1,-0.24947910433675036,-0.02959423322732465,Regular Engaged Customers
2367.4886641547446,18,113.49600455910333,7,4,1,-0.3369393624381176,0.3055574209067815,Regular Engaged Customers
1922.6792468710344,22,135.94157932805894,24,2,1,-0.03201497703021931,-0.3756456651987053,Regular Engaged Customers
19454.299656338797,74,182.0007240212949,2,0,0,3.2650121355125457,-0.04026461016700957,High Value Active Customers
1071.4957389336553,24,57.12802700551639,5,1,1,-0.2187435971683379,-1.0780498514042993,Regular Engaged Customers
17032.954711310595,81,200.57697580471935,9,1,0,3.0998522426366244,0.4164963219729661,High Value Active Customers
1055.9032618704257,6,85.85785555596732,139,2,3,-1.1182047146964333,-0.17138945786093993,Low Value Inactive Customers
545.3101026143244,18,96.64974679205002,197,5,2,-1.4736341205601886,1.4357214388329749,At Risk Customers
916.8499023008994,6,40.76129120518195,157,1,3,-1.278825071584129,-0.6210546819703626,Low Value Inactive Customers
331.8464983003497,6,52.2862214945953,130,1,3,-1.1779384474406478,-0.7338026055942384,Low Value Inactive Customers
537.7767105361876,15,114.00377402744115,333,6,2,-2.1274735817440837,2.457321864633622,At Risk Customers
2665.2390840292287,19,73.10619722566366,194,2,3,-0.9747629834395298,0.21608600654987734,Low Value Inactive Customers
2230.1841175609225,8,96.1990673270775,310,7,2,-2.2060569649056316,2.731843418231428,At Risk Customers
944.4743366036344,8,51.780621779629946,58,1,3,-0.7897312678870344,-1.0071478772132927,Low Value Inactive Customers
18828.11352534675,44,105.46878593079892,8,2,0,2.0057271074682217,0.33759518667744803,High Value Active Customers
544.7912025252699,8,34.34862101668054,163,0,3,-1.207027077176916,-1.0209761146894751,Low Value Inactive Customers
15698.671808344923,98,492.1850900369511,13,2,0,4.431836855230429,1.6506764115810888,High Value Active Customers
2026.3668875385613,7,114.5858206583102,115,7,2,-1.3817972487093937,1.9093346484184215,At Risk Customers
4770.927096540503,28,147.6725238662579,27,3,1,0.2873141761049379,0.24428542701011652,Regular Engaged Customers
1334.070989592164,15,119.71186349432443,185,5,2,-1.3087511940894805,1.4432466942020936,At Risk Customers
3453.645556842831,21,108.09320532627976,21,3,1,-0.12952491707247443,0.00884907933676369,Regular Engaged Customers
5553.304210317992,55,447.3204428142348,3,1,0,2.5358044794289922,0.30598453737684034,High Value Active Customers
2402.847261806841,19,104.23636649797383,26,4,1,-0.4297533058510956,0.3763024787821043,Regular Engaged Customers
283.3898132149202,5,21.578381315635973,164,1,3,-1.4720989881812538,-0.670504368329682,Low Value Inactive Customers
1994.1707067567577,14,104.8206869359625,147,2,3,-0.815417924539756,0.017071107479193652,Low Value Inactive Customers
19436.709424131663,41,375.1138868384332,1,0,0,3.435517101476924,0.12744581388005546,High Value Active Customers
2590.294258018122,5,90.1057881324956,95,4,1,-1.03185628940783,0.5258255694290095,Regular Engaged Customers
12871.346474483567,46,257.8087194432519,11,0,0,2.3448424301896518,-0.32435767486743355,High Value Active Customers
1556.8215922348306,13,51.07483946635155,302,3,2,-1.8542385212792074,0.9508419465860143,At Risk Customers
569.3011201392305,9,51.55729887104029,143,1,3,-1.149698631930623,-0.642936196353971,Low Value Inactive Customers
2241.074517590268,15,61.22960892815804,225,7,2,-1.8725776193541437,2.339565227642864,At Risk Customers
1609.7986362659449,6,96.534042694216,179,7,2,-1.778384238355922,2.119566558526784,At Risk Customers
773.9437032669758,2,49.5147807424612,137,0,3,-1.1352044273408608,-1.142091485363847,Low Value Inactive Customers
2878.726775441968,10,84.15017091369485,202,4,2,-1.3593697209549638,1.0336102313454294,At Risk Customers
4498.8066907367975,16,108.7061707701151,22,1,1,0.11103004781887317,-0.8165710296021815,Regular Engaged Customers
754.732752182342,9,47.5926753013877,99,2,3,-1.0913122365771637,-0.42322677126946595,Low Value Inactive Customers
913.2112253573936,10,79.26120053698884,362,5,2,-2.3378174177116247,2.056260138669816,At Risk Customers
1727.7393234579129,13,64.28991505150722,312,3,2,-1.8207371081048036,1.0330162038772,At Risk Customers
2693.3761328320966,19,44.44200262473204,107,5,2,-1.105005336721882,1.0102441509294071,At Risk Customers
3369.6311386380703,24,55.84546141085539,17,4,1,-0.40642991006548845,0.3025105165213956,Regular Engaged Customers
1289.7875511782354,23,110.25531638428647,5,4,1,-0.348157597531788,0.29133778651506326,Regular Engaged Customers
4457.432999358549,27,72.36144344963112,12,1,1,0.21196815760765636,-0.8517117173027656,Regular Engaged Customers
1365.9473495910197,21,126.9944700251679,14,0,1,0.1346623113286483,-1.2991575795765264,Regular Engaged Customers
2014.0947233085287,17,102.86501163746983,214,2,3,-1.031280687282778,0.33186550358849626,Low Value Inactive Customers
184.47155634102057,6,58.563136659604325,145,0,3,-1.1058481554011017,-1.0728576775238037,Low Value Inactive Customers
1494.0309463821764,17,85.55875873378031,191,7,2,-1.6639852636267012,2.2386591119115153,At Risk Customers
14952.526536620837,79,102.12000255904216,11,2,0,2.302706424292194,0.5022575927709003,High Value Active Customers
2241.447835694295,10,135.14486375512655,26,3,1,-0.3736191958871828,-0.04924909385677253,Regular Engaged Customers
3899.0670861150456,27,87.56722518817264,5,0,1,0.37072807559562493,-1.2811824792680904,Regular Engaged Customers
10618.101782710435,92,229.07455531103344,1,1,0,2.84571112367045,0.2974198159001223,High Value Active Customers
1520.3449605225278,24,59.29291443793899,25,1,1,-0.2458181952713812,-0.9680925831979039,Regular Engaged Customers
18945.4647851386,39,331.85997378869536,8,1,0,3.012417657620682,0.4303915313222129,High Value Active Customers
644.330398062793,5,60.21168244970293,217,7,2,-2.202997788755288,2.1508963705245803,At Risk Customers
4893.955876709588,26,126.85998047885084,6,3,1,0.25399481381369843,0.08953060005493439,Regular Engaged Customers
8659.844650686253,68,302.44158254373883,1,0,0,2.6063102591037937,-0.2292569753464521,High Value Active Customers
7727.37450810651,95,466.1017366676425,5,2,0,3.507626255491351,1.2145168584789874,High Value Active Customers
4118.337894267013,27,129.34072581478372,7,4,1,0.08462587717977749,0.4922780229650192,Regular Engaged Customers
496.2910765315141,6,28.128923643443493,51,1,3,-0.9478119247230238,-1.1300605475918506,Low Value Inactive Customers
226.02168779798592,6,46.29413928680514,70,1,3,-0.9725811331175719,-1.0139534076962569,Low Value Inactive Customers
14016.725176148131,96,186.7236426345965,5,0,0,3.181573823606167,-0.0327705767244584,High Value Active Customers
702.2802366442706,3,47.48077066012971,39,0,3,-0.7362927482427921,-1.5681085765057994,Low Value Inactive Customers
2571.3889947652037,19,81.82081132494957,106,7,2,-1.1916824574981395,1.919011479997286,At Risk Customers
4979.631290585741,12,87.35096830383875,14,0,1,0.13786179727546277,-1.3335932666536725,Regular Engaged Customers
7751.067647801507,56,483.4809629631385,5,1,0,2.9197993473339934,0.49680826358587943,High Value Active Customers
9848.04398031133,69,151.49935931985755,5,0,0,2.076488379667244,-0.5208416835955533,High Value Active Customers
2729.339204170408,27,89.10427630581745,21,3,1,-0.16181233296858394,-0.011960089681951632,Regular Engaged Customers
14677.591856141747,41,289.5879765722225,9,2,0,2.326966527137187,0.5974646796991643,High Value Active Customers
903.4070026384592,12,84.7012755699518,108,5,2,-1.25234641770578,0.979567707938926,At Risk Customers
18441.3694988524,61,264.66448574301126,10,0,0,3.2278913255166315,0.038967762228542126,High Value Active Customers
633.8994130966458,5,53.5735396942401,132,0,3,-1.0509594637676476,-1.132891364564812,Low Value Inactive Customers
7113.86337462144,69,182.01813140261,6,2,0,1.6954004207121107,0.2779567978067579,High Value Active Customers
14143.465009698451,63,133.80680307227277,13,1,0,2.1495798140931233,-0.00025621137776007073,High Value Active Customers
4554.9923194759085,28,123.19580675856344,15,3,1,0.2088962808236005,0.1244478462764254,Regular Engaged Customers
2473.232120799214,8,77.66938849785414,179,2,3,-1.1349775376780988,0.05640466660293588,Low Value Inactive Customers
901.156535678066,18,97.21491638241928,129,5,2,-1.1624155512744463,1.154576009671,At Risk Customers
818.1227436543047,9,48.88572941823624,88,1,3,-0.915297559624881,-0.8794103137862888,Low Value Inactive Customers
19484.48049611839,49,130.48015183966527,6,0,0,2.526592033180343,-0.36829482977808337,High Value Active Customers
2786.371659621397,8,113.253778580932,202,6,2,-1.523087099585128,1.9101370027879612,At Risk Customers
525.2440195058623,2,54.01392004479582,138,0,3,-1.1442850364988582,-1.136594909704138,Low Value Inactive Customers
4263.332499962471,16,109.35385691231473,13,2,1,0.006994489056788079,-0.4496134643939093,Regular Engaged Customers
4487.374110980928,29,86.69560792048006,24,0,1,0.3885558676719117,-1.1596797257609794,Regular Engaged Customers
1787.5141492743078,14,85.00441610184379,97,4,1,-0.9596638391686755,0.5708639538272587,Regular Engaged Customers
1803.6225604172,12,118.82430658298284,331,5,2,-1.9146702684400365,2.069224048931213,At Risk Customers
1477.5821728184965,10,81.60592488889203,328,4,2,-2.015412043084039,1.521941432966043,At Risk Customers
672.7612331650663,8,20.67790659558324,79,1,3,-1.0350684687822165,-1.0013091387506081,Low Value Inactive Customers
364.1399408873095,7,24.460488492851056,145,1,3,-1.3349782703279365,-0.7254315733839913,Low Value Inactive Customers
19092.48412346284,81,125.40473183600054,3,1,0,3.002434113054021,0.28939969435750074,High Value Active Customers
524.9469416461234,18,77.46641487470508,318,1,2,-1.565860634769049,0.2607441673719691,At Risk Customers
15889.33518305359,64,135.15504981605756,6,2,0,2.2554116243135853,0.4634653532359874,High Value Active Customers
2678.909267704489,11,89.7178777429211,25,0,3,-0.14252328489676508,-1.3787701501026592,Low Value Inactive Customers
1271.3482364206875,21,50.12366797594095,13,2,1,-0.44180393384948685,-0.6651121649036458,Regular Engaged Customers
104.95521924437874,7,32.625093750534,140,1,3,-1.305130373391282,-0.7376515640107293,Low Value Inactive Customers
2359.499855072265,17,136.8900625540571,20,2,1,-0.0695191544683919,-0.418170303281177,Regular Engaged Customers
2954.572761618663,27,100.68384318204826,19,4,1,-0.20162157656701798,0.4299125222195918,Regular Engaged Customers
19050.949831051017,57,333.6797938856677,3,2,0,3.293148481589233,0.9909861440802602,High Value Active Customers
1997.6114678759536,7,106.62655214952606,273,2,2,-1.4555288050377684,0.5085794360779272,At Risk Customers
10515.737045891505,90,407.1118005771355,13,1,0,3.5145174113276916,0.757717951595754,High Value Active Customers
4728.11242204007,14,67.04779381739175,8,2,1,-0.1498029182924812,-0.573144941786344,Regular Engaged Customers
9513.174647251544,64,250.91438609682905,9,0,0,2.355359988483448,-0.3209702668927416,High Value Active Customers
422.0184387928976,6,31.97582353486725,75,0,3,-0.9152486324721022,-1.4328911862364322,Low Value Inactive Customers
9664.734825734931,63,292.01838680739,6,1,0,2.419474264938855,0.17604214864488824,High Value Active Customers
2481.895283932032,19,78.0550254408767,93,4,1,-0.8046142514829983,0.6082554478211177,Regular Engaged Customers
918.2981852754042,8,39.55591327169806,62,0,3,-0.7411879470164109,-1.434077104252736,Low Value Inactive Customers
11841.049763255538,55,206.3751699856956,10,0,0,2.2070304309499145,-0.4131353085542649,High Value Active Customers
4875.511421142766,26,74.36567160638666,26,4,1,-0.1745468256642462,0.463106482363591,Regular Engaged Customers
10064.22757105442,94,242.39659370879448,4,2,0,2.7569474501124507,0.752616392201853,High Value Active Customers
2706.3996919308684,9,77.25460334098236,336,4,2,-1.9657118114517216,1.585461940862083,At Risk Customers
689.2493182744687,14,113.1972692062375,340,3,2,-1.8046191593560441,1.2414221020514962,At Risk Customers
1604.231567123601,29,106.65753621714184,18,4,1,-0.26433216790856523,0.40496238054933675,Regular Engaged Customers
1883.4279743744296,16,112.26384115005683,358,4,2,-1.8433901624455418,1.795936507057425,At Risk Customers
11413.115275378244,86,318.97852275964465,13,0,0,3.262233935456734,0.13065580211285463,High Value Active Customers
10238.143619189912,34,440.3270071344585,3,2,0,2.4235896639818946,0.6993815582763371,High Value Active Customers
686.0328263935068,7,53.36578388002703,104,0,3,-0.8937325136669899,-1.2356284787775818,Low Value Inactive Customers
964.1167622531076,16,69.10477129127469,200,1,3,-1.123861987009769,-0.2744321645435331,Low Value Inactive Customers
4469.176803839209,11,131.87070571192328,28,0,1,0.20308929111160007,-1.193944927379488,Regular Engaged Customers
971.351514373128,13,91.40620882589072,339,3,2,-1.886920997569045,1.1865984854536058,At Risk Customers
14899.760690512683,82,459.85895885800494,7,0,0,4.155905503277945,0.545329738636983,High Value Active Customers
733.3173797147161,8,51.01384601612543,137,1,3,-1.1318868458042324,-0.6728816537172567,Low Value Inactive Customers
646.3806208468786,6,48.10162006139228,178,0,3,-1.2384103870204495,-0.9362003883170826,Low Value Inactive Customers
19143.645558687786,62,457.6869051583703,4,1,0,4.053333729147735,0.928939299282608,High Value Active Customers
1148.0305388619704,23,126.51908645557846,25,2,1,-0.13268041668444402,-0.4154267583451055,Regular Engaged Customers
3463.4527527292184,22,104.84997216514768,24,0,1,0.22526142322899684,-1.2181257177064508,Regular Engaged Customers
5248.817433917842,88,314.1342256062094,9,1,0,2.5718253906029807,0.2921383651524437,High Value Active Customers
1256.8357483005364,17,109.42907505617748,27,1,1,-0.20455471065761244,-0.9108884882236472,Regular Engaged Customers
2275.01001172828,18,110.98318054986945,21,1,1,-0.05347890050699371,-0.8845937417598695,Regular Engaged Customers
17055.081153486717,98,333.9064423796615,7,0,0,4.146899400300186,0.46781052019736313,High Value Active Customers
10516.746990788795,52,399.84649280343496,6,2,0,2.6267059111619373,0.7856742163460437,High Value Active Customers
398.2123063927457,8,28.629627167058164,141,1,3,-1.2774235825578861,-0.722580819932646,Low Value Inactive Customers
4119.381580604575,23,94.63523511976422,29,1,1,0.12578742339262533,-0.7726196162061233,Regular Engaged Customers
732.3703957769648,7,51.272954533797424,55,0,3,-0.7009005388081139,-1.4524670599792158,Low Value Inactive Customers
1182.968135250051,21,52.00263559258245,16,1,1,-0.33455402551436303,-1.0647869409691801,Regular Engaged Customers
19784.75681165901,39,388.20642455658594,14,1,0,3.313649423831565,0.6253771513834354,High Value Active Customers
914.3704424130516,17,60.22387552126184,189,4,2,-1.4623686742813815,0.9046232525716016,At Risk Customers
18380.698327656697,96,337.5532390231596,13,2,0,3.988680895959342,1.364478359084214,High Value Active Customers
5975.773894779193,65,208.383057006052,3,0,0,1.8685743381323654,-0.5792020875400062,High Value Active Customers
404.97458440487645,2,55.608600105446975,53,1,3,-0.9269000662873151,-1.0941424737882492,Low Value Inactive Customers
2490.754068049256,13,73.52355848019849,21,1,1,-0.29438259443953224,-1.0110402793098086,Regular Engaged Customers
2596.229584607562,18,103.15275375308686,201,4,2,-1.1401782988205378,1.1352069210519289,At Risk Customers
5471.437785301014,76,219.18378061678015,3,1,0,1.967042772110356,-0.061212163358994896,High Value Active Customers
11479.175279631738,62,142.70242637435376,14,2,0,1.7819442625213966,0.3263538257625361,High Value Active Customers
724.7355161588479,9,57.90752103857883,84,0,3,-0.7495647451229387,-1.2925524734909537,Low Value Inactive Customers
18639.80603118173,80,264.50204663414763,14,2,0,3.3731863757677907,1.06036745640651,High Value Active Customers
417.137451948689,6,25.714011492033546,79,1,3,-1.0787444360326808,-1.0169285113553492,Low Value Inactive Customers
1515.4794698937808,15,94.24099364806696,11,0,1,-0.10051247270301994,-1.4388009649100957,Regular Engaged Customers
352.0335965954405,6,55.54636321061594,115,1,3,-1.1015035170981318,-0.7905307617226314,Low Value Inactive Customers
1150.5914949630733,17,118.73875993875473,141,7,2,-1.3533969877566134,2.0873693037154166,At Risk Customers
4179.238194999718,14,100.9724246751698,29,0,1,0.09775527319149208,-1.248834747411495,Regular Engaged Customers
3474.4455128607374,18,76.48954472367333,12,1,1,-0.048019424191413404,-0.9601983206871327,Regular Engaged Customers
2276.4018929730228,26,60.910963176574974,13,3,1,-0.31578289593615233,-0.14148984870321699,Regular Engaged Customers
4777.065956453735,17,149.33369373586285,19,4,1,-0.014034832788777124,0.5296921844298441,Regular Engaged Customers
2590.3775918511774,16,112.79500527726358,27,0,1,0.04083600261996145,-1.2733503735017795,Regular Engaged Customers
4448.170603957254,28,59.048169528705074,27,1,1,0.11340029584108781,-0.8099330386128438,Regular Engaged Customers
12083.223877429238,93,461.2604234706505,4,0,0,4.118558332910974,0.5233215567989437,High Value Active Customers
1269.4895792018642,11,92.48440175805632,230,5,2,-1.6941695652600064,1.5355931395596318,At Risk Customers
13524.629050032074,60,311.93600927244665,6,2,0,2.704469137782713,0.7621893983103774,High Value Active Customers
2261.161351322441,11,114.90746587943931,8,4,1,-0.48622933633705473,0.2469286955672678,Regular Engaged Customers
16333.267078145733,52,126.49439114074634,5,0,0,2.264046759847825,-0.4788030556291182,High Value Active Customers
13140.441247373728,84,196.43393293185272,13,0,0,2.8635423218264897,-0.11541060804365845,High Value Active Customers
7424.430711419207,75,378.7845849465686,5,1,0,2.818818618521709,0.40023811657764025,High Value Active Customers
1665.7743903504254,17,101.87048382257998,356,4,2,-1.8814066669818588,1.7625108598265427,At Risk Customers
970.4139537332534,2,54.62308582498209,54,1,3,-0.8795901537999627,-1.0700556618987678,Low Value Inactive Customers
2075.97361774039,13,137.61051925980425,16,3,1,-0.2786088054108891,-0.06668459943681256,Regular Engaged Customers
1539.4377588083048,15,44.28115703304346,283,1,3,-1.5286368862512203,0.04105598589523283,Low Value Inactive Customers
2711.092534943449,20,115.46930814313482,25,3,1,-0.20695894522673142,0.006168900534434899,Regular Engaged Customers
730.1674652061886,7,115.93605545447132,236,6,2,-1.8706851950268175,1.9755415616795275,At Risk Customers
985.1693254437,8,38.50702420261574,162,0,3,-1.1417848693356079,-0.9980798904069385,Low Value Inactive Customers
347.25837296756754,6,43.80526699622726,132,1,3,-1.221034181035332,-0.7449543498144564,Low Value Inactive Customers
1384.47289684109,19,41.26585375974567,362,3,2,-2.0342854220146283,1.2353211018304857,At Risk Customers
14113.172778521575,36,264.4826883488745,8,0,0,2.306487034518507,-0.3616850624470915,High Value Active Customers
17258.333003018237,52,343.0220889174292,2,0,0,3.300422009873565,0.06697298370697023,High Value Active Customers
193.8023225275129,3,34.40201863603913,138,0,3,-1.2412774904575925,-1.1880040592045353,Low Value Inactive Customers
1421.1222997914474,18,57.57654323131203,94,7,2,-1.3810741545380218,1.7543148522011724,At Risk Customers
998.175841167002,16,56.04423822762132,272,6,2,-2.066309780710614,2.078393622680027,At Risk Customers
1410.038911962717,29,90.9477853005204,8,3,1,-0.19095705697441484,-0.0979764665727872,Regular Engaged Customers
702.8729463405979,9,64.48411708182304,159,7,2,-1.864778007817642,1.9462326534714254,At Risk Customers
708.8858437767244,12,69.69356128156251,152,6,2,-1.633244036731321,1.5413698787323735,At Risk Customers
4402.326916376967,23,84.10900244742206,7,3,1,-0.04302541637824453,-0.0552032906188202,Regular Engaged Customers
985.699287132848,8,36.30336834295268,74,0,3,-0.7969004467549817,-1.386983669063111,Low Value Inactive Customers
1010.7909584974255,7,96.32666170570712,262,1,3,-1.4327255032806476,-0.016648331080456567,Low Value Inactive Customers
374.27598584752,5,52.90139177536787,120,0,3,-1.031060727615337,-1.1969740079393576,Low Value Inactive Customers
2671.067128669335,15,74.60696587979982,25,3,1,-0.48767329199412274,-0.13849129449386896,Regular Engaged Customers
923.5810615663388,2,54.7987663859074,133,1,3,-1.2015296109809321,-0.7270899175167462,Low Value Inactive Customers
2357.2037341698474,10,75.07653722004625,281,1,3,-1.4080886019774506,0.09419211139395571,Low Value Inactive Customers
12944.758675340096,86,299.29907913957607,2,0,0,3.372261197936292,0.09508176024576286,High Value Active Customers
4935.9105918393125,20,103.2481192559426,21,4,1,-0.14474444340419776,0.46004597658191904,Regular Engaged Customers
10801.03019450806,38,291.8328407017001,9,1,0,2.0150987815178487,0.010817994422898306,High Value Active Customers
3466.601258082952,19,132.5200767415568,17,3,1,-0.04710732977863896,0.03310192162062179,Regular Engaged Customers
16583.67153944986,59,451.2882669916769,5,2,0,3.589769880154848,1.2049258436749752,High Value Active Customers
203.43969735361011,4,35.092722158527714,177,1,3,-1.4941760865153217,-0.5932294380493683,Low Value Inactive Customers
457.3135371134725,4,30.70370706911886,138,1,3,-1.3311054236940898,-0.763905496346275,Low Value Inactive Customers
517.5382391310995,2,45.04937285684255,164,1,3,-1.4082917047274874,-0.6313656912308551,Low Value Inactive Customers
1171.3343901690182,17,89.48216469745485,316,7,2,-2.1821068303383853,2.7804071842305635,At Risk Customers
111.1636326495833,4,25.353134519987726,63,0,3,-0.9662921783576676,-1.5311233932859591,Low Value Inactive Customers
619.8340292930418,8,58.56115388662055,37,1,3,-0.7078601378129646,-1.095014388341396,Low Value Inactive Customers
1172.1337859554835,6,90.4464753266474,281,5,2,-2.0185152625550877,1.7047282029379585,At Risk Customers
570.9966680752672,3,39.02184149947307,140,0,3,-1.192336948305103,-1.153386807211703,Low Value Inactive Customers
3718.58913077228,25,69.71541265728774,17,4,1,-0.29221083143396814,0.35852601834016284,Regular Engaged Customers
2693.6751166362046,10,57.29816073022238,218,2,3,-1.3178963571264104,0.20363715399974017,Low Value Inactive Customers
2919.7553388684937,14,88.6460841159147,7,1,1,-0.1105247884160132,-1.0098997890644401,Regular Engaged Customers
2340.475417036568,26,133.1863113251422,23,3,1,-0.03820091362879047,0.07907564659227938,Regular Engaged Customers
2861.840646957699,15,76.23288562140885,172,5,2,-1.2936414130261125,1.341352055461054,At Risk Customers
768.873878858443,9,40.44516556948919,177,0,3,-1.1949623950282788,-0.9275793266580308,Low Value Inactive Customers
4876.410520563246,28,92.4527425196362,10,4,1,0.00818692607472693,0.45483883297458816,Regular Engaged Customers
5611.627123321458,46,325.5860368075346,5,1,0,1.8275884153791313,-0.05689790336408492,High Value Active Customers
1085.0776434015486,15,51.46670570462638,11,1,1,-0.4471221418880923,-1.1450504542968838,Regular Engaged Customers
456.37342539620937,5,41.3354651506145,161,0,3,-1.2379322655821712,-1.0429587953335324,Low Value Inactive Customers
4190.236402548753,10,77.77526237492611,17,4,1,-0.5130224268177191,0.2630545372899046,Regular Engaged Customers
2508.8441486565084,13,113.78939877360824,165,3,2,-0.9386863283774468,0.5422491087834533,At Risk Customers
15944.09267507096,30,413.8673055777238,4,2,0,2.785908456638479,0.8273858254493789,High Value Active Customers
3598.586595969474,28,132.317401559566,25,3,1,0.11393286062947522,0.15266635991421165,Regular Engaged Customers
3483.6620710699085,14,147.41646286280155,8,2,1,0.07429867948773346,-0.42779263758430175,Regular Engaged Customers
194.9263299609675,3,55.21259048595708,86,0,3,-0.9420838619446054,-1.3644001375372248,Low Value Inactive Customers
10552.380503831666,35,440.2909840065819,3,2,0,2.4744528059882094,0.7204712823654543,High Value Active Customers
2071.0661415364675,10,91.72803551589296,235,2,2,-1.2991386884061464,0.336512839617892,At Risk Customers
227.7747907848945,2,53.13877197796468,35,1,3,-0.8824888964660261,-1.185497042659211,Low Value Inactive Customers
10115.995265753878,45,323.09690638017497,9,2,0,2.1035010522699475,0.5355760992614953,High Value Active Customers
872.3593478414476,2,45.06370044372841,113,1,3,-1.1679987477700904,-0.8397754024550137,Low Value Inactive Customers
691.1020942518646,3,44.936238326377605,155,1,3,-1.3353511423175328,-0.6551942476193859,Low Value Inactive Customers
591.9833981690097,9,39.05747945375167,123,1,3,-1.1208204406017306,-0.7594062738631635,Low Value Inactive Customers
2039.0151350413048,15,136.92596246510527,27,1,1,-0.04939235912526556,-0.8317143160846492,Regular Engaged Customers
9880.995472389017,46,182.03102405978365,4,1,0,1.6325031936530767,-0.2408745295285971,High Value Active Customers
793.8782503755499,6,108.34086311978686,235,2,2,-1.4335912399835191,0.29111729827060523,At Risk Customers
10376.98592816409,52,223.11089590841976,10,1,0,1.9549470264700999,-0.042816600397562986,High Value Active Customers
1572.3608335753606,17,70.12242302314387,348,5,2,-2.1151479738929093,2.061179964426514,At Risk Customers
16411.775729253462,51,343.2351398167541,8,0,0,3.1738341698847545,0.051653668831522205,High Value Active Customers
4440.489588756818,15,98.46015870188648,11,1,1,0.08529459675816027,-0.9004261386048962,Regular Engaged Customers
4748.913948945805,17,92.26891133961897,18,1,1,0.10099625766771521,-0.855016874851872,Regular Engaged Customers
4543.910992944749,10,88.04197042327976,11,4,1,-0.4098406935142785,0.2755103614719778,Regular Engaged Customers
133.04922625073905,6,48.52827533130471,69,0,3,-0.8481457184738458,-1.4303869604883057,Low Value Inactive Customers
249.3594057662065,5,42.94115805822293,133,0,3,-1.1386191686827098,-1.169232370609441,Low Value Inactive Customers
1695.580996877949,19,102.6499194153781,17,1,1,-0.11012592886074744,-0.935908835650668,Regular Engaged Customers
2882.0375425062653,10,94.96313204659845,255,6,2,-1.7656743129451709,2.1185416361119143,At Risk Customers
4872.773711658887,17,107.30414289308492,12,0,1,0.3220595271618248,-1.2538676190502978,Regular Engaged Customers
554.6860962189744,7,43.09116116932525,55,1,3,-0.8735537248220592,-1.0653316994574284,Low Value Inactive Customers
2346.807876816416,17,95.29694475092325,335,2,2,-1.518402216987664,0.8540613226197442,At Risk Customers
175.11767649044498,7,35.46162027292112,88,1,3,-1.0766285007914582,-0.954736908836884,Low Value Inactive Customers
4778.928089165642,20,142.96058774219892,21,1,1,0.37076124393621046,-0.6917254349711521,Regular Engaged Customers
2922.346309306592,17,113.20154860204184,12,2,1,-0.08408867171991329,-0.48822106740302135,Regular Engaged Customers
823.2431818973816,4,39.69301920004728,135,0,3,-1.1243867575086708,-1.1548092750157513,Low Value Inactive Customers
2166.650314837213,11,69.17824555918605,23,1,1,-0.3932826521657965,-1.0432649376988017,Regular Engaged Customers
4033.0527837160894,24,75.70472664320799,20,3,1,-0.1477700211850994,-0.024368001712056074,Regular Engaged Customers
15682.688320213038,37,290.6477936505648,7,0,0,2.5977165788299317,-0.23262942916439214,High Value Active Customers
4988.498000630845,29,84.16745018969209,13,4,1,-0.008460446095168828,0.4611893734844108,Regular Engaged Customers
1518.0596851312166,26,80.2060501834795,25,2,1,-0.23555740556262345,-0.4860837877853818,Regular Engaged Customers
2141.8901586863926,19,77.54281818606323,238,1,3,-1.0643331730883132,-0.015695391582259487,Low Value Inactive Customers
754.003892863291,3,48.55810530026359,84,0,3,-0.907756379361493,-1.3673240964722162,Low Value Inactive Customers
2980.586108055897,27,75.68838476457148,9,4,1,-0.26654423889365225,0.3270003229751164,Regular Engaged Customers
5871.254182522992,83,130.1738188359077,11,2,0,1.6114273789174236,0.25049758616210527,High Value Active Customers
2537.3065886387267,29,88.00745089372053,22,0,1,0.21056563967852177,-1.2414719240183731,Regular Engaged Customers
1392.2149379277755,9,115.23353658405976,264,5,2,-1.7611999890497283,1.7257352183722023,At Risk Customers
15602.860157714256,48,108.87389681212063,14,0,0,1.9995408471755147,-0.5462265794293323,High Value Active Customers
3385.079513928212,24,142.5674830880712,13,0,1,0.4646884558840918,-1.1603100193449143,Regular Engaged Customers
778.5657132371056,8,44.9913545115761,65,1,3,-0.8634917181374315,-0.9995092167196373,Low Value Inactive Customers
18071.908852815766,30,284.0476635934288,8,1,0,2.5392945429077,0.20080182459646825,High Value Active Customers
1120.9406509245005,5,89.51932517588705,155,3,2,-1.3004980895721365,0.3146796863230008,At Risk Customers
7798.550883290538,33,260.1201955641126,10,1,0,1.4785794933169931,-0.22321744453887274,High Value Active Customers
1628.2352825731373,7,100.29872563424036,111,7,2,-1.4664145033862084,1.8418442316886772,At Risk Customers
2016.829311793591,14,93.54468873295032,339,7,2,-2.234473163006133,2.896856661175559,At Risk Customers
3157.965169501349,10,82.83812278850812,11,2,1,-0.3286792518511767,-0.6189021669288264,Regular Engaged Customers
1901.695737347375,7,43.63620003486368,195,7,2,-2.0220058619713095,2.0819235234679634,At Risk Customers
374.7796090270581,4,58.20460829166806,147,1,3,-1.2569125288279395,-0.6615141859334004,Low Value Inactive Customers
14937.83426530973,87,292.14803274654184,8,1,0,3.413412868599991,0.6046202289904508,High Value Active Customers
2221.5790732696887,10,58.13929475255557,360,4,2,-2.172277136568206,1.6338745185700618,At Risk Customers
919.6931454795237,2,43.434591538140765,103,0,3,-1.0101851410947122,-1.2992814881459007,Low Value Inactive Customers
382.9151018653736,4,47.50888169722243,44,1,3,-0.8874887721754485,-1.1360072514939195,Low Value Inactive Customers
912.6054956727884,9,31.04678231283598,123,0,3,-1.0039149383296415,-1.1800411204600976,Low Value Inactive Customers
692.4486676624157,15,108.88362396026496,193,5,2,-1.4507126388635205,1.4268959366293574,At Risk Customers
1706.1121280220332,17,129.97810954240217,20,4,1,-0.4033798095411309,0.36726469996101097,Regular Engaged Customers
1524.1776334399815,7,110.03245000974674,336,5,2,-2.100810582197546,2.014415653782635,At Risk Customers
3893.68045475434,16,97.2891965633182,28,2,1,-0.14174652092736933,-0.4278017858714666,Regular Engaged Customers
1261.4253631957697,10,79.68692745602809,8,1,1,-0.39670128785963577,-1.1275669227095075,Regular Engaged Customers
1307.8128065168366,10,137.78911590413276,11,1,1,-0.15376691746586119,-0.972420201525307,Regular Engaged Customers
3633.807338633702,23,51.58210917655824,28,4,1,-0.4632573519377537,0.341606815319473,Regular Engaged Customers
2866.834322308489,15,56.33332473345944,317,3,2,-1.7229344659936991,1.097921958911525,At Risk Customers
3774.7289031259543,14,132.52861082328968,22,4,1,-0.2574706092141018,0.43634179690464997,Regular Engaged Customers
2400.5010366669203,15,68.52284465474096,13,3,1,-0.4921789695808137,-0.21606598206566494,Regular Engaged Customers
12539.556396577882,87,319.4412471752613,3,0,0,3.435354222481903,0.14111226510972205,High Value Active Customers
413.14727042395,8,31.784775853847727,122,0,3,-1.065933555053205,-1.211036959697363,Low Value Inactive Customers
17738.351157412668,65,179.80277093532789,4,0,0,2.897650177275295,-0.1839598271667188,High Value Active Customers
4298.723863700597,10,64.17743935271018,12,2,1,-0.3010037027934174,-0.6149893889819569,Regular Engaged Customers
647.1146926816334,4,32.474554316675324,76,1,3,-1.0551714400265344,-1.0224773691810822,Low Value Inactive Customers
2093.038107992837,21,128.62759567570944,16,0,1,0.2051244334900721,-1.2580703701661058,Regular Engaged Customers
1931.8378990145352,29,109.64854749854216,24,3,1,-0.12347536454982638,0.03731303643543186,Regular Engaged Customers
3998.607326971699,21,117.15584436130374,17,1,1,0.2190537747833896,-0.7930699335267151,Regular Engaged Customers
2561.858093367519,14,47.88663416179298,356,5,2,-2.2063218537265783,2.0543894256300144,At Risk Customers
726.3092063519222,3,24.99283255867393,153,0,3,-1.2898867099381404,-1.1245110337425683,Low Value Inactive Customers
3530.4875725357924,10,125.48378199408478,21,3,1,-0.26841472687201545,-0.043969370180916144,Regular Engaged Customers
12427.653651669054,61,320.635149017628,7,1,0,2.7701505873058143,0.3397185747859364,High Value Active Customers
157.2768183579781,9,55.67488579242939,30,0,3,-0.5975411299107435,-1.555521502677602,Low Value Inactive Customers
2704.725208943892,10,88.09095255109872,29,0,3,-0.18323235583950276,-1.3731427135421779,Low Value Inactive Customers
6522.073142990482,38,466.9582452342127,13,2,0,2.2133304408915864,0.6975390885247568,High Value Active Customers
1048.8848080745047,10,87.11464599564513,297,2,2,-1.6691513538638376,0.5556798911099886,At Risk Customers
111.34676797818314,3,54.15847867821689,78,0,3,-0.922631892718163,-1.405085550018299,Low Value Inactive Customers
2025.0185426987143,16,45.58405236917032,253,6,2,-1.93395383849999,2.01046532333305,At Risk Customers
2478.895506478425,14,103.68059219418268,303,2,2,-1.4008152007777448,0.7132969943464513,At Risk Customers
1764.0853835548971,14,103.97743308949757,252,4,2,-1.5042887126908542,1.2914157346836177,At Risk Customers
9368.437102970627,38,234.26402591878528,10,2,0,1.5021710334684366,0.23403235228152328,High Value Active Customers
12781.85932615049,72,232.03980532406217,8,0,0,2.7603718582988317,-0.17196866768365773,High Value Active Customers
16569.055200289185,84,290.4842787156057,6,1,0,3.5142647374548446,0.6289871361620656,High Value Active Customers
2185.2324818239604,17,132.2393418817058,28,4,1,-0.37874544339196187,0.42632826133095053,Regular Engaged Customers
16777.639420895204,79,244.1380380821073,9,2,0,3.10235329025411,0.9077188831091523,High Value Active Customers
872.5075091192087,9,40.123358031193455,73,0,3,-0.7674068160276661,-1.377655798821292,Low Value Inactive Customers
1366.3104198817955,5,86.3072134428474,145,5,2,-1.4897945784054465,1.1005926252685452,At Risk Customers
16698.133187864358,87,436.9256141192727,7,0,0,4.334475054666935,0.6047354699827855,High Value Active Customers
13231.006840498792,34,389.1584386487103,12,0,0,2.7008295580019257,-0.09555943483685571,High Value Active Customers
2468.467566880832,14,69.24765608031734,126,6,2,-1.317248883904478,1.5135312655329778,At Risk Customers
522.6354039509274,16,80.12605599343587,133,7,2,-1.5694860288965429,1.9258450661979298,At Risk Customers
16626.992350416716,78,327.63258766629906,6,2,0,3.439405233858253,1.0814120824059987,High Value Active Customers
2690.798582855779,8,95.88245001673096,328,4,2,-1.8748646998856864,1.5860543270428749,At Risk Customers
9877.749830401206,77,268.21431146603004,13,1,0,2.5914103843698437,0.2818985928520375,High Value Active Customers
1654.4952847666768,15,73.90553321972656,18,2,1,-0.44252574682770823,-0.6242754578085881,Regular Engaged Customers
520.79985556798,17,87.52662244557699,300,3,2,-1.7103900939024879,1.0251762605710772,At Risk Customers
867.0374869520633,5,48.27905949822865,128,1,3,-1.1546755191116442,-0.7401610919163831,Low Value Inactive Customers
15163.465427634235,42,135.68173148482248,5,0,0,1.9873750523431832,-0.5912718280594278,High Value Active Customers
984.6576698422316,5,105.42850445240236,334,7,2,-2.4457316602575365,2.7833732924079913,At Risk Customers
14546.156168956706,91,309.4409104060045,3,1,0,3.550095970852843,0.6448200058996214,High Value Active Customers
1006.581585338358,5,94.83162747568043,327,5,2,-2.221233629013378,1.900470877274456,At Risk Customers
18722.965853306727,67,142.67970004537443,8,1,0,2.7386510974580047,0.21397337735295688,High Value Active Customers
2912.53842363618,11,90.53148120663133,157,7,2,-1.4869727626884361,2.1045636278998643,At Risk Customers
491.1363647728406,3,48.52184202537275,51,0,3,-0.8008791763146438,-1.5215406786728196,Low Value Inactive Customers
1831.2601660399544,19,88.79532468768414,160,2,3,-0.8522159357069191,0.07314216096093049,Low Value Inactive Customers
1097.6031262261522,16,104.56868884954734,8,3,1,-0.42461942298874394,-0.19289637554602487,Regular Engaged Customers
199.6485339936841,9,59.15924460699236,110,1,3,-1.0203936801957703,-0.7828894462284168,Low Value Inactive Customers
15378.4279653904,58,428.344589261341,2,1,0,3.4842596435410003,0.6666190980950506,High Value Active Customers
18478.31282790619,42,498.90221390735775,8,1,0,3.7469268406128267,0.8420324027735051,High Value Active Customers
1304.523437961201,12,70.61861645184264,5,0,3,-0.25930093001651666,-1.5569001276642562,Low Value Inactive Customers
1524.9795107295504,11,132.9332405141284,15,1,1,-0.14932839395922531,-0.9493238575973144,Regular Engaged Customers
276.4879414645536,5,44.3100848901089,75,0,3,-0.8965149134091609,-1.4176977825933879,Low Value Inactive Customers
614.59511684349,7,45.30847514994404,134,1,3,-1.1761994902342439,-0.7132643321665526,Low Value Inactive Customers
13328.012173991934,45,197.7412621858618,11,0,0,2.1106810025531346,-0.4603945934752101,High Value Active Customers
11261.165047231683,72,112.72187259406606,11,0,0,2.0844743273049344,-0.5063722568468934,High Value Active Customers
846.3581193850799,4,39.75256161827715,88,1,3,-1.052530678655737,-0.9448091616141363,Low Value Inactive Customers
7418.319308810066,81,183.6523164314057,10,2,0,1.9578026566834654,0.41793516288809396,High Value Active Customers
13886.218532930638,42,112.92638044386018,8,2,0,1.5118133773469045,0.14460482036519892,High Value Active Customers
17992.642186624027,87,166.48617276370118,9,0,0,3.2879271793417226,0.011237499711080548,High Value Active Customers
2831.776270331904,14,77.99607722109985,238,3,2,-1.3350368737254161,0.7955802776842393,At Risk Customers
974.3794218109456,4,55.2062695168594,176,0,3,-1.2077447466536433,-0.9327271524869092,Low Value Inactive Customers
5104.281957967861,90,238.0330511289547,8,0,0,2.393777621271542,-0.29762622823773127,High Value Active Customers
9346.27179370652,63,238.9653632901657,14,0,0,2.2471853670512463,-0.34343530737872807,High Value Active Customers
2094.5066651266634,14,72.73573000960988,27,1,1,-0.3407620481708753,-0.9933878688723448,Regular Engaged Customers
7939.742936287178,89,376.6857588675648,4,2,0,3.0263275679187513,0.9492680760250689,High Value Active Customers
18506.27085744996,87,190.1331190850113,11,2,0,3.1924614763404677,0.9247845530175187,High Value Active Customers
763.483045269513,7,40.25127248384977,273,2,2,-1.862963248766776,0.30010294135650534,At Risk Customers
265.8023553142235,3,54.54190090058181,104,1,3,-1.1304024501725338,-0.8709508878064303,Low Value Inactive Customers
916.4755276352467,3,29.295372922241917,72,1,3,-1.046418427262302,-1.0459484507002612,Low Value Inactive Customers
349.21403864002804,3,25.951838776204625,148,1,3,-1.4226080755392887,-0.7449022382965715,Low Value Inactive Customers
556.670744846028,3,20.77310523670404,83,0,3,-1.04289769235208,-1.4464698221474181,Low Value Inactive Customers
18422.41025641473,71,114.72874705439656,7,2,0,2.5532409578893684,0.5797886309314129,High Value Active Customers
3320.344831351245,13,140.58911047877604,5,0,1,0.26060183623700356,-1.300292436947104,Regular Engaged Customers
513.3386774558926,8,25.377405176324874,50,1,3,-0.9137144030726675,-1.1226129187064509,Low Value Inactive Customers
213.63826740805249,4,53.836857587109286,97,0,3,-0.9703381252813251,-1.3101477429496575,Low Value Inactive Customers
809.6026089279688,4,22.91607341471614,127,0,3,-1.1658340040489885,-1.2307144376663397,Low Value Inactive Customers
2344.793483385063,12,82.3905008870821,129,4,2,-1.0852525182274961,0.7080521355212771,At Risk Customers
586.6286289804193,8,30.85637521786857,170,1,3,-1.366071364244644,-0.5834238846564934,Low Value Inactive Customers
11422.762224759714,74,473.17522683998186,14,0,0,3.6822972306201405,0.40092122384738305,High Value Active Customers
7980.735223012586,48,402.7996528688915,11,2,0,2.2894933815246192,0.6798851926890246,High Value Active Customers
1343.0164389143802,5,40.51481691974366,235,1,3,-1.5721882862595982,-0.2738657196097128,Low Value Inactive Customers
886.8002722166582,9,24.97473596002041,99,1,3,-1.0559078709348675,-0.8864945553309669,Low Value Inactive Customers
839.892844540203,5,42.77509444729131,41,1,3,-0.8307643217308328,-1.1337544772039578,Low Value Inactive Customers
2200.2797136174318,19,76.28631999382674,186,1,3,-0.8546319031501982,-0.2431213658046604,Low Value Inactive Customers
789.4582988817723,9,22.00904045855895,154,1,3,-1.29971784907475,-0.6577061963654862,Low Value Inactive Customers
4851.9680154359785,21,146.16657359548134,22,0,1,0.5277803743420653,-1.0817130596473088,Regular Engaged Customers
968.0289885107304,8,35.805509730572744,146,1,3,-1.210609027319031,-0.6611850881098418,Low Value Inactive Customers
1745.753048577018,21,79.527828922031,12,1,1,-0.14447506304722396,-0.99377626396674,Regular Engaged Customers
1497.5882941060868,8,86.75998364246323,114,6,2,-1.4096508440802642,1.412190564269071,At Risk Customers
1529.895237585255,17,58.96677668138721,290,2,2,-1.5741191276651887,0.538262178354719,At Risk Customers
521.8911689180552,2,45.182307875669466,158,1,3,-1.3831318156364933,-0.6570294944620562,Low Value Inactive Customers
4073.0936554580726,18,102.66237972689596,6,1,1,0.14780855480657673,-0.8997683390683675,Regular Engaged Customers
938.5783474895348,6,40.634476108493125,52,0,3,-0.7345360088768804,-1.4920544040711778,Low Value Inactive Customers
4697.5847815061215,15,81.81115536181196,22,3,1,-0.24532631117494885,-0.05494864442363586,Regular Engaged Customers
2331.002622645948,18,88.30807860322224,102,6,2,-1.0714533049766692,1.4851128207288231,At Risk Customers
8627.784363506775,68,232.1393925123656,11,0,0,2.2598508757340756,-0.35662481455268497,High Value Active Customers
6154.698647431895,98,348.3222737688365,11,2,0,2.881554705356402,0.9215456573849252,High Value Active Customers
9963.470372789738,87,416.7271357878532,1,1,0,3.48960959315713,0.6803540144826499,High Value Active Customers
1130.1047179650077,10,81.7531447876737,29,2,1,-0.6051783062260979,-0.6223386400539479,Regular Engaged Customers
2341.3380708369814,6,115.89955161197688,275,5,2,-1.7697023238258764,1.7857274165570276,At Risk Customers
1347.9470396456404,24,92.3944812913302,21,3,1,-0.3438087525111691,-0.08469861905316951,Regular Engaged Customers
2919.5024812156357,17,141.423651595147,9,2,1,0.04936472547847316,-0.433282987624751,Regular Engaged Customers
5231.849247933012,87,398.3898102194872,2,1,0,2.941404873954609,0.4554584370696109,High Value Active Customers
5515.827816728276,92,165.93370445480036,2,1,0,2.0679410860982284,-0.050120361185062766,High Value Active Customers
1961.122274393565,17,52.44571494954418,292,4,2,-1.8077266262753202,1.3757636034861855,At Risk Customers
1481.8268581785403,5,81.10805876612784,232,7,2,-2.0909911522805467,2.299469461036493,At Risk Customers
2059.121945725665,10,68.99450580926633,117,1,3,-0.803263279750642,-0.6470437270616749,Low Value Inactive Customers
514.3224440817337,5,56.244440085299885,37,0,3,-0.6686843590185884,-1.545237996892944,Low Value Inactive Customers
2075.6180486403946,15,64.19832233343413,326,6,2,-2.1628034137375582,2.3667040951962592,At Risk Customers
3262.927855983164,13,117.5841245087376,15,1,1,-0.004390080534024496,-0.9006460060072161,Regular Engaged Customers
666.4118197855571,14,84.51649646603651,291,2,2,-1.6132786210474648,0.5438644898703959,At Risk Customers
8431.972482374336,39,118.34450656185318,4,1,1,1.0746386531500054,-0.5135001476473258,Regular Engaged Customers
1127.232614227756,18,44.3512598817849,303,7,2,-2.30850999224524,2.6219615110049466,At Risk Customers
334.2581718094027,9,31.811619761917733,136,0,3,-1.1098158851732136,-1.1441372234632101,Low Value Inactive Customers
2234.873976275392,12,108.3762760074558,148,4,2,-1.0605477051329117,0.8493068075000313,At Risk Customers
2569.974225626739,25,86.47982191445294,28,0,1,0.10252142214669979,-1.2532920708108437,Regular Engaged Customers
1357.644009249038,18,111.7351757412974,9,4,1,-0.4518535610239227,0.27054387277377945,Regular Engaged Customers
641.7310879136185,3,58.64190020514709,97,1,3,-1.0475886267249472,-0.8768702722198949,Low Value Inactive Customers
3527.2541080666733,24,55.23388757865083,20,3,1,-0.28573276039989776,-0.0935584635344124,Regular Engaged Customers
171.46592617872656,7,55.33859051944243,55,0,3,-0.738514054401353,-1.4645821705620325,Low Value Inactive Customers
2727.138837457867,11,115.111596803302,252,5,2,-1.541924507260775,1.743104113878589,At Risk Customers
2181.1512450625723,14,46.28462647389817,207,1,3,-1.1710327218010392,-0.2692054189452285,Low Value Inactive Customers
268.670749687824,3,40.41729956016929,34,0,3,-0.7892331331024544,-1.6239077415178458,Low Value Inactive Customers
352.61489396437685,6,25.464036146046904,151,1,3,-1.3760722184991232,-0.7061959137460361,Low Value Inactive Customers
4964.674504547906,22,121.76357859086296,25,1,1,0.32179928589801365,-0.7004130178574628,Regular Engaged Customers
8776.734437380463,75,304.6628054189045,12,0,0,2.72397960336073,-0.10913641150280497,High Value Active Customers
561.3892778305476,4,22.892659010317544,131,0,3,-1.2064410855395327,-1.2230386168307539,Low Value Inactive Customers
3784.0824722151688,24,113.79852057932976,21,2,1,0.1078530361013164,-0.35161884320571224,Regular Engaged Customers
3029.8709350433446,10,109.28119916534229,26,0,1,-0.04784785430686339,-1.322355962004139,Regular Engaged Customers
649.7020639681914,2,31.812059102873317,97,0,3,-1.0626669828763342,-1.3640482494214545,Low Value Inactive Customers
197.22317871762223,2,27.968610995762123,53,0,3,-0.9465489311120846,-1.5828189253182643,Low Value Inactive Customers
378.4354460765039,8,50.959655126110505,105,0,3,-0.9182407214119509,-1.240212402937,Low Value Inactive Customers
1124.5363315380455,22,82.25279778464152,25,0,1,-0.10609500012638279,-1.3597582051934545,Regular Engaged Customers
1013.3323467669996,6,70.33021267005176,289,7,2,-2.3928865702575233,2.5124984065489873,At Risk Customers
12628.560367470542,45,418.5887102695509,4,1,0,2.902169417663526,0.42869231780913203,High Value Active Customers
131.20324005383495,6,34.40935675201712,122,0,3,-1.1225919426181394,-1.2335066543286741,Low Value Inactive Customers
4774.463680670396,20,100.11529991820098,28,1,1,0.15744912543304418,-0.764812266736715,Regular Engaged Customers
163.83899452039608,5,50.70270514071673,113,1,3,-1.1529575349026375,-0.8271902807357987,Low Value Inactive Customers
4924.744712109694,22,69.03248628190678,19,1,1,0.11473171143418594,-0.8554191608457231,Regular Engaged Customers
9770.052124577958,53,449.72704194176686,13,1,0,2.88017765859138,0.5024627923476781,High Value Active Customers
898.7306563533957,5,71.65663708590341,165,4,2,-1.5595234406302785,0.720296545822084,At Risk Customers
2926.0894060502005,27,62.17619111252748,6,2,1,-0.07823126413138635,-0.5484906976885925,Regular Engaged Customers
995.893764572179,6,53.7084760864222,111,0,3,-0.9101083284729715,-1.2010639068381952,Low Value Inactive Customers
10085.446865730511,43,295.1239203234952,11,0,0,2.171445618197134,-0.36987280137342476,High Value Active Customers
3950.329206355566,16,89.43653238183502,10,3,1,-0.21746839967865333,-0.10917500143360222,Regular Engaged Customers
226.64037524388257,6,59.23949512650741,85,1,3,-0.9771157824885429,-0.917292582098574,Low Value Inactive Customers
12540.185348432922,36,338.91123290217223,14,1,0,2.3286100501572125,0.1964709601580308,High Value Active Customers
13036.620261121378,41,241.65866831725015,1,1,0,2.1111807534919538,-0.031096079191218838,High Value Active Customers
958.6054910085865,7,57.24006070940408,282,2,2,-1.8067890710501429,0.38797391667157227,At Risk Customers
410.7008285215229,3,33.49382187076371,86,1,3,-1.1344109024163593,-0.9945595159257921,Low Value Inactive Customers
2805.548097318702,12,84.63217685890035,12,2,1,-0.31936027113272275,-0.6062082039924053,Regular Engaged Customers
2633.8128522827947,11,65.29838008285627,19,4,1,-0.7077315538972461,0.18969486881619765,Regular Engaged Customers
1845.8298581392835,15,56.58183832541341,150,6,2,-1.5095610687321546,1.5721244301778063,At Risk Customers
201.3223513707433,4,25.71503845357647,122,0,3,-1.1934323309046033,-1.2695351875330019,Low Value Inactive Customers
5137.955774249444,71,330.399367122264,1,0,0,2.4409949154460087,-0.27278805419840013,High Value Active Customers
7092.407909780628,77,358.73934466748955,4,2,0,2.624137493910374,0.7661247990340514,High Value Active Customers
3328.681840705093,14,88.25262802440082,14,1,1,-0.10020744691456372,-0.964347983764922,Regular Engaged Customers
668.1767977827899,8,31.922088345577727,128,0,3,-1.0644303789536056,-1.1745798719390832,Low Value Inactive Customers
17125.960221746915,94,476.2127308541534,1,2,0,4.471100198750347,1.5800474274000698,High Value Active Customers
3554.103790656342,27,103.97326187599428,7,0,1,0.39948351427284384,-1.2463476786946108,Regular Engaged Customers
9179.696963549171,87,314.636258394933,9,2,0,2.8203618249762195,0.8519749501476839,High Value Active Customers
4711.009132780851,18,131.57486435042807,25,0,1,0.378561799024192,-1.1360436893065038,Regular Engaged Customers
2869.606044999479,27,103.226021333904,7,3,1,-0.03077991404602104,-0.03341506021892667,Regular Engaged Customers
17910.95874884515,62,428.7162547377797,1,1,0,3.8193559188055395,0.7977345760275509,High Value Active Customers
891.0810102540406,7,35.505952218225886,70,1,3,-0.9335790025454075,-1.005102959461887,Low Value Inactive Customers
2594.770937129509,10,81.03176444150475,95,6,2,-1.2097269415638596,1.3762173285934054,At Risk Customers
202.45455412894125,4,35.16376194687744,91,1,3,-1.1476883438721317,-0.9679831583449032,Low Value Inactive Customers
171.07224597174576,8,49.63616224608286,46,1,3,-0.8266851621878336,-1.0948715025290363,Low Value Inactive Customers
640.4401933685975,10,102.44448215097712,192,4,2,-1.4602766892756298,0.9466713296185162,At Risk Customers
2801.916521158393,12,40.696491765003486,289,4,2,-1.864279776742443,1.3227404183379692,At Risk Customers
480.29358548075015,5,44.13972384173515,113,1,3,-1.1501392341938643,-0.8306607441989955,Low Value Inactive Customers
1757.83118137885,12,111.19069811787892,330,1,2,-1.4683784198354226,0.3893170606469439,At Risk Customers
948.133139348202,16,50.53228710346068,287,1,3,-1.5557961615306382,0.05935574985345785,Low Value Inactive Customers
3115.748536108848,23,66.84443851427196,9,3,1,-0.2519734494732103,-0.13846135148299873,Regular Engaged Customers
2817.776572146068,19,64.93518628120331,275,5,2,-1.6808897283803805,1.79691404450264,At Risk Customers
8419.027438129126,79,489.2441397080417,14,2,0,3.317090061664919,1.1943964933958788,High Value Active Customers
1897.7622873466423,21,129.37438503805163,13,2,1,-0.038609266898824754,-0.4493144717743975,Regular Engaged Customers
8630.829072672506,53,124.93654500449658,5,0,0,1.5202846312155338,-0.7748100817151056,High Value Active Customers
604.396567882396,2,52.139309731875386,37,1,3,-0.857826986667159,-1.164466841442241,Low Value Inactive Customers
813.935215394429,4,51.768426501976215,33,0,3,-0.6625475737923462,-1.570656822777543,Low Value Inactive Customers
915.5289292891898,8,57.76168375301592,166,1,3,-1.2016560831200116,-0.5230536246367516,Low Value Inactive Customers
4068.753155724508,21,145.1478559665991,18,0,1,0.46250250634466844,-1.132229665269101,Regular Engaged Customers
14496.52185909902,68,246.14272786962303,12,1,0,2.7731848683181335,0.32481679367220867,High Value Active Customers
6110.669776011356,91,432.5485960250005,2,0,0,3.375469442148568,0.19400670663872063,High Value Active Customers
845.4243271934965,3,52.1774883071802,67,0,3,-0.8147174577738784,-1.4291183905608986,Low Value Inactive Customers
918.6641374929332,5,23.57158098102292,116,0,3,-1.0878679569271834,-1.263927635602808,Low Value Inactive Customers
4523.483036795714,16,90.11879140389829,15,2,1,-0.0583990307745174,-0.4771566785782822,Regular Engaged Customers
2296.849044633825,12,112.25526230675432,103,7,2,-1.2162965543180673,1.9064296606003155,At Risk Customers
3165.066314704441,19,58.87673941077685,19,3,1,-0.4022472759971151,-0.14773994559765077,Regular Engaged Customers
565.7017165795371,4,48.15428366537325,162,1,3,-1.3418643235421623,-0.6129235718497072,Low Value Inactive Customers
846.4551983729623,3,52.15834030210081,51,1,3,-0.8701927861729378,-1.0850380646277749,Low Value Inactive Customers
3733.181506426021,11,56.31090330791502,12,4,1,-0.6102157624793874,0.18046688818222753,Regular Engaged Customers
3430.9471795154363,23,102.24810405161185,8,2,1,0.05556624607427914,-0.4588673432949661,Regular Engaged Customers
505.31588101487137,9,20.5726111066824,37,0,3,-0.7428241704087993,-1.5961354811710402,Low Value Inactive Customers
9879.954961448966,82,399.9642997879888,1,2,0,3.1885847444980175,1.0060010920810887,High Value Active Customers
15263.495397682353,43,467.6706207342238,9,2,0,3.192457081128627,1.0680360502011441,High Value Active Customers
1968.9646777735047,13,41.99729776960457,273,7,2,-2.215756679565327,2.47395768398141,At Risk Customers
313.69012153732564,3,45.76596885903663,144,1,3,-1.3245839387684961,-0.7158973944160388,Low Value Inactive Customers
479.6453606849482,8,38.56380637814016,90,1,3,-1.021245305465533,-0.9177330086359903,Low Value Inactive Customers
548.0312572308612,3,59.75393555598793,36,1,3,-0.8063900667979487,-1.1437572041853674,Low Value Inactive Customers
1230.9577760304828,11,106.34513873006075,197,3,2,-1.2654993546670181,0.5960287093551733,At Risk Customers
242.1593405518132,5,51.6203917709954,108,1,3,-1.121170169401475,-0.8437087264715207,Low Value Inactive Customers
14630.474692314316,46,120.65419114980514,4,2,0,1.714905102903513,0.2104851076847696,High Value Active Customers
1569.003334258343,14,111.8590451162588,148,5,2,-1.1906544191269592,1.2632957932746063,At Risk Customers
708.5598058678906,6,44.544164569498335,128,0,3,-1.046308017071389,-1.1603142991402098,Low Value Inactive Customers
5082.831756854036,46,118.75858711648796,7,2,1,0.7560899816588246,-0.15429183076624378,Regular Engaged Customers
4486.147224609505,14,123.71802250072432,12,2,1,0.05458638339733925,-0.4283693011814084,Regular Engaged Customers
19548.647782429915,61,378.77002234552594,14,2,0,3.572658825237026,1.202805061985316,High Value Active Customers
3050.7540440660346,13,62.322265417216606,6,0,1,-0.107301376897884,-1.4954054601572424,Regular Engaged Customers
291.3799387339865,5,40.903063973469806,163,0,3,-1.2640685471694404,-1.04173494615891,Low Value Inactive Customers
3504.8812865256614,24,139.8261627292706,26,1,1,0.29238628329210414,-0.6917420830189858,Regular Engaged Customers
15923.245229177894,53,437.77626905345153,4,0,0,3.5896983943655463,0.2611170205816983,High Value Active Customers
14484.587458903692,91,112.18886109343768,7,2,0,2.5577499356409814,0.5975257793401307,High Value Active Customers
4032.953902816365,12,50.25840148449824,13,0,1,-0.11106346300119124,-1.4645036440018213,Regular Engaged Customers
574.6596599104087,7,53.87875416828242,131,0,3,-1.011184963307648,-1.1210475005797078,Low Value Inactive Customers
4991.73644213335,11,100.04453091307414,11,1,1,0.06580187934045785,-0.9106143781802751,Regular Engaged Customers
3733.035054638384,21,73.024616842787,16,4,1,-0.35301132513232736,0.3271553017536043,Regular Engaged Customers
1160.6906578965982,6,109.47286303531055,281,5,2,-1.9376254980839378,1.7502095397238873,At Risk Customers
1742.1020628124847,27,143.27307404762547,18,1,1,0.2265531629868473,-0.7605394716704506,Regular Engaged Customers
8869.124415727334,81,234.97873354876725,2,1,0,2.4737978334343986,0.1498499692222535,High Value Active Customers
688.8632970924657,4,35.013196316784075,61,0,3,-0.8598090124195558,-1.4939368172371352,Low Value Inactive Customers
9211.585436612835,32,155.52990937680815,14,2,1,1.0104892996296169,0.0019295942860198204,Regular Engaged Customers
822.3271116218316,6,31.49638385862319,33,0,3,-0.7088509532310007,-1.6014820979983244,Low Value Inactive Customers
18924.778438815883,73,263.4073171743668,1,2,0,3.307930217410445,0.9499592606914091,High Value Active Customers
2383.532227811827,24,61.98290020176464,25,0,1,-0.029450673096573066,-1.341684185081514,Regular Engaged Customers
4950.889558944126,16,145.46600300333074,17,3,1,0.09422371086465925,0.0957096037943954,Regular Engaged Customers
747.4182601322427,4,55.7236082078166,86,0,3,-0.8654414100465396,-1.3326749698149727,Low Value Inactive Customers
4514.519945420632,19,94.5790914577229,17,4,1,-0.2275589503721016,0.39631679014042115,Regular Engaged Customers
1324.1848636305915,28,67.84459652277721,23,2,1,-0.2595920961360883,-0.5144395039630876,Regular Engaged Customers
1427.7823460753195,13,49.154521488988685,269,2,2,-1.622408909890916,0.3834769515252255,At Risk Customers
455.11846803788177,7,20.396952845113425,114,0,3,-1.098811677422141,-1.2806499871844919,Low Value Inactive Customers
1585.052431771897,5,89.30515937863171,360,1,2,-1.8413925263495068,0.39826784214194305,At Risk Customers
2148.955966616327,17,102.12341324853344,27,1,1,-0.14834797722432624,-0.8936452892266618,Regular Engaged Customers
1883.0784511550412,10,77.97035384714792,26,3,1,-0.6553030609624103,-0.20127637554089703,Regular Engaged Customers
1177.7406344101644,15,99.8235479807498,358,4,2,-1.9865142540904666,1.7294252922073663,At Risk Customers
3789.8858466771344,15,140.5524792329674,24,4,1,-0.20931822516827375,0.4739130302741298,Regular Engaged Customers
12406.933945465862,45,136.40083642053213,4,1,0,1.6639909678039135,-0.26115950029546986,High Value Active Customers
1957.3151420106576,17,112.81704278942053,273,4,2,-1.4713624152602338,1.4385242366212885,At Risk Customers
2893.952537709544,13,110.5292511902398,326,2,2,-1.4432293229550786,0.8374257856232515,At Risk Customers
385.25192901200734,4,26.67812354988795,174,0,3,-1.3805776172457374,-1.0333436911183553,Low Value Inactive Customers
351.3484796089694,5,24.439923951652595,47,1,3,-0.9819839029485534,-1.1709600779758993,Low Value Inactive Customers
5696.756190799966,89,211.9054028675783,7,2,0,2.083457165430396,0.47688149702299343,High Value Active Customers
955.4779473275833,5,38.30798420637176,162,0,3,-1.2059453347634292,-1.0263946398972998,Low Value Inactive Customers
1668.1357843683008,21,58.96263391549421,15,1,1,-0.25283237637273365,-1.0333767006938845,Regular Engaged Customers
1316.856355075102,12,92.64660677993524,167,6,2,-1.5349351253930934,1.6859340240684497,At Risk Customers
903.072248325687,7,20.15279690634333,120,1,3,-1.199905773906782,-0.8237384943574937,Low Value Inactive Customers
2285.131808445317,13,110.76666343369502,176,4,2,-1.1379171358678994,0.9879892626727573,At Risk Customers
1015.6302845903816,15,89.22029226259312,149,5,2,-1.3265374114955022,1.2002624100684733,At Risk Customers
6702.102818608836,98,334.61417386430367,10,1,0,3.00022104019107,0.49166478902212224,High Value Active Customers
2160.5484624724204,9,55.258079007271576,338,6,2,-2.362077430807083,2.347406149645435,At Risk Customers
1625.6356153572258,19,116.28280782812072,231,2,2,-1.0398236317996892,0.44095582972123143,At Risk Customers
